Description,Max Score,Total Score,Query Cover,E value,Per. ident,Acc. Len,Accession  
"Bertia moriformis strain D4H25SX9FM voucher IRGN:LVLPEM49V6 74704, whole genome shotgun sequence",523,523,93%,2e-145,75.27,161650,"=HYPERLINK(""https://www.ncbi.nlm.nih.gov/nucleotide/JAOYNC020074704.1?report=genbank&log$=nucltop&blast_rank=1&RID=5VZH0SKS013"",""JAOYNC020074704.1"")"
"Metarhizium humberi strain ESALQ1638 Scaffold_0022, whole genome shotgun sequence",421,421,95%,5e-115,72.35,460548,"=HYPERLINK(""https://www.ncbi.nlm.nih.gov/nucleotide/JACEFI010000022.1?report=genbank&log$=nucltop&blast_rank=2&RID=5VZH0SKS013"",""JACEFI010000022.1"")"
"Uromyces transversalis strain FL11_1 FL11-1_247956, whole genome shotgun sequence",389,389,27%,3e-105,99.54,218,"=HYPERLINK(""https://www.ncbi.nlm.nih.gov/nuccore/PTJQ01247956"",""PTJQ01247956.1"")"
"Neofusicoccum sp. Z2 Neofusicoccum_Z2_scaffold_29, whole genome shotgun sequence",177,177,52%,3e-41,69.38,401492,"=HYPERLINK(""https://www.ncbi.nlm.nih.gov/nucleotide/JBAWJY010000029.1?report=genbank&log$=nucltop&blast_rank=4&RID=5VZH0SKS013"",""JBAWJY010000029.1"")"
"MAG TPA_asm: Lasallia pustulata genome assembly, contig: NODE_162_length_36056_cov_37.550040, whole genome shotgun sequence",169,169,52%,5e-39,69.21,36056,"=HYPERLINK(""https://www.ncbi.nlm.nih.gov/nucleotide/CAKZXC010000608.1?report=genbank&log$=nucltop&blast_rank=5&RID=5VZH0SKS013"",""CAKZXC010000608.1"")"
"Neoscytalidium dimidiatum strain ND8 chromosome 5, whole genome shotgun sequence",149,149,51%,5e-33,68.24,3925773,"=HYPERLINK(""https://www.ncbi.nlm.nih.gov/nucleotide/JAVSCG010000005.1?report=genbank&log$=nucltop&blast_rank=6&RID=5VZH0SKS013"",""JAVSCG010000005.1"")"
"Nemania diffusa strain NC0034 F4825scaffold_132_Cont149, whole genome shotgun sequence",149,149,50%,5e-33,68.09,116179,"=HYPERLINK(""https://www.ncbi.nlm.nih.gov/nucleotide/JAJKKP010000149.1?report=genbank&log$=nucltop&blast_rank=7&RID=5VZH0SKS013"",""JAJKKP010000149.1"")"
"Neoscytalidium dimidiatum genome assembly, contig: Contig_1611, whole genome shotgun sequence",149,149,51%,5e-33,68.24,44815,"=HYPERLINK(""https://www.ncbi.nlm.nih.gov/nuccore/FLVB01001611"",""FLVB01001611.1"")"
"Hypoxylon argillaceum strain CBS 527.63 GGS24scaffold_301_Cont348, whole genome shotgun sequence",136,136,50%,3e-29,67.51,38382,"=HYPERLINK(""https://www.ncbi.nlm.nih.gov/nucleotide/JAJJXD010000348.1?report=genbank&log$=nucltop&blast_rank=9&RID=5VZH0SKS013"",""JAJJXD010000348.1"")"
"Chaetothyriales sp. CBS 134920 NODE_6_length_407514_cov_50.4764, whole genome shotgun sequence",132,132,51%,1e-27,67.57,407514,"=HYPERLINK(""https://www.ncbi.nlm.nih.gov/nuccore/QQSL01000006"",""QQSL01000006.1"")"
"MAG: Seirophora lacunosa isolate LIQ71TLAC scaffold_81, whole genome shotgun sequence",129,129,57%,5e-27,66.74,143575,"=HYPERLINK(""https://www.ncbi.nlm.nih.gov/nucleotide/JALAHX010000081.1?report=genbank&log$=nucltop&blast_rank=11&RID=5VZH0SKS013"",""JALAHX010000081.1"")"
"MAG: Seirophora lacunosa isolate LIQ92SELA_2 scaffold_1434, whole genome shotgun sequence",127,127,57%,2e-26,67.11,8490,"=HYPERLINK(""https://www.ncbi.nlm.nih.gov/nucleotide/JALAIF010001434.1?report=genbank&log$=nucltop&blast_rank=12&RID=5VZH0SKS013"",""JALAIF010001434.1"")"
"Chaetothyriales sp. CBS 135597 NODE_1_length_1719772_cov_46.8698, whole genome shotgun sequence",122,122,51%,7e-25,67.16,1719772,"=HYPERLINK(""https://www.ncbi.nlm.nih.gov/nuccore/QQXN01000001"",""QQXN01000001.1"")"
"MAG: Caloplaca aegaea isolate LIQ143CAAG scaffold_369, whole genome shotgun sequence",118,118,56%,8e-24,66.37,15581,"=HYPERLINK(""https://www.ncbi.nlm.nih.gov/nucleotide/JALAIP010000369.1?report=genbank&log$=nucltop&blast_rank=14&RID=5VZH0SKS013"",""JALAIP010000369.1"")"
"MAG: Xylographa soralifera isolate Spribille 41478 xyl_sor_109, whole genome shotgun sequence",116,116,47%,3e-23,67.37,121395,"=HYPERLINK(""https://www.ncbi.nlm.nih.gov/nucleotide/JALEAA010000109.1?report=genbank&log$=nucltop&blast_rank=15&RID=5VZH0SKS013"",""JALEAA010000109.1"")"
"Monosporascus sp. CRB-8-3 NODE_749, whole genome shotgun sequence",113,113,40%,3e-22,68.34,47987,"=HYPERLINK(""https://www.ncbi.nlm.nih.gov/nuccore/QJNZ01000736"",""QJNZ01000736.1"")"
"MAG: Seirophora villosa isolate LIQ72TVIL scaffold_1296, whole genome shotgun sequence",112,112,48%,1e-21,67.96,7993,"=HYPERLINK(""https://www.ncbi.nlm.nih.gov/nucleotide/JALAHY010001296.1?report=genbank&log$=nucltop&blast_rank=17&RID=5VZH0SKS013"",""JALAHY010001296.1"")"
"Cryphonectria parasitica EP155 M406scaffold_1_Cont1, whole genome shotgun sequence",110,110,53%,4e-21,65.60,7437273,"=HYPERLINK(""https://www.ncbi.nlm.nih.gov/nuccore/WHUS01000001"",""WHUS01000001.1"")"
"Cryphonectria parasitica strain ES15 ESM_0, whole genome shotgun sequence",110,110,53%,4e-21,65.60,4527039,"=HYPERLINK(""https://www.ncbi.nlm.nih.gov/nucleotide/JAGDFO010000001.1?report=genbank&log$=nucltop&blast_rank=19&RID=5VZH0SKS013"",""JAGDFO010000001.1"")"
"Cryphonectria parasitica isolate ZB05 NODE_129_length_104426_cov_12.982100, whole genome shotgun sequence",110,110,53%,4e-21,65.60,104426,"=HYPERLINK(""https://www.ncbi.nlm.nih.gov/nucleotide/JACWUK010000129.1?report=genbank&log$=nucltop&blast_rank=20&RID=5VZH0SKS013"",""JACWUK010000129.1"")"
"Cryphonectria parasitica isolate XA19 NODE_15_length_277689_cov_11.182394, whole genome shotgun sequence",110,110,53%,4e-21,65.60,277689,"=HYPERLINK(""https://www.ncbi.nlm.nih.gov/nucleotide/JACWUJ010000015.1?report=genbank&log$=nucltop&blast_rank=21&RID=5VZH0SKS013"",""JACWUJ010000015.1"")"
"Cryphonectria parasitica isolate XA10 NODE_64_length_150537_cov_8.355750, whole genome shotgun sequence",110,110,53%,4e-21,65.60,150537,"=HYPERLINK(""https://www.ncbi.nlm.nih.gov/nucleotide/JACWUI010000064.1?report=genbank&log$=nucltop&blast_rank=22&RID=5VZH0SKS013"",""JACWUI010000064.1"")"
"Cryphonectria parasitica isolate WB-3 NODE_60_length_141068_cov_6.118391, whole genome shotgun sequence",110,110,53%,4e-21,65.60,141068,"=HYPERLINK(""https://www.ncbi.nlm.nih.gov/nucleotide/JACWUH010000060.1?report=genbank&log$=nucltop&blast_rank=23&RID=5VZH0SKS013"",""JACWUH010000060.1"")"
"Cryphonectria parasitica isolate TA59 NODE_187_length_76451_cov_8.160404, whole genome shotgun sequence",110,110,53%,4e-21,65.60,76451,"=HYPERLINK(""https://www.ncbi.nlm.nih.gov/nucleotide/JACWUG010000187.1?report=genbank&log$=nucltop&blast_rank=24&RID=5VZH0SKS013"",""JACWUG010000187.1"")"
"Cryphonectria parasitica isolate S35 NODE_138_length_99933_cov_7.136345, whole genome shotgun sequence",110,110,53%,4e-21,65.60,99933,"=HYPERLINK(""https://www.ncbi.nlm.nih.gov/nucleotide/JACWUF010000138.1?report=genbank&log$=nucltop&blast_rank=25&RID=5VZH0SKS013"",""JACWUF010000138.1"")"
"Cryphonectria parasitica isolate OZ07C NODE_10_length_254102_cov_10.868419, whole genome shotgun sequence",110,110,53%,4e-21,65.60,254102,"=HYPERLINK(""https://www.ncbi.nlm.nih.gov/nucleotide/JACWUE010000010.1?report=genbank&log$=nucltop&blast_rank=26&RID=5VZH0SKS013"",""JACWUE010000010.1"")"
"Cryphonectria parasitica isolate OK-26 NODE_76_length_118005_cov_7.328305, whole genome shotgun sequence",110,110,53%,4e-21,65.60,118005,"=HYPERLINK(""https://www.ncbi.nlm.nih.gov/nucleotide/JACWUD010000076.1?report=genbank&log$=nucltop&blast_rank=27&RID=5VZH0SKS013"",""JACWUD010000076.1"")"
"Cryphonectria parasitica isolate OC03 NODE_17_length_249763_cov_13.144601, whole genome shotgun sequence",110,110,53%,4e-21,65.60,249763,"=HYPERLINK(""https://www.ncbi.nlm.nih.gov/nucleotide/JACWUC010000017.1?report=genbank&log$=nucltop&blast_rank=28&RID=5VZH0SKS013"",""JACWUC010000017.1"")"
"Cryphonectria parasitica isolate OB5-15 NODE_95_length_155970_cov_19.494128, whole genome shotgun sequence",110,110,53%,4e-21,65.60,155970,"=HYPERLINK(""https://www.ncbi.nlm.nih.gov/nucleotide/JACWUB010000095.1?report=genbank&log$=nucltop&blast_rank=29&RID=5VZH0SKS013"",""JACWUB010000095.1"")"
"Cryphonectria parasitica isolate NH-4 NODE_108_length_142719_cov_24.105012, whole genome shotgun sequence",110,110,53%,4e-21,65.60,142719,"=HYPERLINK(""https://www.ncbi.nlm.nih.gov/nucleotide/JACWUA010000108.1?report=genbank&log$=nucltop&blast_rank=30&RID=5VZH0SKS013"",""JACWUA010000108.1"")"
"Cryphonectria parasitica isolate NE202 NODE_59_length_143721_cov_10.912595, whole genome shotgun sequence",110,110,53%,4e-21,65.60,143721,"=HYPERLINK(""https://www.ncbi.nlm.nih.gov/nucleotide/JACWTZ010000059.1?report=genbank&log$=nucltop&blast_rank=31&RID=5VZH0SKS013"",""JACWTZ010000059.1"")"
"Cryphonectria parasitica isolate NE155 NODE_35_length_195626_cov_12.602193, whole genome shotgun sequence",110,110,53%,4e-21,65.60,195626,"=HYPERLINK(""https://www.ncbi.nlm.nih.gov/nucleotide/JACWTY010000035.1?report=genbank&log$=nucltop&blast_rank=32&RID=5VZH0SKS013"",""JACWTY010000035.1"")"
"Cryphonectria parasitica isolate Mul63B NODE_231_length_66815_cov_14.488913, whole genome shotgun sequence",110,110,53%,4e-21,65.60,66815,"=HYPERLINK(""https://www.ncbi.nlm.nih.gov/nucleotide/JACWTX010000231.1?report=genbank&log$=nucltop&blast_rank=33&RID=5VZH0SKS013"",""JACWTX010000231.1"")"
"Cryphonectria parasitica isolate MD-1 NODE_13_length_183398_cov_7.063045, whole genome shotgun sequence",110,110,53%,4e-21,65.60,183398,"=HYPERLINK(""https://www.ncbi.nlm.nih.gov/nucleotide/JACWTW010000013.1?report=genbank&log$=nucltop&blast_rank=34&RID=5VZH0SKS013"",""JACWTW010000013.1"")"
"Cryphonectria parasitica isolate MAK23 NODE_134_length_99726_cov_15.764853, whole genome shotgun sequence",110,110,53%,4e-21,65.60,99726,"=HYPERLINK(""https://www.ncbi.nlm.nih.gov/nucleotide/JACWTV010000134.1?report=genbank&log$=nucltop&blast_rank=35&RID=5VZH0SKS013"",""JACWTV010000134.1"")"
"Cryphonectria parasitica isolate M931 NODE_50_length_173925_cov_11.951644, whole genome shotgun sequence",110,110,53%,4e-21,65.60,173925,"=HYPERLINK(""https://www.ncbi.nlm.nih.gov/nucleotide/JACWTU010000050.1?report=genbank&log$=nucltop&blast_rank=36&RID=5VZH0SKS013"",""JACWTU010000050.1"")"
"Cryphonectria parasitica isolate M9077 NODE_5_length_770223_cov_20.716061, whole genome shotgun sequence",110,110,53%,4e-21,65.60,770223,"=HYPERLINK(""https://www.ncbi.nlm.nih.gov/nucleotide/JACWTS010000005.1?report=genbank&log$=nucltop&blast_rank=37&RID=5VZH0SKS013"",""JACWTS010000005.1"")"
"Cryphonectria parasitica isolate M8568 NODE_199_length_64390_cov_19.417313, whole genome shotgun sequence",110,110,53%,4e-21,65.60,64390,"=HYPERLINK(""https://www.ncbi.nlm.nih.gov/nucleotide/JACWTR010000199.1?report=genbank&log$=nucltop&blast_rank=38&RID=5VZH0SKS013"",""JACWTR010000199.1"")"
"Cryphonectria parasitica isolate M8566 NODE_141_length_93413_cov_9.035525, whole genome shotgun sequence",110,110,53%,4e-21,65.60,93413,"=HYPERLINK(""https://www.ncbi.nlm.nih.gov/nucleotide/JACWTQ010000141.1?report=genbank&log$=nucltop&blast_rank=39&RID=5VZH0SKS013"",""JACWTQ010000141.1"")"
"Cryphonectria parasitica isolate M8539 NODE_124_length_105600_cov_12.447366, whole genome shotgun sequence",110,110,53%,4e-21,65.60,105600,"=HYPERLINK(""https://www.ncbi.nlm.nih.gov/nucleotide/JACWTP010000124.1?report=genbank&log$=nucltop&blast_rank=40&RID=5VZH0SKS013"",""JACWTP010000124.1"")"
"Cryphonectria parasitica isolate M8515 NODE_123_length_120075_cov_14.969801, whole genome shotgun sequence",110,110,53%,4e-21,65.60,120075,"=HYPERLINK(""https://www.ncbi.nlm.nih.gov/nucleotide/JACWTO010000123.1?report=genbank&log$=nucltop&blast_rank=41&RID=5VZH0SKS013"",""JACWTO010000123.1"")"
"Cryphonectria parasitica isolate M8510 NODE_9_length_629383_cov_24.341316, whole genome shotgun sequence",110,110,53%,4e-21,65.60,629383,"=HYPERLINK(""https://www.ncbi.nlm.nih.gov/nucleotide/JACWTN010000009.1?report=genbank&log$=nucltop&blast_rank=42&RID=5VZH0SKS013"",""JACWTN010000009.1"")"
"Cryphonectria parasitica isolate M8444 NODE_144_length_92705_cov_25.923031, whole genome shotgun sequence",110,110,53%,4e-21,65.60,92705,"=HYPERLINK(""https://www.ncbi.nlm.nih.gov/nucleotide/JACWTM010000144.1?report=genbank&log$=nucltop&blast_rank=43&RID=5VZH0SKS013"",""JACWTM010000144.1"")"
"Cryphonectria parasitica isolate M8422 NODE_152_length_95592_cov_10.594021, whole genome shotgun sequence",110,110,53%,4e-21,65.60,95592,"=HYPERLINK(""https://www.ncbi.nlm.nih.gov/nucleotide/JACWTL010000152.1?report=genbank&log$=nucltop&blast_rank=44&RID=5VZH0SKS013"",""JACWTL010000152.1"")"
"Cryphonectria parasitica isolate M8343 NODE_79_length_148564_cov_15.099620, whole genome shotgun sequence",110,110,53%,4e-21,65.60,148564,"=HYPERLINK(""https://www.ncbi.nlm.nih.gov/nucleotide/JACWTK010000079.1?report=genbank&log$=nucltop&blast_rank=45&RID=5VZH0SKS013"",""JACWTK010000079.1"")"
"Cryphonectria parasitica isolate M8166 NODE_9_length_304065_cov_7.133468, whole genome shotgun sequence",110,110,53%,4e-21,65.60,304065,"=HYPERLINK(""https://www.ncbi.nlm.nih.gov/nucleotide/JACWTJ010000009.1?report=genbank&log$=nucltop&blast_rank=46&RID=5VZH0SKS013"",""JACWTJ010000009.1"")"
"Cryphonectria parasitica isolate M8082 NODE_27_length_208867_cov_13.780893, whole genome shotgun sequence",110,110,53%,4e-21,65.60,208867,"=HYPERLINK(""https://www.ncbi.nlm.nih.gov/nucleotide/JACWTI010000027.1?report=genbank&log$=nucltop&blast_rank=47&RID=5VZH0SKS013"",""JACWTI010000027.1"")"
"Cryphonectria parasitica isolate M6821 NODE_136_length_100584_cov_14.797262, whole genome shotgun sequence",110,110,53%,4e-21,65.60,100584,"=HYPERLINK(""https://www.ncbi.nlm.nih.gov/nucleotide/JACWTH010000136.1?report=genbank&log$=nucltop&blast_rank=48&RID=5VZH0SKS013"",""JACWTH010000136.1"")"
"Cryphonectria parasitica isolate M5444 NODE_1_length_492103_cov_9.957721, whole genome shotgun sequence",110,110,53%,4e-21,65.60,492103,"=HYPERLINK(""https://www.ncbi.nlm.nih.gov/nucleotide/JACWTG010000001.1?report=genbank&log$=nucltop&blast_rank=49&RID=5VZH0SKS013"",""JACWTG010000001.1"")"
"Cryphonectria parasitica isolate M5386 NODE_126_length_110668_cov_11.302751, whole genome shotgun sequence",110,110,53%,4e-21,65.60,110668,"=HYPERLINK(""https://www.ncbi.nlm.nih.gov/nucleotide/JACWTF010000126.1?report=genbank&log$=nucltop&blast_rank=50&RID=5VZH0SKS013"",""JACWTF010000126.1"")"
"Cryphonectria parasitica isolate M5266 NODE_126_length_100365_cov_11.430286, whole genome shotgun sequence",110,110,53%,4e-21,65.60,100365,"=HYPERLINK(""https://www.ncbi.nlm.nih.gov/nucleotide/JACWTE010000126.1?report=genbank&log$=nucltop&blast_rank=51&RID=5VZH0SKS013"",""JACWTE010000126.1"")"
"Cryphonectria parasitica isolate M5100 NODE_71_length_145739_cov_10.311723, whole genome shotgun sequence",110,110,53%,4e-21,65.60,145739,"=HYPERLINK(""https://www.ncbi.nlm.nih.gov/nucleotide/JACWTD010000071.1?report=genbank&log$=nucltop&blast_rank=52&RID=5VZH0SKS013"",""JACWTD010000071.1"")"
"Cryphonectria parasitica isolate M4354 NODE_243_length_59735_cov_7.624979, whole genome shotgun sequence",110,110,53%,4e-21,65.60,59735,"=HYPERLINK(""https://www.ncbi.nlm.nih.gov/nucleotide/JACWTB010000243.1?report=genbank&log$=nucltop&blast_rank=53&RID=5VZH0SKS013"",""JACWTB010000243.1"")"
"Cryphonectria parasitica isolate M4342 NODE_5_length_805720_cov_23.656731, whole genome shotgun sequence",110,110,53%,4e-21,65.60,805720,"=HYPERLINK(""https://www.ncbi.nlm.nih.gov/nucleotide/JACWTA010000005.1?report=genbank&log$=nucltop&blast_rank=54&RID=5VZH0SKS013"",""JACWTA010000005.1"")"
"Cryphonectria parasitica isolate M4327 NODE_213_length_65786_cov_8.668625, whole genome shotgun sequence",110,110,53%,4e-21,65.60,65786,"=HYPERLINK(""https://www.ncbi.nlm.nih.gov/nucleotide/JACWSZ010000213.1?report=genbank&log$=nucltop&blast_rank=55&RID=5VZH0SKS013"",""JACWSZ010000213.1"")"
"Cryphonectria parasitica isolate M4316 NODE_220_length_64415_cov_8.862462, whole genome shotgun sequence",110,110,53%,4e-21,65.60,64415,"=HYPERLINK(""https://www.ncbi.nlm.nih.gov/nucleotide/JACWSY010000220.1?report=genbank&log$=nucltop&blast_rank=56&RID=5VZH0SKS013"",""JACWSY010000220.1"")"
"Cryphonectria parasitica isolate M4030 NODE_222_length_65071_cov_11.717470, whole genome shotgun sequence",110,110,53%,4e-21,65.60,65071,"=HYPERLINK(""https://www.ncbi.nlm.nih.gov/nucleotide/JACWSX010000222.1?report=genbank&log$=nucltop&blast_rank=57&RID=5VZH0SKS013"",""JACWSX010000222.1"")"
"Cryphonectria parasitica isolate M4020 NODE_10_length_254531_cov_11.430540, whole genome shotgun sequence",110,110,53%,4e-21,65.60,254531,"=HYPERLINK(""https://www.ncbi.nlm.nih.gov/nucleotide/JACWSW010000010.1?report=genbank&log$=nucltop&blast_rank=58&RID=5VZH0SKS013"",""JACWSW010000010.1"")"
"Cryphonectria parasitica isolate M3904 NODE_117_length_135651_cov_24.007361, whole genome shotgun sequence",110,110,53%,4e-21,65.60,135651,"=HYPERLINK(""https://www.ncbi.nlm.nih.gov/nucleotide/JACWSV010000117.1?report=genbank&log$=nucltop&blast_rank=59&RID=5VZH0SKS013"",""JACWSV010000117.1"")"
"Cryphonectria parasitica isolate M3671 NODE_180_length_76797_cov_7.501955, whole genome shotgun sequence",110,110,53%,4e-21,65.60,76797,"=HYPERLINK(""https://www.ncbi.nlm.nih.gov/nucleotide/JACWSU010000180.1?report=genbank&log$=nucltop&blast_rank=60&RID=5VZH0SKS013"",""JACWSU010000180.1"")"
"Cryphonectria parasitica isolate M1793 NODE_17_length_235107_cov_13.089654, whole genome shotgun sequence",110,110,53%,4e-21,65.60,235107,"=HYPERLINK(""https://www.ncbi.nlm.nih.gov/nucleotide/JACWSC010000017.1?report=genbank&log$=nucltop&blast_rank=61&RID=5VZH0SKS013"",""JACWSC010000017.1"")"
"Cryphonectria parasitica isolate M1415 NODE_43_length_173248_cov_12.466650, whole genome shotgun sequence",110,110,53%,4e-21,65.60,173248,"=HYPERLINK(""https://www.ncbi.nlm.nih.gov/nucleotide/JACWSB010000043.1?report=genbank&log$=nucltop&blast_rank=62&RID=5VZH0SKS013"",""JACWSB010000043.1"")"
"Cryphonectria parasitica isolate M1400 NODE_40_length_196026_cov_13.784703, whole genome shotgun sequence",110,110,53%,4e-21,65.60,196026,"=HYPERLINK(""https://www.ncbi.nlm.nih.gov/nucleotide/JACWSA010000040.1?report=genbank&log$=nucltop&blast_rank=63&RID=5VZH0SKS013"",""JACWSA010000040.1"")"
"Cryphonectria parasitica isolate M1397 NODE_135_length_100370_cov_13.729843, whole genome shotgun sequence",110,110,53%,4e-21,65.60,100370,"=HYPERLINK(""https://www.ncbi.nlm.nih.gov/nucleotide/JACWRZ010000135.1?report=genbank&log$=nucltop&blast_rank=64&RID=5VZH0SKS013"",""JACWRZ010000135.1"")"
"Cryphonectria parasitica isolate KY7 NODE_25_length_221683_cov_13.512156, whole genome shotgun sequence",110,110,53%,4e-21,65.60,221683,"=HYPERLINK(""https://www.ncbi.nlm.nih.gov/nucleotide/JACWRY010000025.1?report=genbank&log$=nucltop&blast_rank=65&RID=5VZH0SKS013"",""JACWRY010000025.1"")"
"Cryphonectria parasitica isolate GEZ45 NODE_164_length_92077_cov_13.715764, whole genome shotgun sequence",110,110,53%,4e-21,65.60,92077,"=HYPERLINK(""https://www.ncbi.nlm.nih.gov/nucleotide/JACWRW010000164.1?report=genbank&log$=nucltop&blast_rank=66&RID=5VZH0SKS013"",""JACWRW010000164.1"")"
"Cryphonectria parasitica isolate ES-34 NODE_8_length_539979_cov_18.200908, whole genome shotgun sequence",110,110,53%,4e-21,65.60,539979,"=HYPERLINK(""https://www.ncbi.nlm.nih.gov/nucleotide/JACWRT010000008.1?report=genbank&log$=nucltop&blast_rank=67&RID=5VZH0SKS013"",""JACWRT010000008.1"")"
"Cryphonectria parasitica isolate DU5 NODE_63_length_143547_cov_11.614331, whole genome shotgun sequence",110,110,53%,4e-21,65.60,143547,"=HYPERLINK(""https://www.ncbi.nlm.nih.gov/nucleotide/JACWRS010000063.1?report=genbank&log$=nucltop&blast_rank=68&RID=5VZH0SKS013"",""JACWRS010000063.1"")"
"Cryphonectria parasitica isolate DU-2 NODE_4_length_608340_cov_24.918962, whole genome shotgun sequence",110,110,53%,4e-21,65.60,608340,"=HYPERLINK(""https://www.ncbi.nlm.nih.gov/nucleotide/JACWRR010000004.1?report=genbank&log$=nucltop&blast_rank=69&RID=5VZH0SKS013"",""JACWRR010000004.1"")"
"Cryphonectria parasitica isolate CR40 NODE_142_length_92702_cov_12.629317, whole genome shotgun sequence",110,110,53%,4e-21,65.60,92702,"=HYPERLINK(""https://www.ncbi.nlm.nih.gov/nucleotide/JACWRP010000142.1?report=genbank&log$=nucltop&blast_rank=70&RID=5VZH0SKS013"",""JACWRP010000142.1"")"
"Cryphonectria parasitica isolate CR03 NODE_145_length_92799_cov_12.394787, whole genome shotgun sequence",110,110,53%,4e-21,65.60,92799,"=HYPERLINK(""https://www.ncbi.nlm.nih.gov/nucleotide/JACWRO010000145.1?report=genbank&log$=nucltop&blast_rank=71&RID=5VZH0SKS013"",""JACWRO010000145.1"")"
"Cryphonectria parasitica isolate BE22 NODE_229_length_61249_cov_8.991321, whole genome shotgun sequence",110,110,53%,4e-21,65.60,61249,"=HYPERLINK(""https://www.ncbi.nlm.nih.gov/nucleotide/JACWRN010000229.1?report=genbank&log$=nucltop&blast_rank=72&RID=5VZH0SKS013"",""JACWRN010000229.1"")"
"Cryphonectria parasitica isolate BC47B NODE_49_length_170500_cov_11.800911, whole genome shotgun sequence",110,110,53%,4e-21,65.60,170500,"=HYPERLINK(""https://www.ncbi.nlm.nih.gov/nucleotide/JACWRM010000049.1?report=genbank&log$=nucltop&blast_rank=73&RID=5VZH0SKS013"",""JACWRM010000049.1"")"
"Cryphonectria parasitica isolate ZW-22 NODE_216_length_66737_cov_7.832003, whole genome shotgun sequence",110,110,53%,4e-21,65.60,66737,"=HYPERLINK(""https://www.ncbi.nlm.nih.gov/nucleotide/JACWRL010000216.1?report=genbank&log$=nucltop&blast_rank=74&RID=5VZH0SKS013"",""JACWRL010000216.1"")"
"Cryphonectria parasitica isolate WB-9 NODE_121_length_89057_cov_5.490965, whole genome shotgun sequence",110,110,53%,4e-21,65.60,89057,"=HYPERLINK(""https://www.ncbi.nlm.nih.gov/nucleotide/JACWRK010000121.1?report=genbank&log$=nucltop&blast_rank=75&RID=5VZH0SKS013"",""JACWRK010000121.1"")"
"Cryphonectria parasitica isolate TA51 NODE_38_length_181492_cov_7.034433, whole genome shotgun sequence",110,110,53%,4e-21,65.60,181492,"=HYPERLINK(""https://www.ncbi.nlm.nih.gov/nucleotide/JACWRJ010000038.1?report=genbank&log$=nucltop&blast_rank=76&RID=5VZH0SKS013"",""JACWRJ010000038.1"")"
"Cryphonectria parasitica isolate S31 NODE_57_length_224134_cov_20.759561, whole genome shotgun sequence",110,110,53%,4e-21,65.60,224134,"=HYPERLINK(""https://www.ncbi.nlm.nih.gov/nucleotide/JACWRI010000057.1?report=genbank&log$=nucltop&blast_rank=77&RID=5VZH0SKS013"",""JACWRI010000057.1"")"
"Cryphonectria parasitica isolate OK-17 NODE_242_length_59435_cov_9.172910, whole genome shotgun sequence",110,110,53%,4e-21,65.60,59435,"=HYPERLINK(""https://www.ncbi.nlm.nih.gov/nucleotide/JACWRH010000242.1?report=genbank&log$=nucltop&blast_rank=78&RID=5VZH0SKS013"",""JACWRH010000242.1"")"
"Cryphonectria parasitica isolate OB5-35 NODE_25_length_373728_cov_20.980343, whole genome shotgun sequence",110,110,53%,4e-21,65.60,373728,"=HYPERLINK(""https://www.ncbi.nlm.nih.gov/nucleotide/JACWRG010000025.1?report=genbank&log$=nucltop&blast_rank=79&RID=5VZH0SKS013"",""JACWRG010000025.1"")"
"Cryphonectria parasitica isolate NE230 NODE_20_length_254352_cov_12.648271, whole genome shotgun sequence",110,110,53%,4e-21,65.60,254352,"=HYPERLINK(""https://www.ncbi.nlm.nih.gov/nucleotide/JACWRF010000020.1?report=genbank&log$=nucltop&blast_rank=80&RID=5VZH0SKS013"",""JACWRF010000020.1"")"
"Cryphonectria parasitica isolate M8499 NODE_158_length_94190_cov_11.041893, whole genome shotgun sequence",110,110,53%,4e-21,65.60,94190,"=HYPERLINK(""https://www.ncbi.nlm.nih.gov/nucleotide/JACWRD010000158.1?report=genbank&log$=nucltop&blast_rank=81&RID=5VZH0SKS013"",""JACWRD010000158.1"")"
"Cryphonectria parasitica isolate M8109 NODE_2_length_434163_cov_9.146664, whole genome shotgun sequence",110,110,53%,4e-21,65.60,434163,"=HYPERLINK(""https://www.ncbi.nlm.nih.gov/nucleotide/JACWRC010000002.1?report=genbank&log$=nucltop&blast_rank=82&RID=5VZH0SKS013"",""JACWRC010000002.1"")"
"Cryphonectria parasitica isolate M7832 NODE_172_length_49839_cov_4.611975, whole genome shotgun sequence",110,110,53%,4e-21,65.60,49839,"=HYPERLINK(""https://www.ncbi.nlm.nih.gov/nucleotide/JACWRB010000172.1?report=genbank&log$=nucltop&blast_rank=83&RID=5VZH0SKS013"",""JACWRB010000172.1"")"
"Cryphonectria parasitica isolate M7776 NODE_65_length_150570_cov_7.692985, whole genome shotgun sequence",110,110,53%,4e-21,65.60,150570,"=HYPERLINK(""https://www.ncbi.nlm.nih.gov/nucleotide/JACWRA010000065.1?report=genbank&log$=nucltop&blast_rank=84&RID=5VZH0SKS013"",""JACWRA010000065.1"")"
"Cryphonectria parasitica isolate M5398 NODE_44_length_195882_cov_12.130155, whole genome shotgun sequence",110,110,53%,4e-21,65.60,195882,"=HYPERLINK(""https://www.ncbi.nlm.nih.gov/nucleotide/JACWQZ010000044.1?report=genbank&log$=nucltop&blast_rank=85&RID=5VZH0SKS013"",""JACWQZ010000044.1"")"
"Cryphonectria parasitica isolate M4092 NODE_150_length_97590_cov_12.456855, whole genome shotgun sequence",110,110,53%,4e-21,65.60,97590,"=HYPERLINK(""https://www.ncbi.nlm.nih.gov/nucleotide/JACWQY010000150.1?report=genbank&log$=nucltop&blast_rank=86&RID=5VZH0SKS013"",""JACWQY010000150.1"")"
"Cryphonectria parasitica isolate M4009 NODE_21_length_249620_cov_13.713113, whole genome shotgun sequence",110,110,53%,4e-21,65.60,249620,"=HYPERLINK(""https://www.ncbi.nlm.nih.gov/nucleotide/JACWQX010000021.1?report=genbank&log$=nucltop&blast_rank=87&RID=5VZH0SKS013"",""JACWQX010000021.1"")"
"Cryphonectria parasitica isolate M2207 NODE_17_length_253954_cov_8.246115, whole genome shotgun sequence",110,110,53%,4e-21,65.60,253954,"=HYPERLINK(""https://www.ncbi.nlm.nih.gov/nucleotide/JACWQU010000017.1?report=genbank&log$=nucltop&blast_rank=88&RID=5VZH0SKS013"",""JACWQU010000017.1"")"
"Cryphonectria parasitica isolate M1818 NODE_31_length_216946_cov_12.928430, whole genome shotgun sequence",110,110,53%,4e-21,65.60,216946,"=HYPERLINK(""https://www.ncbi.nlm.nih.gov/nucleotide/JACWQT010000031.1?report=genbank&log$=nucltop&blast_rank=89&RID=5VZH0SKS013"",""JACWQT010000031.1"")"
"Cryphonectria parasitica isolate M1405 NODE_140_length_100594_cov_12.374753, whole genome shotgun sequence",110,110,53%,4e-21,65.60,100594,"=HYPERLINK(""https://www.ncbi.nlm.nih.gov/nucleotide/JACWQR010000140.1?report=genbank&log$=nucltop&blast_rank=90&RID=5VZH0SKS013"",""JACWQR010000140.1"")"
"Cryphonectria parasitica isolate LB86 NODE_176_length_73160_cov_6.533978, whole genome shotgun sequence",110,110,53%,4e-21,65.60,73160,"=HYPERLINK(""https://www.ncbi.nlm.nih.gov/nucleotide/JACWQQ010000176.1?report=genbank&log$=nucltop&blast_rank=91&RID=5VZH0SKS013"",""JACWQQ010000176.1"")"
"Cryphonectria parasitica isolate BRU-2 NODE_57_length_225469_cov_28.248004, whole genome shotgun sequence",110,110,53%,4e-21,65.60,225469,"=HYPERLINK(""https://www.ncbi.nlm.nih.gov/nucleotide/JACWQP010000057.1?report=genbank&log$=nucltop&blast_rank=92&RID=5VZH0SKS013"",""JACWQP010000057.1"")"
"MAG: Sticta canariensis isolate Vargas S.can sti_can_375, whole genome shotgun sequence",109,109,58%,4e-21,65.65,23930,"=HYPERLINK(""https://www.ncbi.nlm.nih.gov/nucleotide/JALDZP010000375.1?report=genbank&log$=nucltop&blast_rank=93&RID=5VZH0SKS013"",""JALDZP010000375.1"")"
"Nemania diffusa strain YAFEF818 bctg00000009, whole genome shotgun sequence",105,105,23%,5e-20,73.12,3935343,"=HYPERLINK(""https://www.ncbi.nlm.nih.gov/nucleotide/JBBPUQ010000010.1?report=genbank&log$=nucltop&blast_rank=94&RID=5VZH0SKS013"",""JBBPUQ010000010.1"")"
"Echinosphaeria canescens voucher IRGN:UPH9WVSJ6L 41641, whole genome shotgun sequence",104,104,19%,2e-19,74.84,967,"=HYPERLINK(""https://www.ncbi.nlm.nih.gov/nucleotide/JAOXNW010041641.1?report=genbank&log$=nucltop&blast_rank=95&RID=5VZH0SKS013"",""JAOXNW010041641.1"")"
"Nemania abortiva strain FL1152 F5Y10scaffold_24_Cont30, whole genome shotgun sequence",104,104,25%,2e-19,72.06,323901,"=HYPERLINK(""https://www.ncbi.nlm.nih.gov/nucleotide/JAJKKU010000030.1?report=genbank&log$=nucltop&blast_rank=96&RID=5VZH0SKS013"",""JAJKKU010000030.1"")"
"Chaetothyriales sp. CBS 132003 NODE_71_length_107714_cov_78.6792, whole genome shotgun sequence",100,100,51%,2e-18,65.84,107714,"=HYPERLINK(""https://www.ncbi.nlm.nih.gov/nuccore/QRBJ01000071"",""QRBJ01000071.1"")"
"Rusavskia elegans strain YAF01 contig127, whole genome shotgun sequence",99.6,99.6,20%,8e-18,73.46,185217,"=HYPERLINK(""https://www.ncbi.nlm.nih.gov/nuccore/SAUG01000122"",""SAUG01000122.1"")"
"Hymenoscyphus salicellus strain CBS 111550 scf_8615_1033.contig_1, whole genome shotgun sequence",99.6,99.6,25%,8e-18,71.36,13092,"=HYPERLINK(""https://www.ncbi.nlm.nih.gov/nuccore/LLCD01001034"",""LLCD01001034.1"")"
"Clavariopsis aquatica strain WD(A)-00-1 scaffold_800, whole genome shotgun sequence",99.6,99.6,28%,8e-18,70.35,13780,"=HYPERLINK(""https://www.ncbi.nlm.nih.gov/nucleotide/JAAZQE010000800.1?report=genbank&log$=nucltop&blast_rank=100&RID=5VZH0SKS013"",""JAAZQE010000800.1"")"



		


