Description,Max Score,Total Score,Query Cover,E value,Per. ident,Acc. Len,Accession  
"Elasticomyces elasticus strain CCFEE 5547 scaffold_4169, whole genome shotgun sequence",1766,1766,100%,0.0,94.47,2646,"=HYPERLINK(""https://www.ncbi.nlm.nih.gov/nucleotide/JAVRQR010004169.1?report=genbank&log$=nucltop&blast_rank=1&RID=5VZ3FBJF016"",""JAVRQR010004169.1"")"
"Uromyces transversalis strain FL11_1 FL11-1_435968, whole genome shotgun sequence",883,960,43%,0.0,100.00,534,"=HYPERLINK(""https://www.ncbi.nlm.nih.gov/nuccore/PTJQ01435968"",""PTJQ01435968.1"")"
"Bertia moriformis strain D4H25SX9FM voucher IRGN:LVLPEM49V6 74704, whole genome shotgun sequence",635,635,92%,7e-179,73.72,161650,"=HYPERLINK(""https://www.ncbi.nlm.nih.gov/nucleotide/JAOYNC020074704.1?report=genbank&log$=nucltop&blast_rank=3&RID=5VZ3FBJF016"",""JAOYNC020074704.1"")"
"Bryoglossum gracile strain AWW 858 scaffold_6331, whole genome shotgun sequence",627,627,94%,1e-176,73.33,1518,"=HYPERLINK(""https://www.ncbi.nlm.nih.gov/nucleotide/JAPZPB010006331.1?report=genbank&log$=nucltop&blast_rank=4&RID=5VZ3FBJF016"",""JAPZPB010006331.1"")"
"Metarhizium humberi strain ESALQ1638 Scaffold_0022, whole genome shotgun sequence",561,561,91%,1e-156,72.05,460548,"=HYPERLINK(""https://www.ncbi.nlm.nih.gov/nucleotide/JACEFI010000022.1?report=genbank&log$=nucltop&blast_rank=5&RID=5VZ3FBJF016"",""JACEFI010000022.1"")"
"Malbranchea zuffiana strain CBS 219.58 jcf7180000000598, whole genome shotgun sequence",102,102,25%,1e-18,68.86,1550349,"=HYPERLINK(""https://www.ncbi.nlm.nih.gov/nucleotide/JARUPO010000008.1?report=genbank&log$=nucltop&blast_rank=6&RID=5VZ3FBJF016"",""JARUPO010000008.1"")"
"Calonectria pauciramosa strain CBS 138824 scaffold2, whole genome shotgun sequence",96.9,96.9,12%,4e-17,74.83,4238841,"=HYPERLINK(""https://www.ncbi.nlm.nih.gov/nucleotide/JAACIZ010000002.1?report=genbank&log$=nucltop&blast_rank=7&RID=5VZ3FBJF016"",""JAACIZ010000002.1"")"
"Calonectria pauciramosa strain CMW 7592 scaffold32, whole genome shotgun sequence",96.9,96.9,12%,4e-17,74.83,630227,"=HYPERLINK(""https://www.ncbi.nlm.nih.gov/nucleotide/JAACIY010000032.1?report=genbank&log$=nucltop&blast_rank=8&RID=5VZ3FBJF016"",""JAACIY010000032.1"")"
"Calonectria leucothoes strain CBS 109166 Cl1_contig_91, whole genome shotgun sequence",96.0,96.0,20%,1e-16,69.13,504636,"=HYPERLINK(""https://www.ncbi.nlm.nih.gov/nuccore/NAJI01000091"",""NAJI01000091.1"")"
"Colletotrichum musicola strain LFN0074 Scaffold_0244, whole genome shotgun sequence",93.3,93.3,22%,5e-16,68.13,56010,"=HYPERLINK(""https://www.ncbi.nlm.nih.gov/nuccore/WIGM01000244"",""WIGM01000244.1"")"
"Colletotrichum brevisporum strain C1 scaffold1, whole genome shotgun sequence",93.3,93.3,25%,5e-16,68.17,13700295,"=HYPERLINK(""https://www.ncbi.nlm.nih.gov/nucleotide/JAUGSI010000001.1?report=genbank&log$=nucltop&blast_rank=11&RID=5VZ3FBJF016"",""JAUGSI010000001.1"")"
"Macrophomina phaseolina strain MP00327 NODE_456, whole genome shotgun sequence",92.4,92.4,24%,2e-15,67.27,35250,"=HYPERLINK(""https://www.ncbi.nlm.nih.gov/nuccore/LHTQ01001704"",""LHTQ01001704.1"")"
"Macrophomina phaseolina strain MP00325 NODE_434, whole genome shotgun sequence",92.4,92.4,24%,2e-15,67.27,35313,"=HYPERLINK(""https://www.ncbi.nlm.nih.gov/nuccore/LHTP01000357"",""LHTP01000357.1"")"
"Macrophomina phaseolina strain MP00065 NODE_826, whole genome shotgun sequence",92.4,92.4,24%,2e-15,67.27,19807,"=HYPERLINK(""https://www.ncbi.nlm.nih.gov/nuccore/LHTO01001639"",""LHTO01001639.1"")"
"Macrophomina phaseolina strain MO00014 NODE_779, whole genome shotgun sequence",92.4,92.4,24%,2e-15,67.27,19824,"=HYPERLINK(""https://www.ncbi.nlm.nih.gov/nuccore/LHTN01000929"",""LHTN01000929.1"")"
"Macrophomina phaseolina strain MP00003 NODE_1036, whole genome shotgun sequence",92.4,92.4,24%,2e-15,67.27,15464,"=HYPERLINK(""https://www.ncbi.nlm.nih.gov/nuccore/LHTM01001057"",""LHTM01001057.1"")"
"Macrophomina phaseolina strain mp247 scf7180000000180.3781917, whole genome shotgun sequence",92.4,92.4,24%,2e-15,67.27,3782017,"=HYPERLINK(""https://www.ncbi.nlm.nih.gov/nucleotide/JAEQDY010000585.1?report=genbank&log$=nucltop&blast_rank=17&RID=5VZ3FBJF016"",""JAEQDY010000585.1"")"
"Macrophomina phaseolina strain mp117 scf7180000000445.280859, whole genome shotgun sequence",92.4,92.4,24%,2e-15,67.27,278402,"=HYPERLINK(""https://www.ncbi.nlm.nih.gov/nucleotide/JAEQDV010000108.1?report=genbank&log$=nucltop&blast_rank=18&RID=5VZ3FBJF016"",""JAEQDV010000108.1"")"
"Macrophomina phaseolina strain mp102 scf7180000000131.4452074, whole genome shotgun sequence",92.4,92.4,24%,2e-15,67.27,4451726,"=HYPERLINK(""https://www.ncbi.nlm.nih.gov/nucleotide/JAEQDU010000280.1?report=genbank&log$=nucltop&blast_rank=19&RID=5VZ3FBJF016"",""JAEQDU010000280.1"")"
"Macrophomina phaseolina strain mp070 scf7180000000859.264562, whole genome shotgun sequence",92.4,92.4,24%,2e-15,67.27,264578,"=HYPERLINK(""https://www.ncbi.nlm.nih.gov/nucleotide/JAEQDT010000327.1?report=genbank&log$=nucltop&blast_rank=20&RID=5VZ3FBJF016"",""JAEQDT010000327.1"")"
"Macrophomina phaseolina strain mp050 scf7180000000129.205571, whole genome shotgun sequence",92.4,92.4,24%,2e-15,67.27,205580,"=HYPERLINK(""https://www.ncbi.nlm.nih.gov/nucleotide/JAEQDR010000169.1?report=genbank&log$=nucltop&blast_rank=21&RID=5VZ3FBJF016"",""JAEQDR010000169.1"")"
"Macrophomina phaseolina strain mp042 scf7180000000224.272965, whole genome shotgun sequence",92.4,92.4,24%,2e-15,67.27,272994,"=HYPERLINK(""https://www.ncbi.nlm.nih.gov/nucleotide/JAEQDQ010000304.1?report=genbank&log$=nucltop&blast_rank=22&RID=5VZ3FBJF016"",""JAEQDQ010000304.1"")"
"Macrophomina phaseolina strain mp040 scf7180000000312.2254672, whole genome shotgun sequence",92.4,92.4,24%,2e-15,67.27,2254449,"=HYPERLINK(""https://www.ncbi.nlm.nih.gov/nucleotide/JAEQDP010000130.1?report=genbank&log$=nucltop&blast_rank=23&RID=5VZ3FBJF016"",""JAEQDP010000130.1"")"
"Macrophomina phaseolina strain mp021 scf7180000001215.53037, whole genome shotgun sequence",92.4,92.4,24%,2e-15,67.27,53037,"=HYPERLINK(""https://www.ncbi.nlm.nih.gov/nucleotide/JAEQDO010000305.1?report=genbank&log$=nucltop&blast_rank=24&RID=5VZ3FBJF016"",""JAEQDO010000305.1"")"
"Macrophomina phaseolina strain mp007 scf7180000000989.137351, whole genome shotgun sequence",92.4,92.4,24%,2e-15,67.27,137360,"=HYPERLINK(""https://www.ncbi.nlm.nih.gov/nucleotide/JAEQDN010000447.1?report=genbank&log$=nucltop&blast_rank=25&RID=5VZ3FBJF016"",""JAEQDN010000447.1"")"
"Ophiocordyceps camponoti-rufipedis strain Map16 Contig_16, whole genome shotgun sequence",89.7,89.7,9%,6e-15,78.85,70653,"=HYPERLINK(""https://www.ncbi.nlm.nih.gov/nuccore/NJES01000016"",""NJES01000016.1"")"
"Microcera coccophila strain CBS 310.34 Microcera_coccophila_CBS_310_34_scaffold_2380, whole genome shotgun sequence",88.7,88.7,11%,2e-14,74.81,46136,"=HYPERLINK(""https://www.ncbi.nlm.nih.gov/nucleotide/JAMYIC010002381.1?report=genbank&log$=nucltop&blast_rank=27&RID=5VZ3FBJF016"",""JAMYIC010002381.1"")"
"Colletotrichum truncatum isolate Pod 6 NODE_15_length_375040_cov_34.361529, whole genome shotgun sequence",86.9,86.9,17%,8e-14,69.74,375040,"=HYPERLINK(""https://www.ncbi.nlm.nih.gov/nucleotide/JARSSS010000015.1?report=genbank&log$=nucltop&blast_rank=28&RID=5VZ3FBJF016"",""JARSSS010000015.1"")"
"Calonectria pseudoreteaudii strain YA51 Scaffold1_157, whole genome shotgun sequence",84.2,84.2,11%,3e-13,74.05,75101,"=HYPERLINK(""https://www.ncbi.nlm.nih.gov/nuccore/MOCD01000157"",""MOCD01000157.1"")"
"Colletotrichum gigasporum strain HN42 hn42_5, whole genome shotgun sequence",84.2,84.2,22%,3e-13,67.33,5477728,"=HYPERLINK(""https://www.ncbi.nlm.nih.gov/nucleotide/JANVYG010000005.1?report=genbank&log$=nucltop&blast_rank=30&RID=5VZ3FBJF016"",""JANVYG010000005.1"")"
"Colletotrichum gloeosporioides strain TYU Scaffold6, whole genome shotgun sequence",83.3,83.3,17%,9e-13,69.74,2214086,"=HYPERLINK(""https://www.ncbi.nlm.nih.gov/nuccore/NOWE01000006"",""NOWE01000006.1"")"
"Colletotrichum truncatum strain CMES1059 Scaffold_052, whole genome shotgun sequence",82.4,82.4,17%,9e-13,69.23,376502,"=HYPERLINK(""https://www.ncbi.nlm.nih.gov/nuccore/VUJX01000052"",""VUJX01000052.1"")"
"Colletotrichum truncatum isolate KLC.C5 NODE_519_length_36706_cov_16.328546, whole genome shotgun sequence",82.4,82.4,17%,9e-13,69.23,36706,"=HYPERLINK(""https://www.ncbi.nlm.nih.gov/nuccore/VRTN01000438"",""VRTN01000438.1"")"
"Colletotrichum truncatum strain MTCC 3414 scaffold16, whole genome shotgun sequence",82.4,82.4,17%,9e-13,69.23,654927,"=HYPERLINK(""https://www.ncbi.nlm.nih.gov/nuccore/NBAU02000017"",""NBAU02000017.1"")"
"Colletotrichum truncatum strain KLC.C- 4 scaffold_ct-17, whole genome shotgun sequence",82.4,82.4,17%,9e-13,69.23,598987,"=HYPERLINK(""https://www.ncbi.nlm.nih.gov/nucleotide/JAATLN010000017.1?report=genbank&log$=nucltop&blast_rank=35&RID=5VZ3FBJF016"",""JAATLN010000017.1"")"
"Nigrospora oryzae strain GZL1 ctg000011_pilon_pilon_pilon, whole genome shotgun sequence",81.5,81.5,25%,3e-12,67.34,10312485,"=HYPERLINK(""https://www.ncbi.nlm.nih.gov/nucleotide/JADKYO010000012.1?report=genbank&log$=nucltop&blast_rank=36&RID=5VZ3FBJF016"",""JADKYO010000012.1"")"
"Ophiocordyceps camponoti-floridani strain EC05 scaffold_02, whole genome shotgun sequence",80.6,80.6,9%,3e-12,76.92,5126525,"=HYPERLINK(""https://www.ncbi.nlm.nih.gov/nucleotide/JAACLJ010000002.1?report=genbank&log$=nucltop&blast_rank=37&RID=5VZ3FBJF016"",""JAACLJ010000002.1"")"
"Calonectria naviculata strain CBS 101121 contig_199, whole genome shotgun sequence",79.7,79.7,31%,1e-11,66.30,88742,"=HYPERLINK(""https://www.ncbi.nlm.nih.gov/nuccore/NAGG01000167"",""NAGG01000167.1"")"
"Mariannaea elegans strain NBRC102301 genome assembly, contig: NODE_87_length_125631_cov_43.209806, whole genome shotgun sequence",78.8,78.8,8%,1e-11,77.55,125631,"=HYPERLINK(""https://www.ncbi.nlm.nih.gov/nucleotide/CAKNEU010000087.1?report=genbank&log$=nucltop&blast_rank=39&RID=5VZ3FBJF016"",""CAKNEU010000087.1"")"
"Colletotrichum coccodes strain NJ-RT1 RT1_contig_180, whole genome shotgun sequence",77.9,77.9,10%,4e-11,73.60,41700,"=HYPERLINK(""https://www.ncbi.nlm.nih.gov/nuccore/LECQ01000165"",""LECQ01000165.1"")"
"Colletotrichum coccodes strain RP180a Joined_contig_21, whole genome shotgun sequence",77.9,77.9,10%,4e-11,73.60,117913,"=HYPERLINK(""https://www.ncbi.nlm.nih.gov/nuccore/LECP01000672"",""LECP01000672.1"")"
"Colletotrichum simmondsii strain CBS122122 Scaffold_598.1, whole genome shotgun sequence",75.2,75.2,10%,1e-10,73.55,787460,"=HYPERLINK(""https://www.ncbi.nlm.nih.gov/nuccore/JFBX01000554"",""JFBX01000554.1"")"
"Colletotrichum musae strain GZ23 gz23_5, whole genome shotgun sequence",75.2,75.2,22%,1e-10,66.53,6123291,"=HYPERLINK(""https://www.ncbi.nlm.nih.gov/nucleotide/JANVYC010000005.1?report=genbank&log$=nucltop&blast_rank=43&RID=5VZ3FBJF016"",""JANVYC010000005.1"")"
"Colletotrichum simmondsii strain 42936 NODE_195_length_63655_cov_24.600176, whole genome shotgun sequence",75.2,75.2,10%,1e-10,73.55,63655,"=HYPERLINK(""https://www.ncbi.nlm.nih.gov/nucleotide/JADAXM010000195.1?report=genbank&log$=nucltop&blast_rank=44&RID=5VZ3FBJF016"",""JADAXM010000195.1"")"
"Colletotrichum destructivum strain YC1 tig00000076_pilon, whole genome shotgun sequence",74.3,74.3,11%,5e-10,72.66,2396897,"=HYPERLINK(""https://www.ncbi.nlm.nih.gov/nuccore/WWFS01000053"",""WWFS01000053.1"")"
"Colletotrichum sojae strain LFN0009 Scaffold_0544, whole genome shotgun sequence",74.3,74.3,10%,5e-10,73.17,20246,"=HYPERLINK(""https://www.ncbi.nlm.nih.gov/nuccore/WIGN01000544"",""WIGN01000544.1"")"
"Colletotrichum shisoi strain PG-2018a scaffold3087, whole genome shotgun sequence",74.3,74.3,11%,5e-10,72.66,4625,"=HYPERLINK(""https://www.ncbi.nlm.nih.gov/nuccore/PUHP01003022"",""PUHP01003022.1"")"
"Colletotrichum higginsianum strain MAFF305635-RFP contig_3, whole genome shotgun sequence",74.3,74.3,11%,5e-10,72.66,5953173,"=HYPERLINK(""https://www.ncbi.nlm.nih.gov/nuccore/MWPZ01000003"",""MWPZ01000003.1"")"
"Colletotrichum higginsianum IMI 349063 chromosome 2, whole genome shotgun sequence",74.3,74.3,11%,5e-10,72.66,6014962,"=HYPERLINK(""https://www.ncbi.nlm.nih.gov/nuccore/LTAN01000002"",""LTAN01000002.1"")"
"Colletotrichum lini strain 390-1 scaffold_1, whole genome shotgun sequence",74.3,74.3,11%,5e-10,72.66,6604516,"=HYPERLINK(""https://www.ncbi.nlm.nih.gov/nucleotide/JAWQJW010000001.1?report=genbank&log$=nucltop&blast_rank=50&RID=5VZ3FBJF016"",""JAWQJW010000001.1"")"
"Colletotrichum lini strain 757 scaffold_2, whole genome shotgun sequence",74.3,74.3,11%,5e-10,72.66,6608702,"=HYPERLINK(""https://www.ncbi.nlm.nih.gov/nucleotide/JAWQJV010000002.1?report=genbank&log$=nucltop&blast_rank=51&RID=5VZ3FBJF016"",""JAWQJV010000002.1"")"
"Colletotrichum lini strain 771 scaffold_2, whole genome shotgun sequence",74.3,74.3,11%,5e-10,72.66,6625202,"=HYPERLINK(""https://www.ncbi.nlm.nih.gov/nucleotide/JAWQJU010000002.1?report=genbank&log$=nucltop&blast_rank=52&RID=5VZ3FBJF016"",""JAWQJU010000002.1"")"
"Colletotrichum tabaci strain YC1 tig00000076_pilon, whole genome shotgun sequence",74.3,74.3,11%,5e-10,72.66,2396897,"=HYPERLINK(""https://www.ncbi.nlm.nih.gov/nucleotide/JASAOK010000053.1?report=genbank&log$=nucltop&blast_rank=53&RID=5VZ3FBJF016"",""JASAOK010000053.1"")"
"Ophiocordyceps robertsii strain UoM4 HLH75_contig832, whole genome shotgun sequence",74.3,74.3,9%,5e-10,76.64,37360,"=HYPERLINK(""https://www.ncbi.nlm.nih.gov/nucleotide/JAPEBW010000832.1?report=genbank&log$=nucltop&blast_rank=54&RID=5VZ3FBJF016"",""JAPEBW010000832.1"")"
"Ophiocordyceps robertsii strain UoM1 HLH74_contig349, whole genome shotgun sequence",74.3,74.3,9%,5e-10,76.64,37616,"=HYPERLINK(""https://www.ncbi.nlm.nih.gov/nucleotide/JAPEBV010000349.1?report=genbank&log$=nucltop&blast_rank=55&RID=5VZ3FBJF016"",""JAPEBV010000349.1"")"
"Colletotrichum phormii strain CBS 102054 BDP81scaffold_9, whole genome shotgun sequence",74.3,74.3,11%,5e-10,72.66,1805295,"=HYPERLINK(""https://www.ncbi.nlm.nih.gov/nucleotide/JAHMHQ010000009.1?report=genbank&log$=nucltop&blast_rank=56&RID=5VZ3FBJF016"",""JAHMHQ010000009.1"")"
"Colletotrichum higginsianum MAFF 245053 DNA, contig03, whole genome shotgun sequence",74.3,74.3,11%,5e-10,72.66,5234069,"=HYPERLINK(""https://www.ncbi.nlm.nih.gov/nuccore/BPPY01000003"",""BPPY01000003.1"")"
"Colletotrichum tanaceti strain BRIP57315 flattened_line_358, whole genome shotgun sequence",73.4,73.4,12%,5e-10,71.03,26119,"=HYPERLINK(""https://www.ncbi.nlm.nih.gov/nuccore/RKSP01000225"",""RKSP01000225.1"")"
"Colletotrichum tanaceti isolate BRIP57314 flattened_line_104, whole genome shotgun sequence",73.4,73.4,12%,5e-10,71.03,189982,"=HYPERLINK(""https://www.ncbi.nlm.nih.gov/nuccore/PJEX01000049"",""PJEX01000049.1"")"
"Colletotrichum neosansevieriae strain CBS 139918 contig00295, whole genome shotgun sequence",73.4,73.4,7%,5e-10,80.00,84645,"=HYPERLINK(""https://www.ncbi.nlm.nih.gov/nucleotide/JAVHLV010000295.1?report=genbank&log$=nucltop&blast_rank=60&RID=5VZ3FBJF016"",""JAVHLV010000295.1"")"
"Colletotrichum ledebouriae strain CBS 141284 contig02510, whole genome shotgun sequence",73.4,73.4,7%,5e-10,80.00,17672,"=HYPERLINK(""https://www.ncbi.nlm.nih.gov/nucleotide/JAVHLU010002510.1?report=genbank&log$=nucltop&blast_rank=61&RID=5VZ3FBJF016"",""JAVHLU010002510.1"")"
"Macrophomina phaseolina strain KE8351 scaffold_28, whole genome shotgun sequence",73.4,73.4,10%,5e-10,72.80,476015,"=HYPERLINK(""https://www.ncbi.nlm.nih.gov/nucleotide/JAJNLV010000028.1?report=genbank&log$=nucltop&blast_rank=62&RID=5VZ3FBJF016"",""JAJNLV010000028.1"")"
"Botryosphaeria dothidea strain KE12_21 scaffold_29, whole genome shotgun sequence",73.4,73.4,10%,5e-10,72.80,476015,"=HYPERLINK(""https://www.ncbi.nlm.nih.gov/nucleotide/JAJMYG010000029.1?report=genbank&log$=nucltop&blast_rank=63&RID=5VZ3FBJF016"",""JAJMYG010000029.1"")"
"Botryosphaeria dothidea strain KE8088 scaffold_5227, whole genome shotgun sequence",73.4,73.4,10%,5e-10,72.80,910,"=HYPERLINK(""https://www.ncbi.nlm.nih.gov/nucleotide/JAJMXG010005193.1?report=genbank&log$=nucltop&blast_rank=64&RID=5VZ3FBJF016"",""JAJMXG010005193.1"")"
"Colletotrichum coccodes isolate CcND04 Colletotrichum_coccodes_CcND04_contig_416, whole genome shotgun sequence",73.4,73.4,9%,5e-10,75.24,52467,"=HYPERLINK(""https://www.ncbi.nlm.nih.gov/nucleotide/JAIMZG010000411.1?report=genbank&log$=nucltop&blast_rank=65&RID=5VZ3FBJF016"",""JAIMZG010000411.1"")"
"Lasiodiplodia iranensis strain CCTCC M2017288 scaffold53, whole genome shotgun sequence",73.4,73.4,23%,5e-10,66.54,122176,"=HYPERLINK(""https://www.ncbi.nlm.nih.gov/nucleotide/JACEOI010000053.1?report=genbank&log$=nucltop&blast_rank=66&RID=5VZ3FBJF016"",""JACEOI010000053.1"")"
"Colletotrichum falcatum strain CF08 000000F12, whole genome shotgun sequence",71.6,71.6,10%,2e-09,73.11,1028493,"=HYPERLINK(""https://www.ncbi.nlm.nih.gov/nuccore/SWKJ01000206"",""SWKJ01000206.1"")"
"Colletotrichum falcatum strain Cf671 transcript_2294, whole genome shotgun sequence",71.6,71.6,10%,2e-09,73.11,20992,"=HYPERLINK(""https://www.ncbi.nlm.nih.gov/nuccore/LPVI01002294"",""LPVI01002294.1"")"
"Neonectria punicea strain NRRL 64653 scaffold_247, whole genome shotgun sequence",71.6,71.6,23%,2e-09,65.80,70775,"=HYPERLINK(""https://www.ncbi.nlm.nih.gov/nucleotide/JAZAVJ010000247.1?report=genbank&log$=nucltop&blast_rank=69&RID=5VZ3FBJF016"",""JAZAVJ010000247.1"")"
"Zalaria obscura strain FKI-L7-BK-DRAB2 NODE_16_length_858647_cov_6.945866, whole genome shotgun sequence",71.6,71.6,7%,2e-09,77.53,858647,"=HYPERLINK(""https://www.ncbi.nlm.nih.gov/nucleotide/JAKLMU010000016.1?report=genbank&log$=nucltop&blast_rank=70&RID=5VZ3FBJF016"",""JAKLMU010000016.1"")"
"Colletotrichum magnum strain WT scaffold_7, whole genome shotgun sequence",71.6,71.6,23%,2e-09,65.80,452074,"=HYPERLINK(""https://www.ncbi.nlm.nih.gov/nucleotide/JAJHHK010000008.1?report=genbank&log$=nucltop&blast_rank=71&RID=5VZ3FBJF016"",""JAJHHK010000008.1"")"
"Colletotrichum falcatum strain MAFF306170 LX36scaffold_309_Cont592, whole genome shotgun sequence",71.6,71.6,10%,2e-09,73.11,53279,"=HYPERLINK(""https://www.ncbi.nlm.nih.gov/nucleotide/JAHLKA010000592.1?report=genbank&log$=nucltop&blast_rank=72&RID=5VZ3FBJF016"",""JAHLKA010000592.1"")"
"Fusarium cyanostomum strain NRRL 53998 F_cyanostomum_53998_contig_0000163, whole genome shotgun sequence",71.6,71.6,23%,2e-09,65.80,43008,"=HYPERLINK(""https://www.ncbi.nlm.nih.gov/nucleotide/JABCKW010000163.1?report=genbank&log$=nucltop&blast_rank=73&RID=5VZ3FBJF016"",""JABCKW010000163.1"")"
"Colletotrichum sojae strain LFN0009 Scaffold_0652, whole genome shotgun sequence",70.7,70.7,22%,6e-09,66.14,11736,"=HYPERLINK(""https://www.ncbi.nlm.nih.gov/nuccore/WIGN01000652"",""WIGN01000652.1"")"
"Colletotrichum lentis isolate CT-30 scaffold1, whole genome shotgun sequence",70.7,70.7,8%,6e-09,76.92,6569577,"=HYPERLINK(""https://www.ncbi.nlm.nih.gov/nuccore/NWBT01000048"",""NWBT01000048.1"")"
"Hirsutella rhossiliensis strain OWVT-1 HIR_Scf_35, whole genome shotgun sequence",70.7,70.7,11%,6e-09,73.08,185201,"=HYPERLINK(""https://www.ncbi.nlm.nih.gov/nuccore/MPJM01000035"",""MPJM01000035.1"")"
"Hirsutella rhossiliensis strain HR02 scaffold00001, whole genome shotgun sequence",70.7,70.7,11%,6e-09,73.08,11993412,"=HYPERLINK(""https://www.ncbi.nlm.nih.gov/nucleotide/JAIZPD010000001.1?report=genbank&log$=nucltop&blast_rank=77&RID=5VZ3FBJF016"",""JAIZPD010000001.1"")"
"Colletotrichum higginsianum IMI 349063 WGS project CACQ00000000 data, contig cont1.3450, whole genome shotgun sequence",70.7,70.7,8%,6e-09,76.92,4848,"=HYPERLINK(""https://www.ncbi.nlm.nih.gov/nuccore/CACQ02002958"",""CACQ02002958.1"")"
"Colletotrichum musicola strain LFN0074 Scaffold_0062, whole genome shotgun sequence",69.8,69.8,10%,6e-09,72.36,99869,"=HYPERLINK(""https://www.ncbi.nlm.nih.gov/nuccore/WIGM01000062"",""WIGM01000062.1"")"
"Lasiodiplodia theobromae strain 307 scaffold96, whole genome shotgun sequence",68.9,68.9,10%,2e-08,72.00,583545,"=HYPERLINK(""https://www.ncbi.nlm.nih.gov/nuccore/VOPK01000096"",""VOPK01000096.1"")"
"Lasiodiplodia sp. COLG20 Scaffold_16, whole genome shotgun sequence",68.9,68.9,10%,2e-08,72.00,324975,"=HYPERLINK(""https://www.ncbi.nlm.nih.gov/nuccore/VNWV01000016"",""VNWV01000016.1"")"
"Lasiodiplodia sp. COLG96 NODE_124_length_67384_cov_1.73448, whole genome shotgun sequence",68.9,68.9,10%,2e-08,72.00,67384,"=HYPERLINK(""https://www.ncbi.nlm.nih.gov/nuccore/VNWU01000124"",""VNWU01000124.1"")"
"Lasiodiplodia pseudotheobromae strain CBS 116459 NODE_349_length_131931_cov_27.601337, whole genome shotgun sequence",68.9,68.9,10%,2e-08,72.00,132019,"=HYPERLINK(""https://www.ncbi.nlm.nih.gov/nuccore/RHKG01000292"",""RHKG01000292.1"")"
"Lasiodiplodia theobromae strain AM2As scaffold_48, whole genome shotgun sequence",68.9,68.9,10%,2e-08,72.00,306877,"=HYPERLINK(""https://www.ncbi.nlm.nih.gov/nuccore/QCYV01000239"",""QCYV01000239.1"")"
"Colletotrichum nymphaeae SA-01 Scaffold_868.1, whole genome shotgun sequence",68.9,68.9,7%,2e-08,78.75,155046,"=HYPERLINK(""https://www.ncbi.nlm.nih.gov/nuccore/JEMN01001739"",""JEMN01001739.1"")"
"Lasiodiplodia hormozganensis strain CBS 339.90 scaffold57, whole genome shotgun sequence",68.9,68.9,10%,2e-08,72.00,195237,"=HYPERLINK(""https://www.ncbi.nlm.nih.gov/nucleotide/JAUJDW010000057.1?report=genbank&log$=nucltop&blast_rank=86&RID=5VZ3FBJF016"",""JAUJDW010000057.1"")"
"Colletotrichum fioriniae PJ7 Scaffold_29.1, whole genome shotgun sequence",68.9,68.9,7%,2e-08,78.75,347388,"=HYPERLINK(""https://www.ncbi.nlm.nih.gov/nuccore/JARH01000321"",""JARH01000321.1"")"
"Lasiodiplodia pseudotheobromae strain BaA scaffold35, whole genome shotgun sequence",68.9,68.9,10%,2e-08,72.00,433847,"=HYPERLINK(""https://www.ncbi.nlm.nih.gov/nucleotide/JAMJPI010000035.1?report=genbank&log$=nucltop&blast_rank=88&RID=5VZ3FBJF016"",""JAMJPI010000035.1"")"
"Lasiodiplodia theobromae strain JMB122 Scaffold10, whole genome shotgun sequence",68.9,68.9,10%,2e-08,72.00,2144216,"=HYPERLINK(""https://www.ncbi.nlm.nih.gov/nucleotide/JAJSDP010000010.1?report=genbank&log$=nucltop&blast_rank=89&RID=5VZ3FBJF016"",""JAJSDP010000010.1"")"
"Macrophomina phaseolina strain KE8337 scaffold_24, whole genome shotgun sequence",68.9,68.9,10%,2e-08,72.00,476870,"=HYPERLINK(""https://www.ncbi.nlm.nih.gov/nucleotide/JAJNLW010000024.1?report=genbank&log$=nucltop&blast_rank=90&RID=5VZ3FBJF016"",""JAJNLW010000024.1"")"
"Lasiodiplodia citricola strain KE87127 scaffold_24, whole genome shotgun sequence",68.9,68.9,10%,2e-08,72.00,548776,"=HYPERLINK(""https://www.ncbi.nlm.nih.gov/nucleotide/JAJNLL010000024.1?report=genbank&log$=nucltop&blast_rank=91&RID=5VZ3FBJF016"",""JAJNLL010000024.1"")"
"Lasiodiplodia theobromae strain KE88423 scaffold_48, whole genome shotgun sequence",68.9,68.9,10%,2e-08,72.00,284856,"=HYPERLINK(""https://www.ncbi.nlm.nih.gov/nucleotide/JAJMYQ010000048.1?report=genbank&log$=nucltop&blast_rank=92&RID=5VZ3FBJF016"",""JAJMYQ010000048.1"")"
"Lasiodiplodia theobromae strain KE8366 scaffold_86, whole genome shotgun sequence",68.9,68.9,10%,2e-08,72.00,102516,"=HYPERLINK(""https://www.ncbi.nlm.nih.gov/nucleotide/JAJMYM010000086.1?report=genbank&log$=nucltop&blast_rank=93&RID=5VZ3FBJF016"",""JAJMYM010000086.1"")"
"Botryosphaeria dothidea strain KE12_32 scaffold_99, whole genome shotgun sequence",68.9,68.9,10%,2e-08,72.00,102498,"=HYPERLINK(""https://www.ncbi.nlm.nih.gov/nucleotide/JAJMWT010000099.1?report=genbank&log$=nucltop&blast_rank=94&RID=5VZ3FBJF016"",""JAJMWT010000099.1"")"
"Botryosphaeria kuwatsukai strain KE8637 scaffold_29, whole genome shotgun sequence",68.9,68.9,10%,2e-08,72.00,479112,"=HYPERLINK(""https://www.ncbi.nlm.nih.gov/nucleotide/JAJMVU010000029.1?report=genbank&log$=nucltop&blast_rank=95&RID=5VZ3FBJF016"",""JAJMVU010000029.1"")"
"Colletotrichum fioriniae strain 42949 NODE_31_length_88956_cov_12.929443, whole genome shotgun sequence",68.9,68.9,7%,2e-08,78.75,88956,"=HYPERLINK(""https://www.ncbi.nlm.nih.gov/nucleotide/JACVST010000031.1?report=genbank&log$=nucltop&blast_rank=96&RID=5VZ3FBJF016"",""JACVST010000031.1"")"
"Colletotrichum fioriniae strain 42872 A NODE_48_length_88970_cov_18.595727, whole genome shotgun sequence",68.9,68.9,7%,2e-08,78.75,88970,"=HYPERLINK(""https://www.ncbi.nlm.nih.gov/nucleotide/JACTOH010000047.1?report=genbank&log$=nucltop&blast_rank=97&RID=5VZ3FBJF016"",""JACTOH010000047.1"")"
"Colletotrichum nymphaeae strain HC646 4560_S3_HC646_contig389, whole genome shotgun sequence",68.9,68.9,7%,2e-08,78.75,149633,"=HYPERLINK(""https://www.ncbi.nlm.nih.gov/nucleotide/JABGMV010000371.1?report=genbank&log$=nucltop&blast_rank=98&RID=5VZ3FBJF016"",""JABGMV010000371.1"")"
"Colletotrichum nymphaeae strain KY563 5101_S2_S2_contig110, whole genome shotgun sequence",68.9,68.9,7%,2e-08,78.75,183820,"=HYPERLINK(""https://www.ncbi.nlm.nih.gov/nucleotide/JABGMG010000092.1?report=genbank&log$=nucltop&blast_rank=99&RID=5VZ3FBJF016"",""JABGMG010000092.1"")"
"Colletotrichum nymphaeae strain KY567 5101_S3_S3_contig431, whole genome shotgun sequence",68.9,68.9,7%,2e-08,78.75,183928,"=HYPERLINK(""https://www.ncbi.nlm.nih.gov/nucleotide/JABGMF010000344.1?report=genbank&log$=nucltop&blast_rank=100&RID=5VZ3FBJF016"",""JABGMF010000344.1"")"



		


