Description,Max Score,Total Score,Query Cover,E value,Per. ident,Acc. Len,Accession  
"Uromyces transversalis strain FL11_1 FL11-1_168091, whole genome shotgun sequence",347,347,71%,2e-92,68.19,2093,"=HYPERLINK(""https://www.ncbi.nlm.nih.gov/nuccore/PTJQ01168091"",""PTJQ01168091.1"")"
"Penicillium sp. MT2 MMC-2018 NODE_61, whole genome shotgun sequence",256,256,40%,7e-65,69.50,173619,"=HYPERLINK(""https://www.ncbi.nlm.nih.gov/nuccore/PZKB01000061"",""PZKB01000061.1"")"
"Mycosphaerella populi pn0402 contig422_0, whole genome shotgun sequence",252,353,55%,9e-64,69.35,60652,"=HYPERLINK(""https://www.ncbi.nlm.nih.gov/nuccore/MWPW01000991"",""MWPW01000991.1"")"
"Tympanopsis confertula voucher IRGN:4ROQFWI7QX 4, whole genome shotgun sequence",242,441,65%,2e-60,68.96,1769145,"=HYPERLINK(""https://www.ncbi.nlm.nih.gov/nucleotide/JAOYNU010000004.1?report=genbank&log$=nucltop&blast_rank=4&RID=5VZFKN78016"",""JAOYNU010000004.1"")"
"Alternaria alstroemeriae strain LH_A124 NODE_17_length_745505_cov_63.679054, whole genome shotgun sequence",187,187,40%,3e-44,67.17,745505,"=HYPERLINK(""https://www.ncbi.nlm.nih.gov/nucleotide/JAWLTT010000017.1?report=genbank&log$=nucltop&blast_rank=5&RID=5VZFKN78016"",""JAWLTT010000017.1"")"
"Alternaria destruens strain LH_A593 NODE_24_length_503287_cov_48.352886, whole genome shotgun sequence",187,187,40%,3e-44,67.17,503287,"=HYPERLINK(""https://www.ncbi.nlm.nih.gov/nucleotide/JAWLTQ010000024.1?report=genbank&log$=nucltop&blast_rank=6&RID=5VZFKN78016"",""JAWLTQ010000024.1"")"
"Eurotiomycetes sp. MA 6038 contig00001, whole genome shotgun sequence",178,178,40%,2e-41,66.61,324806,"=HYPERLINK(""https://www.ncbi.nlm.nih.gov/nuccore/PQME02000001"",""PQME02000001.1"")"
"Uromyces transversalis strain FL11_1 FL11-1_389603, whole genome shotgun sequence",168,168,22%,9e-39,71.51,345,"=HYPERLINK(""https://www.ncbi.nlm.nih.gov/nuccore/PTJQ01389603"",""PTJQ01389603.1"")"
"Uromyces transversalis strain FL11_1 FL11-1_215123, whole genome shotgun sequence",168,168,6%,9e-39,100.00,225,"=HYPERLINK(""https://www.ncbi.nlm.nih.gov/nuccore/PTJQ01215123"",""PTJQ01215123.1"")"
"Eurotiomycetes sp. MA 6039 contig00217, whole genome shotgun sequence",162,162,40%,1e-36,66.00,30937,"=HYPERLINK(""https://www.ncbi.nlm.nih.gov/nuccore/PQMF01000217"",""PQMF01000217.1"")"
"Bertia moriformis strain D4H25SX9FM voucher IRGN:LVLPEM49V6 4081, whole genome shotgun sequence",155,155,40%,2e-34,66.78,18190,"=HYPERLINK(""https://www.ncbi.nlm.nih.gov/nucleotide/JAOYNC020004081.1?report=genbank&log$=nucltop&blast_rank=11&RID=5VZFKN78016"",""JAOYNC020004081.1"")"
"Aspergillus sp. 'subgen. Cremei' strain IBT 35662 utg000008l_segment0_segment0, whole genome shotgun sequence",145,225,49%,1e-31,66.94,5064306,"=HYPERLINK(""https://www.ncbi.nlm.nih.gov/nucleotide/JAFBMR010000008.1?report=genbank&log$=nucltop&blast_rank=12&RID=5VZFKN78016"",""JAFBMR010000008.1"")"
"Zalaria obscura strain FKI-L7-BK-DRAB2 NODE_32_length_594467_cov_6.873940, whole genome shotgun sequence",143,143,40%,3e-31,66.05,594467,"=HYPERLINK(""https://www.ncbi.nlm.nih.gov/nucleotide/JAKLMU010000032.1?report=genbank&log$=nucltop&blast_rank=13&RID=5VZFKN78016"",""JAKLMU010000032.1"")"
"Aspergillus sp. 'subgen. Cremei' strain IBT 35662 utg000005l_segment0_segment0, whole genome shotgun sequence",135,135,16%,2e-28,72.31,4532342,"=HYPERLINK(""https://www.ncbi.nlm.nih.gov/nucleotide/JAFBMR010000005.1?report=genbank&log$=nucltop&blast_rank=14&RID=5VZFKN78016"",""JAFBMR010000005.1"")"
"Penicillium sp. MT2 MMC-2018 NODE_70, whole genome shotgun sequence",122,192,51%,1e-24,65.39,153886,"=HYPERLINK(""https://www.ncbi.nlm.nih.gov/nuccore/PZKB01000070"",""PZKB01000070.1"")"
"Emergomyces africanus strain CBS 136260 supercont2.327, whole genome shotgun sequence",117,117,11%,5e-23,75.45,20229,"=HYPERLINK(""https://www.ncbi.nlm.nih.gov/nuccore/LGUA01000327"",""LGUA01000327.1"")"
"Emergomyces orientalis strain 5z489 scaffold68, whole genome shotgun sequence",113,113,8%,6e-22,79.70,1567440,"=HYPERLINK(""https://www.ncbi.nlm.nih.gov/nuccore/MOWL01000068"",""MOWL01000068.1"")"
"Iodosphaeria phyllophila voucher IRGN:GE5HT45T11 15694, whole genome shotgun sequence",113,113,17%,6e-22,70.08,2728,"=HYPERLINK(""https://www.ncbi.nlm.nih.gov/nucleotide/JAOYMO020015694.1?report=genbank&log$=nucltop&blast_rank=18&RID=5VZFKN78016"",""JAOYMO020015694.1"")"
"Emergomyces orientalis strain 000701 contig00104, whole genome shotgun sequence",113,113,8%,6e-22,79.70,90774,"=HYPERLINK(""https://www.ncbi.nlm.nih.gov/nucleotide/JAHWZZ010000104.1?report=genbank&log$=nucltop&blast_rank=19&RID=5VZFKN78016"",""JAHWZZ010000104.1"")"
"Spiromastix sp. SCSIO F190 Contig11, whole genome shotgun sequence",113,177,46%,6e-22,64.73,132121,"=HYPERLINK(""https://www.ncbi.nlm.nih.gov/nuccore/WXTY01000011"",""WXTY01000011.1"")"
"Byssochlamys sp. IMV 00236 jcf7180000200357, whole genome shotgun sequence",112,112,17%,2e-21,69.69,124850,"=HYPERLINK(""https://www.ncbi.nlm.nih.gov/nuccore/MSJH02000674"",""MSJH02000674.1"")"
"Emmonsia crescens UAMH 3008 supercont1.108, whole genome shotgun sequence",108,108,7%,2e-20,81.25,152203,"=HYPERLINK(""https://www.ncbi.nlm.nih.gov/nuccore/LCZI01000091"",""LCZI01000091.1"")"
"Spiromastix sp. SCSIO F190 Contig4, whole genome shotgun sequence",105,105,21%,9e-20,67.30,5194299,"=HYPERLINK(""https://www.ncbi.nlm.nih.gov/nuccore/WXTY01000004"",""WXTY01000004.1"")"
"Histoplasma capsulatum var. capsulatum Tmu contig_5373, whole genome shotgun sequence",103,103,11%,1e-18,74.40,35077,"=HYPERLINK(""https://www.ncbi.nlm.nih.gov/nuccore/AMXR01005207"",""AMXR01005207.1"")"
"Histoplasma capsulatum H143 cont2.2642, whole genome shotgun sequence",103,103,11%,1e-18,74.40,7023,"=HYPERLINK(""https://www.ncbi.nlm.nih.gov/nuccore/ABRK01002642"",""ABRK01002642.1"")"
"Histoplasma capsulatum var. duboisii H88 cont1.121, whole genome shotgun sequence",103,103,11%,1e-18,74.40,111387,"=HYPERLINK(""https://www.ncbi.nlm.nih.gov/nuccore/ABRJ01000121"",""ABRJ01000121.1"")"
"Blastomyces gilchristii SLH14081 cont1.19, whole genome shotgun sequence",101,101,7%,4e-18,79.65,237079,"=HYPERLINK(""https://www.ncbi.nlm.nih.gov/nuccore/ACBU01000019"",""ACBU01000019.1"")"
"Blastomyces dermatitidis ER-3 cont1.477, whole genome shotgun sequence",101,101,7%,4e-18,79.65,693529,"=HYPERLINK(""https://www.ncbi.nlm.nih.gov/nuccore/ACBT01000477"",""ACBT01000477.1"")"
"Polytolypa hystricis UAMH7299 supercont1.137, whole genome shotgun sequence",99.6,99.6,31%,1e-17,64.72,91157,"=HYPERLINK(""https://www.ncbi.nlm.nih.gov/nuccore/PDNA01000137"",""PDNA01000137.1"")"
"Blastomyces silverae strain UAMH 139 supercont1.2999, whole genome shotgun sequence",99.6,99.6,10%,1e-17,74.34,17473,"=HYPERLINK(""https://www.ncbi.nlm.nih.gov/nuccore/LDEV01002222"",""LDEV01002222.1"")"
"Iodosphaeria phyllophila voucher IRGN:GE5HT45T11 172609, whole genome shotgun sequence",97.8,97.8,18%,4e-17,68.36,1843,"=HYPERLINK(""https://www.ncbi.nlm.nih.gov/nucleotide/JAOYMO020172609.1?report=genbank&log$=nucltop&blast_rank=31&RID=5VZFKN78016"",""JAOYMO020172609.1"")"
"Blastomyces dermatitidis ATCC 18187 cont1.1879, whole genome shotgun sequence",97.8,97.8,7%,4e-17,79.28,3127,"=HYPERLINK(""https://www.ncbi.nlm.nih.gov/nuccore/AJJV01001879"",""AJJV01001879.1"")"
"Blastomyces dermatitidis ATCC 26199 cont1.85, whole genome shotgun sequence",97.8,97.8,7%,4e-17,79.28,56654,"=HYPERLINK(""https://www.ncbi.nlm.nih.gov/nuccore/AEII01000085"",""AEII01000085.1"")"
"Blastomyces dermatitidis ATCC 18188 cont1.176, whole genome shotgun sequence",97.8,97.8,7%,4e-17,79.28,19906,"=HYPERLINK(""https://www.ncbi.nlm.nih.gov/nuccore/ADMK01000176"",""ADMK01000176.1"")"
"Emmonsia crescens strain UAMH4076 supercont1.34, whole genome shotgun sequence",96.9,96.9,8%,4e-17,77.10,165103,"=HYPERLINK(""https://www.ncbi.nlm.nih.gov/nuccore/PDND01000034"",""PDND01000034.1"")"
"Histoplasma mississippiense (nom. inval.) strain NAm1 cont1.605, whole genome shotgun sequence",96.9,96.9,11%,4e-17,74.12,36649,"=HYPERLINK(""https://www.ncbi.nlm.nih.gov/nuccore/AAJI01000605"",""AAJI01000605.1"")"
"Bertia moriformis strain D4H25SX9FM voucher IRGN:LVLPEM49V6 74814, whole genome shotgun sequence",96.0,162,26%,2e-16,68.57,8068,"=HYPERLINK(""https://www.ncbi.nlm.nih.gov/nucleotide/JAOYNC020074814.1?report=genbank&log$=nucltop&blast_rank=37&RID=5VZFKN78016"",""JAOYNC020074814.1"")"
"Histoplasma ohiense (nom. inval.) strain G217B HcG217B02, whole genome shotgun sequence",96.0,96.0,11%,2e-16,73.78,6680169,"=HYPERLINK(""https://www.ncbi.nlm.nih.gov/nucleotide/JAEVHH010000003.1?report=genbank&log$=nucltop&blast_rank=38&RID=5VZFKN78016"",""JAEVHH010000003.1"")"
"Histoplasma ohiense (nom. inval.) strain G217B HISTO_ZZ.Contig127, whole genome shotgun sequence",96.0,96.0,11%,2e-16,73.78,1619527,"=HYPERLINK(""https://www.ncbi.nlm.nih.gov/nuccore/ABBT01000237"",""ABBT01000237.1"")"
"Blastomyces percursus strain IHEM 26957 1724, whole genome shotgun sequence",95.1,95.1,29%,2e-16,65.54,26855,"=HYPERLINK(""https://www.ncbi.nlm.nih.gov/nucleotide/JAFEJC010001724.1?report=genbank&log$=nucltop&blast_rank=40&RID=5VZFKN78016"",""JAFEJC010001724.1"")"
"Paracoccidioides brasiliensis strain Pb300 supercont1.59, whole genome shotgun sequence",94.2,94.2,16%,5e-16,69.26,72605,"=HYPERLINK(""https://www.ncbi.nlm.nih.gov/nuccore/LZYO01000059"",""LZYO01000059.1"")"
"Paracoccidioides brasiliensis strain CNH supercont1.64, whole genome shotgun sequence",94.2,94.2,16%,5e-16,69.26,161392,"=HYPERLINK(""https://www.ncbi.nlm.nih.gov/nuccore/LYUC01000064"",""LYUC01000064.1"")"
"Histoplasma capsulatum strain G184AR HcG184AR01, whole genome shotgun sequence",94.2,94.2,11%,5e-16,73.21,5266693,"=HYPERLINK(""https://www.ncbi.nlm.nih.gov/nucleotide/JAEVHI010000002.1?report=genbank&log$=nucltop&blast_rank=43&RID=5VZFKN78016"",""JAEVHI010000002.1"")"
"Histoplasma capsulatum strain G186A jcf7180000002461, whole genome shotgun sequence",94.2,94.2,11%,5e-16,73.21,1202297,"=HYPERLINK(""https://www.ncbi.nlm.nih.gov/nucleotide/JABBCE010000143.1?report=genbank&log$=nucltop&blast_rank=44&RID=5VZFKN78016"",""JABBCE010000143.1"")"
"Paracoccidioides brasiliensis Pb18 cont2.136, whole genome shotgun sequence",94.2,94.2,16%,5e-16,69.26,119589,"=HYPERLINK(""https://www.ncbi.nlm.nih.gov/nuccore/ABKI02000136"",""ABKI02000136.1"")"
"Paracoccidioides brasiliensis Pb03 cont2.26, whole genome shotgun sequence",94.2,94.2,16%,5e-16,69.26,11919,"=HYPERLINK(""https://www.ncbi.nlm.nih.gov/nuccore/ABHV02000026"",""ABHV02000026.1"")"
"Histoplasma capsulatum G186AR cont2.94, whole genome shotgun sequence",94.2,94.2,11%,5e-16,73.21,182353,"=HYPERLINK(""https://www.ncbi.nlm.nih.gov/nuccore/ABBS02000094"",""ABBS02000094.1"")"
"Tympanopsis confertula voucher IRGN:4ROQFWI7QX 1, whole genome shotgun sequence",91.5,161,33%,2e-15,67.69,1946120,"=HYPERLINK(""https://www.ncbi.nlm.nih.gov/nucleotide/JAOYNU010000001.1?report=genbank&log$=nucltop&blast_rank=48&RID=5VZFKN78016"",""JAOYNU010000001.1"")"
"Blastomyces percursus strain MRL_BPNCPF4091 MRL_BPNCPF4091_contig_3030, whole genome shotgun sequence",90.6,90.6,29%,7e-15,65.32,18726,"=HYPERLINK(""https://www.ncbi.nlm.nih.gov/nuccore/QKWI01003029"",""QKWI01003029.1"")"
"Blastomyces percursus strain MRL_BPSD SANDILE_contig_6124, whole genome shotgun sequence",90.6,90.6,29%,7e-15,65.32,4217,"=HYPERLINK(""https://www.ncbi.nlm.nih.gov/nuccore/QGQT01006115"",""QGQT01006115.1"")"
"Blastomyces percursus strain MRL_BPOM Ostermeyer_contig_1910, whole genome shotgun sequence",90.6,90.6,29%,7e-15,65.32,19463,"=HYPERLINK(""https://www.ncbi.nlm.nih.gov/nuccore/QGQS01001909"",""QGQS01001909.1"")"
"Blastomyces percursus strain MRL_BPZV Zvousher_contig_1643, whole genome shotgun sequence",90.6,90.6,29%,7e-15,65.32,33760,"=HYPERLINK(""https://www.ncbi.nlm.nih.gov/nuccore/QGQR01001643"",""QGQR01001643.1"")"
"Blastomyces percursus strain MRL_BPM124 M124_contig_826, whole genome shotgun sequence",90.6,90.6,29%,7e-15,65.32,18370,"=HYPERLINK(""https://www.ncbi.nlm.nih.gov/nuccore/QGQQ01000826"",""QGQQ01000826.1"")"
"Blastomyces percursus strain MRL_BP1777 I777_contig_1544, whole genome shotgun sequence",90.6,90.6,29%,7e-15,65.32,18305,"=HYPERLINK(""https://www.ncbi.nlm.nih.gov/nuccore/QGQP01001544"",""QGQP01001544.1"")"
"Blastomyces percursus strain MRL_BPCN13 CN13_contig_1417, whole genome shotgun sequence",90.6,90.6,29%,7e-15,65.32,19210,"=HYPERLINK(""https://www.ncbi.nlm.nih.gov/nuccore/QGQO01001417"",""QGQO01001417.1"")"
"Blastomyces percursus strain MRL_BPX888 X888_contig_255, whole genome shotgun sequence",90.6,90.6,29%,7e-15,65.32,26860,"=HYPERLINK(""https://www.ncbi.nlm.nih.gov/nuccore/QGQN01000255"",""QGQN01000255.1"")"
"Blastomyces percursus strain MRL_BP13 B-derm-13_contig_2971, whole genome shotgun sequence",90.6,90.6,29%,7e-15,65.32,18340,"=HYPERLINK(""https://www.ncbi.nlm.nih.gov/nuccore/QGQM01002971"",""QGQM01002971.1"")"
"Blastomyces emzantsi strain MRL_BACNE6892 NCPF_contig_3030, whole genome shotgun sequence",90.6,90.6,29%,7e-15,65.32,18726,"=HYPERLINK(""https://www.ncbi.nlm.nih.gov/nuccore/QGQI01003030"",""QGQI01003030.1"")"
"Blastomyces percursus strain EI222 supercont2.405, whole genome shotgun sequence",90.6,90.6,29%,7e-15,65.32,18053,"=HYPERLINK(""https://www.ncbi.nlm.nih.gov/nuccore/LGTZ01000405"",""LGTZ01000405.1"")"
"Blastomyces percursus strain IHEM 26951 1724, whole genome shotgun sequence",90.6,90.6,29%,7e-15,65.32,26821,"=HYPERLINK(""https://www.ncbi.nlm.nih.gov/nucleotide/JAFEJF010001724.1?report=genbank&log$=nucltop&blast_rank=60&RID=5VZFKN78016"",""JAFEJF010001724.1"")"
"Blastomyces percursus strain IHEM 26955 1724, whole genome shotgun sequence",90.6,90.6,29%,7e-15,65.32,26855,"=HYPERLINK(""https://www.ncbi.nlm.nih.gov/nucleotide/JAFEJE010001724.1?report=genbank&log$=nucltop&blast_rank=61&RID=5VZFKN78016"",""JAFEJE010001724.1"")"
"Blastomyces percursus strain IHEM 26956 1724, whole genome shotgun sequence",90.6,90.6,29%,7e-15,65.32,26815,"=HYPERLINK(""https://www.ncbi.nlm.nih.gov/nucleotide/JAFEJD010001724.1?report=genbank&log$=nucltop&blast_rank=62&RID=5VZFKN78016"",""JAFEJD010001724.1"")"
"Arachnomyces peruvianus genome assembly, contig: hap_tig00000389_1_1, whole genome shotgun sequence",90.6,90.6,20%,7e-15,66.67,118204,"=HYPERLINK(""https://www.ncbi.nlm.nih.gov/nucleotide/CATIXE010000186.1?report=genbank&log$=nucltop&blast_rank=63&RID=5VZFKN78016"",""CATIXE010000186.1"")"
"Scortechinia acanthostroma voucher IRGN:8FM2PBQ7KK isolate 8FM2PBQ7KK 2, whole genome shotgun sequence",89.7,89.7,15%,7e-15,68.38,637152,"=HYPERLINK(""https://www.ncbi.nlm.nih.gov/nucleotide/JAABUG020000002.1?report=genbank&log$=nucltop&blast_rank=64&RID=5VZFKN78016"",""JAABUG020000002.1"")"
"Nannizzia gypsea CBS 118893 cont1.140, whole genome shotgun sequence",87.8,87.8,15%,2e-14,69.26,144313,"=HYPERLINK(""https://www.ncbi.nlm.nih.gov/nuccore/ABQE01000140"",""ABQE01000140.1"")"
"Emergomyces pasteurianus Ep9510 strain UAMH 9510 supercont1.18, whole genome shotgun sequence",86.0,86.0,9%,8e-14,72.79,127481,"=HYPERLINK(""https://www.ncbi.nlm.nih.gov/nuccore/LGRN01000018"",""LGRN01000018.1"")"
"Sabuloglossum arenarium voucher IRGN:OHW4XY2QZN isolate OHW4XY2QZN 28164, whole genome shotgun sequence",84.2,84.2,16%,3e-13,67.48,71316,"=HYPERLINK(""https://www.ncbi.nlm.nih.gov/nucleotide/JAJDMY020001144.1?report=genbank&log$=nucltop&blast_rank=67&RID=5VZFKN78016"",""JAJDMY020001144.1"")"
"MAG TPA_asm: Lasallia pustulata genome assembly, contig: NODE_950_length_14677_cov_7.142593, whole genome shotgun sequence",81.5,81.5,12%,3e-12,70.72,14677,"=HYPERLINK(""https://www.ncbi.nlm.nih.gov/nucleotide/CALGAY010000560.1?report=genbank&log$=nucltop&blast_rank=68&RID=5VZFKN78016"",""CALGAY010000560.1"")"
"Byssochlamys sp. IMV 00236 jcf7180000200613, whole genome shotgun sequence",80.6,80.6,16%,3e-12,67.07,240852,"=HYPERLINK(""https://www.ncbi.nlm.nih.gov/nuccore/MSJH02000794"",""MSJH02000794.1"")"
"Amauroascus verrucosus isolate UAMH 3576 scaffold1689, whole genome shotgun sequence",80.6,80.6,11%,3e-12,70.41,156324,"=HYPERLINK(""https://www.ncbi.nlm.nih.gov/nuccore/LJPJ01001971"",""LJPJ01001971.1"")"
"Microsporum audouinii strain IHEM 2214 ctg07, whole genome shotgun sequence",80.6,80.6,10%,3e-12,71.81,1371151,"=HYPERLINK(""https://www.ncbi.nlm.nih.gov/nucleotide/JAKELF010000005.1?report=genbank&log$=nucltop&blast_rank=71&RID=5VZFKN78016"",""JAKELF010000005.1"")"
"Mycosphaerella populi pn0402 contig913_1, whole genome shotgun sequence",79.7,79.7,27%,1e-11,64.45,47072,"=HYPERLINK(""https://www.ncbi.nlm.nih.gov/nuccore/MWPW01002140"",""MWPW01002140.1"")"
"Alternaria alstroemeriae strain LH_A124 NODE_35_length_378761_cov_63.999276, whole genome shotgun sequence",79.7,79.7,26%,1e-11,65.33,378761,"=HYPERLINK(""https://www.ncbi.nlm.nih.gov/nucleotide/JAWLTT010000035.1?report=genbank&log$=nucltop&blast_rank=73&RID=5VZFKN78016"",""JAWLTT010000035.1"")"
"Alternaria destruens strain LH_A593 NODE_36_length_245117_cov_47.980875, whole genome shotgun sequence",79.7,79.7,26%,1e-11,65.33,245117,"=HYPERLINK(""https://www.ncbi.nlm.nih.gov/nucleotide/JAWLTQ010000036.1?report=genbank&log$=nucltop&blast_rank=74&RID=5VZFKN78016"",""JAWLTQ010000036.1"")"
"MAG: Pycnora praestabilis isolate Spribille s.n. 21.07.2019/TS-e1952 picn_sp_pred_25, whole genome shotgun sequence",79.7,79.7,11%,1e-11,70.18,359923,"=HYPERLINK(""https://www.ncbi.nlm.nih.gov/nucleotide/JAPEUB010000025.1?report=genbank&log$=nucltop&blast_rank=75&RID=5VZFKN78016"",""JAPEUB010000025.1"")"
"MAG TPA_asm: Lasallia pustulata genome assembly, contig: NODE_21_length_48742_cov_10.576663, whole genome shotgun sequence",77.9,77.9,12%,4e-11,70.39,48742,"=HYPERLINK(""https://www.ncbi.nlm.nih.gov/nucleotide/CALGAX010000340.1?report=genbank&log$=nucltop&blast_rank=76&RID=5VZFKN78016"",""CALGAX010000340.1"")"
"Amauroascus niger isolate UAMH 3544 scaffold3484, whole genome shotgun sequence",77.0,77.0,13%,4e-11,68.78,45584,"=HYPERLINK(""https://www.ncbi.nlm.nih.gov/nuccore/LJPK01003287"",""LJPK01003287.1"")"
"Microsporum canis strain BMU 08102 tig00000140, whole genome shotgun sequence",77.0,77.0,19%,4e-11,66.44,9003426,"=HYPERLINK(""https://www.ncbi.nlm.nih.gov/nucleotide/JAOCQB010000002.1?report=genbank&log$=nucltop&blast_rank=78&RID=5VZFKN78016"",""JAOCQB010000002.1"")"
"Microsporum canis strain BMU 08359 000001F, whole genome shotgun sequence",77.0,77.0,19%,4e-11,66.44,3929071,"=HYPERLINK(""https://www.ncbi.nlm.nih.gov/nucleotide/JAOAUX010000002.1?report=genbank&log$=nucltop&blast_rank=79&RID=5VZFKN78016"",""JAOAUX010000002.1"")"
"MAG: Xylographa opegraphella isolate Spribille 41601 xyl_ope_11, whole genome shotgun sequence",77.0,77.0,10%,4e-11,70.37,500473,"=HYPERLINK(""https://www.ncbi.nlm.nih.gov/nucleotide/JALDZX010000011.1?report=genbank&log$=nucltop&blast_rank=80&RID=5VZFKN78016"",""JALDZX010000011.1"")"
"Microsporum canis CBS 113480 cont1.58, whole genome shotgun sequence",77.0,77.0,19%,4e-11,66.44,194784,"=HYPERLINK(""https://www.ncbi.nlm.nih.gov/nuccore/ABVF01000058"",""ABVF01000058.1"")"
"Coccidioides immitis strain WA_211 scaffold_2, whole genome shotgun sequence",75.2,75.2,14%,1e-10,67.42,4983804,"=HYPERLINK(""https://www.ncbi.nlm.nih.gov/nuccore/RHJW02000002"",""RHJW02000002.1"")"
"Echinosphaeria canescens voucher IRGN:UPH9WVSJ6L 245552, whole genome shotgun sequence",75.2,75.2,13%,1e-10,68.16,1765,"=HYPERLINK(""https://www.ncbi.nlm.nih.gov/nucleotide/JAOXNW010245552.1?report=genbank&log$=nucltop&blast_rank=83&RID=5VZFKN78016"",""JAOXNW010245552.1"")"
"Coccidioides posadasii strain 2566 scaffold_175, whole genome shotgun sequence",75.2,75.2,14%,1e-10,67.42,43474,"=HYPERLINK(""https://www.ncbi.nlm.nih.gov/nucleotide/JAJKKW010000175.1?report=genbank&log$=nucltop&blast_rank=84&RID=5VZFKN78016"",""JAJKKW010000175.1"")"
"Coccidioides posadasii strain 3796 scaffold_166, whole genome shotgun sequence",75.2,75.2,14%,1e-10,67.42,52291,"=HYPERLINK(""https://www.ncbi.nlm.nih.gov/nucleotide/JAJKKV010000166.1?report=genbank&log$=nucltop&blast_rank=85&RID=5VZFKN78016"",""JAJKKV010000166.1"")"
"MAG TPA_asm: Lasallia pustulata genome assembly, contig: NODE_168_length_54852_cov_9.111959, whole genome shotgun sequence",75.2,140,18%,1e-10,70.00,54852,"=HYPERLINK(""https://www.ncbi.nlm.nih.gov/nucleotide/CALGBA010000700.1?report=genbank&log$=nucltop&blast_rank=86&RID=5VZFKN78016"",""CALGBA010000700.1"")"
"MAG TPA_asm: Lasallia pustulata genome assembly, contig: NODE_27_length_48798_cov_14.477115, whole genome shotgun sequence",75.2,75.2,12%,1e-10,70.00,48798,"=HYPERLINK(""https://www.ncbi.nlm.nih.gov/nucleotide/CALFGR010002370.1?report=genbank&log$=nucltop&blast_rank=87&RID=5VZFKN78016"",""CALFGR010002370.1"")"
"MAG TPA_asm: Lasallia pustulata genome assembly, contig: NODE_7_length_48387_cov_7.122321, whole genome shotgun sequence",75.2,75.2,12%,1e-10,70.00,48387,"=HYPERLINK(""https://www.ncbi.nlm.nih.gov/nucleotide/CALEES010002025.1?report=genbank&log$=nucltop&blast_rank=88&RID=5VZFKN78016"",""CALEES010002025.1"")"
"Coccidioides posadasii C735 delta SOWgp gcontig_1105601051733, whole genome shotgun sequence",75.2,75.2,14%,1e-10,67.42,4385429,"=HYPERLINK(""https://www.ncbi.nlm.nih.gov/nuccore/ACFW01000025"",""ACFW01000025.1"")"
"Coccidioides posadasii CPA 0066 cont1.1072, whole genome shotgun sequence",75.2,75.2,14%,1e-10,67.42,13409,"=HYPERLINK(""https://www.ncbi.nlm.nih.gov/nuccore/ABIW01001072"",""ABIW01001072.1"")"
"Coccidioides posadasii RMSCC 1038 cont1.2295, whole genome shotgun sequence",75.2,75.2,14%,1e-10,67.42,7919,"=HYPERLINK(""https://www.ncbi.nlm.nih.gov/nuccore/ABIT01002295"",""ABIT01002295.1"")"
"Coccidioides posadasii RMSCC 3700 cont1.1406, whole genome shotgun sequence",75.2,75.2,14%,1e-10,67.42,8351,"=HYPERLINK(""https://www.ncbi.nlm.nih.gov/nuccore/ABFN01001406"",""ABFN01001406.1"")"
"Coccidioides posadasii RMSCC 2133 cont1.146, whole genome shotgun sequence",75.2,75.2,14%,1e-10,67.42,49091,"=HYPERLINK(""https://www.ncbi.nlm.nih.gov/nuccore/ABFM01000146"",""ABFM01000146.1"")"
"Coccidioides immitis RMSCC 3703 cont1.3204, whole genome shotgun sequence",75.2,75.2,14%,1e-10,67.42,7906,"=HYPERLINK(""https://www.ncbi.nlm.nih.gov/nuccore/ABBC01003204"",""ABBC01003204.1"")"
"Coccidioides posadasii RMSCC 3488 cont1.107, whole genome shotgun sequence",75.2,75.2,14%,1e-10,67.42,402761,"=HYPERLINK(""https://www.ncbi.nlm.nih.gov/nuccore/ABBB01000107"",""ABBB01000107.1"")"
"Coccidioides posadasii str. Silveira cont2.390, whole genome shotgun sequence",75.2,75.2,14%,1e-10,67.42,34595,"=HYPERLINK(""https://www.ncbi.nlm.nih.gov/nuccore/ABAI02000390"",""ABAI02000390.1"")"
"Coccidioides immitis RMSCC 2394 cont1.121, whole genome shotgun sequence",75.2,75.2,14%,1e-10,67.42,122248,"=HYPERLINK(""https://www.ncbi.nlm.nih.gov/nuccore/AATX01000121"",""AATX01000121.1"")"
"Coccidioides immitis H538.4 cont1.1140, whole genome shotgun sequence",75.2,75.2,14%,1e-10,67.42,16007,"=HYPERLINK(""https://www.ncbi.nlm.nih.gov/nuccore/AASO01001140"",""AASO01001140.1"")"
"Coccidioides immitis RS cont3.3, whole genome shotgun sequence",75.2,75.2,14%,1e-10,67.42,5259733,"=HYPERLINK(""https://www.ncbi.nlm.nih.gov/nuccore/AAEC03000003"",""AAEC03000003.1"")"
"Uromyces transversalis strain FL11_1 FL11-1_011838, whole genome shotgun sequence",73.4,73.4,8%,5e-10,72.31,1616,"=HYPERLINK(""https://www.ncbi.nlm.nih.gov/nuccore/PTJQ01011838"",""PTJQ01011838.1"")"



		


