Description,Max Score,Total Score,Query Cover,E value,Per. ident,Acc. Len,Accession  
"Bertia moriformis strain D4H25SX9FM voucher IRGN:LVLPEM49V6 74704, whole genome shotgun sequence",792,792,98%,0.0,74.26,161650,"=HYPERLINK(""https://www.ncbi.nlm.nih.gov/nucleotide/JAOYNC020074704.1?report=genbank&log$=nucltop&blast_rank=1&RID=5VZJDUXY016"",""JAOYNC020074704.1"")"
"Uromyces transversalis strain FL11_1 FL11-1_008103, whole genome shotgun sequence",666,666,29%,0.0,99.47,374,"=HYPERLINK(""https://www.ncbi.nlm.nih.gov/nuccore/PTJQ01008103"",""PTJQ01008103.1"")"
"Uromyces transversalis strain FL11_1 FL11-1_346346, whole genome shotgun sequence",434,434,19%,1e-118,100.00,241,"=HYPERLINK(""https://www.ncbi.nlm.nih.gov/nuccore/PTJQ01346346"",""PTJQ01346346.1"")"
"Uromyces transversalis strain FL11_1 FL11-1_465061, whole genome shotgun sequence",407,407,18%,2e-110,100.00,225,"=HYPERLINK(""https://www.ncbi.nlm.nih.gov/nuccore/PTJQ01465061"",""PTJQ01465061.1"")"
"Pseudogymnoascus sp. 05NY08 contig_482, whole genome shotgun sequence",325,325,96%,4e-86,66.67,14137,"=HYPERLINK(""https://www.ncbi.nlm.nih.gov/nuccore/LAJM01000482"",""LAJM01000482.1"")"
"Eremomyces bilateralis CBS 781.70 P152scaffold_5_Cont93, whole genome shotgun sequence",315,315,95%,8e-83,66.25,298294,"=HYPERLINK(""https://www.ncbi.nlm.nih.gov/nucleotide/JAADKC010000093.1?report=genbank&log$=nucltop&blast_rank=6&RID=5VZJDUXY016"",""JAADKC010000093.1"")"
"Pseudogymnoascus sp. VKM F-4516 (FW-969) contig_67, whole genome shotgun sequence",306,306,96%,4e-80,66.28,43223,"=HYPERLINK(""https://www.ncbi.nlm.nih.gov/nuccore/JPJZ01000067"",""JPJZ01000067.1"")"
"Pseudogymnoascus sp. VKM F-4514 (FW-929) contig_1365, whole genome shotgun sequence",306,306,96%,4e-80,66.28,15267,"=HYPERLINK(""https://www.ncbi.nlm.nih.gov/nuccore/JPJX01001365"",""JPJX01001365.1"")"
"Tympanopsis confertula voucher IRGN:4ROQFWI7QX 70858, whole genome shotgun sequence",294,294,82%,2e-76,66.73,174420,"=HYPERLINK(""https://www.ncbi.nlm.nih.gov/nucleotide/JAOYNU010070858.1?report=genbank&log$=nucltop&blast_rank=9&RID=5VZJDUXY016"",""JAOYNU010070858.1"")"
"Mycosphaerella populi pn0402 contig106_2, whole genome shotgun sequence",260,260,82%,1e-66,66.25,11002,"=HYPERLINK(""https://www.ncbi.nlm.nih.gov/nuccore/MWPW01000425"",""MWPW01000425.1"")"
"Rutstroemia sp. NJR-2017a WRK4 Contig_110, whole genome shotgun sequence",242,242,95%,4e-61,65.03,105269,"=HYPERLINK(""https://www.ncbi.nlm.nih.gov/nuccore/NJPR01000110"",""NJPR01000110.1"")"
"Rutstroemia sp. NJR-2017a BVV2 Contig_56, whole genome shotgun sequence",228,228,95%,9e-57,64.81,194404,"=HYPERLINK(""https://www.ncbi.nlm.nih.gov/nuccore/NJPS01000056"",""NJPS01000056.1"")"
"Pseudogymnoascus sp. BL308 scaffold133, whole genome shotgun sequence",224,224,96%,1e-55,64.50,69065,"=HYPERLINK(""https://www.ncbi.nlm.nih.gov/nuccore/LMYD01000133"",""LMYD01000133.1"")"
"Clarireedia sp. CPB17 CPB17_contig_185, whole genome shotgun sequence",224,288,75%,1e-55,66.55,21083,"=HYPERLINK(""https://www.ncbi.nlm.nih.gov/nuccore/LLKJ01000139"",""LLKJ01000139.1"")"
"Rutstroemia sp. NJR-2017a BBW Contig_57, whole genome shotgun sequence",222,222,94%,1e-54,64.94,110196,"=HYPERLINK(""https://www.ncbi.nlm.nih.gov/nuccore/NJPT01000057"",""NJPT01000057.1"")"
"Pseudogymnoascus sp. BL549 scaffold242, whole genome shotgun sequence",214,214,71%,2e-52,66.07,51954,"=HYPERLINK(""https://www.ncbi.nlm.nih.gov/nuccore/LNAR01000248"",""LNAR01000248.1"")"
"Fusarium sp. NRRL 66182 NRRL66182_c0004202, whole genome shotgun sequence",201,201,48%,1e-48,67.68,714,"=HYPERLINK(""https://www.ncbi.nlm.nih.gov/nucleotide/JABFAK010004201.1?report=genbank&log$=nucltop&blast_rank=17&RID=5VZJDUXY016"",""JABFAK010004201.1"")"
"Pseudogymnoascus sp. VKM F-4517 (FW-2822) contig_407, whole genome shotgun sequence",197,197,94%,1e-47,64.29,12829,"=HYPERLINK(""https://www.ncbi.nlm.nih.gov/nuccore/JPKA01000407"",""JPKA01000407.1"")"
"Pseudogymnoascus sp. SDFLT0511 scaffold2, whole genome shotgun sequence",192,192,94%,6e-46,64.12,3467155,"=HYPERLINK(""https://www.ncbi.nlm.nih.gov/nucleotide/JASCQD010000002.1?report=genbank&log$=nucltop&blast_rank=19&RID=5VZJDUXY016"",""JASCQD010000002.1"")"
"Pseudogymnoascus sp. 03VT05 contig_886, whole genome shotgun sequence",190,190,82%,2e-45,64.72,19593,"=HYPERLINK(""https://www.ncbi.nlm.nih.gov/nuccore/LAJN01000886"",""LAJN01000886.1"")"
"Pseudogymnoascus sp. VKM F-3808 contig_26, whole genome shotgun sequence",188,188,94%,8e-45,64.29,34350,"=HYPERLINK(""https://www.ncbi.nlm.nih.gov/nuccore/JPJR01000026"",""JPJR01000026.1"")"
"Neodidymelliopsis sp. IMI 364377 scaffold_120, whole genome shotgun sequence",187,187,67%,3e-44,65.76,75660,"=HYPERLINK(""https://www.ncbi.nlm.nih.gov/nucleotide/JAPEUT010000120.1?report=genbank&log$=nucltop&blast_rank=22&RID=5VZJDUXY016"",""JAPEUT010000120.1"")"
"Pseudogymnoascus sp. VKM F-3557 contig_2257, whole genome shotgun sequence",185,185,94%,9e-44,64.27,68582,"=HYPERLINK(""https://www.ncbi.nlm.nih.gov/nuccore/JPJS01002257"",""JPJS01002257.1"")"
"Pseudogymnoascus sp. VKM F-4513 (FW-928) contig_2349, whole genome shotgun sequence",179,179,83%,4e-42,64.55,52775,"=HYPERLINK(""https://www.ncbi.nlm.nih.gov/nuccore/JPJW01002349"",""JPJW01002349.1"")"
"Pseudogymnoascus sp. VKM F-4246 contig_2709, whole genome shotgun sequence",172,172,74%,6e-40,65.03,33659,"=HYPERLINK(""https://www.ncbi.nlm.nih.gov/nuccore/JPJU01002709"",""JPJU01002709.1"")"
"Pseudogymnoascus sp. VKM F-4516 (FW-969) contig_1600, whole genome shotgun sequence",167,167,48%,3e-38,66.61,102823,"=HYPERLINK(""https://www.ncbi.nlm.nih.gov/nuccore/JPJZ01001600"",""JPJZ01001600.1"")"
"Pseudogymnoascus sp. VKM F-4514 (FW-929) contig_2145, whole genome shotgun sequence",167,167,48%,3e-38,66.61,91086,"=HYPERLINK(""https://www.ncbi.nlm.nih.gov/nuccore/JPJX01002145"",""JPJX01002145.1"")"
"Pseudogymnoascus sp. 05NY08 contig_309, whole genome shotgun sequence",161,161,80%,1e-36,64.17,90834,"=HYPERLINK(""https://www.ncbi.nlm.nih.gov/nuccore/LAJM01000309"",""LAJM01000309.1"")"
"Uromyces transversalis strain FL11_1 FL11-1_101418, whole genome shotgun sequence",157,157,82%,5e-35,64.29,3806,"=HYPERLINK(""https://www.ncbi.nlm.nih.gov/nuccore/PTJQ01101418"",""PTJQ01101418.1"")"
"Arthrinium sp. KUC21332 contig6, whole genome shotgun sequence",156,156,51%,5e-35,66.41,2935670,"=HYPERLINK(""https://www.ncbi.nlm.nih.gov/nucleotide/JAFHKQ010000006.1?report=genbank&log$=nucltop&blast_rank=30&RID=5VZJDUXY016"",""JAFHKQ010000006.1"")"
"Onygenales sp. R13A2 strain PYS4502 ctg_18, whole genome shotgun sequence",155,155,97%,2e-34,63.43,642264,"=HYPERLINK(""https://www.ncbi.nlm.nih.gov/nucleotide/JAMAFV010000018.1?report=genbank&log$=nucltop&blast_rank=31&RID=5VZJDUXY016"",""JAMAFV010000018.1"")"
"Onygenales sp. R3503 strain PB3601 ctg_18, whole genome shotgun sequence",155,155,97%,2e-34,63.43,589392,"=HYPERLINK(""https://www.ncbi.nlm.nih.gov/nucleotide/JAMAFU010000018.1?report=genbank&log$=nucltop&blast_rank=32&RID=5VZJDUXY016"",""JAMAFU010000018.1"")"
"Scolecobasidium constrictum UM 578 UM578_contig242, whole genome shotgun sequence",142,142,71%,1e-30,64.35,187506,"=HYPERLINK(""https://www.ncbi.nlm.nih.gov/nuccore/AZYM01000228"",""AZYM01000228.1"")"
"Clarireedia paspali strain H3 H3_190, whole genome shotgun sequence",141,141,94%,3e-30,63.27,64134,"=HYPERLINK(""https://www.ncbi.nlm.nih.gov/nucleotide/JANGZZ010000190.1?report=genbank&log$=nucltop&blast_rank=34&RID=5VZJDUXY016"",""JANGZZ010000190.1"")"
"Clarireedia paspali strain H2 H2_249, whole genome shotgun sequence",141,141,94%,3e-30,63.27,43307,"=HYPERLINK(""https://www.ncbi.nlm.nih.gov/nucleotide/JANCMV010000249.1?report=genbank&log$=nucltop&blast_rank=35&RID=5VZJDUXY016"",""JANCMV010000249.1"")"
"Clarireedia aff. paspali H2 NODE_88_length_147382_cov_16.989357_C.Paspali_2, whole genome shotgun sequence",141,141,94%,3e-30,63.27,147382,"=HYPERLINK(""https://www.ncbi.nlm.nih.gov/nucleotide/JAJCXA010000088.1?report=genbank&log$=nucltop&blast_rank=36&RID=5VZJDUXY016"",""JAJCXA010000088.1"")"
"Mollisia scopiformis strain CBS 120377 LY89scaffold_31_Cont244, whole genome shotgun sequence",137,137,70%,4e-29,63.85,296667,"=HYPERLINK(""https://www.ncbi.nlm.nih.gov/nuccore/LKNI01000244"",""LKNI01000244.1"")"
"Hymenotorrendiella dingleyae strain D1086 isolate ICMP 22793 scaffold_198, whole genome shotgun sequence",136,136,73%,4e-29,63.78,60368,"=HYPERLINK(""https://www.ncbi.nlm.nih.gov/nuccore/QYAP01000199"",""QYAP01000199.1"")"
"Pseudogymnoascus verrucosus strain UAMH 10579 contig_79, whole genome shotgun sequence",135,135,81%,1e-28,63.38,407519,"=HYPERLINK(""https://www.ncbi.nlm.nih.gov/nuccore/LAJO01000079"",""LAJO01000079.1"")"
"Pseudogymnoascus sp. VKM F-103 contig_728, whole genome shotgun sequence",135,135,81%,1e-28,63.38,111796,"=HYPERLINK(""https://www.ncbi.nlm.nih.gov/nuccore/JPKB01000728"",""JPKB01000728.1"")"
"Elasticomyces elasticus strain CCFEE 5316 scaffold_2513, whole genome shotgun sequence",131,131,51%,2e-27,65.70,1409,"=HYPERLINK(""https://www.ncbi.nlm.nih.gov/nucleotide/JAVRQM010002513.1?report=genbank&log$=nucltop&blast_rank=41&RID=5VZJDUXY016"",""JAVRQM010002513.1"")"
"Epicoccum latusicollum strain HGUP191049 Contig_0002, whole genome shotgun sequence",131,131,70%,2e-27,64.35,4138377,"=HYPERLINK(""https://www.ncbi.nlm.nih.gov/nucleotide/JANURY010000002.1?report=genbank&log$=nucltop&blast_rank=42&RID=5VZJDUXY016"",""JANURY010000002.1"")"
"Mycocentrospora acerina isolate HS17-4 scaffold249, whole genome shotgun sequence",130,130,67%,6e-27,64.23,863733,"=HYPERLINK(""https://www.ncbi.nlm.nih.gov/nucleotide/JAKUHH010000395.1?report=genbank&log$=nucltop&blast_rank=43&RID=5VZJDUXY016"",""JAKUHH010000395.1"")"
"Xylariaceae sp. FL1272 GGR57scaffold_74, whole genome shotgun sequence",129,129,62%,6e-27,64.24,206927,"=HYPERLINK(""https://www.ncbi.nlm.nih.gov/nucleotide/JAJJXC010000074.1?report=genbank&log$=nucltop&blast_rank=44&RID=5VZJDUXY016"",""JAJJXC010000074.1"")"
"Venturia nashicola strain Yasato 2-1-1 Vn51, whole genome shotgun sequence",128,128,70%,2e-26,64.09,122112,"=HYPERLINK(""https://www.ncbi.nlm.nih.gov/nuccore/VCHV01000051"",""VCHV01000051.1"")"
"Phoma sp. YAFEF320 scaffold16, whole genome shotgun sequence",124,124,47%,3e-25,65.67,916228,"=HYPERLINK(""https://www.ncbi.nlm.nih.gov/nucleotide/JAVLWG010000016.1?report=genbank&log$=nucltop&blast_rank=46&RID=5VZJDUXY016"",""JAVLWG010000016.1"")"
"Epicoccum latusicollum strain T41 Contig1, whole genome shotgun sequence",124,124,47%,3e-25,65.67,4035947,"=HYPERLINK(""https://www.ncbi.nlm.nih.gov/nucleotide/JACCMO010000001.1?report=genbank&log$=nucltop&blast_rank=47&RID=5VZJDUXY016"",""JACCMO010000001.1"")"
"Venturia nashicola strain MAFF615029 MAFF615029_SCAF0009, whole genome shotgun sequence",123,123,70%,3e-25,63.97,1797253,"=HYPERLINK(""https://www.ncbi.nlm.nih.gov/nuccore/SNSD01000009"",""SNSD01000009.1"")"
"Venturia nashicola strain PRI2 Scaffold_09, whole genome shotgun sequence",123,123,70%,3e-25,63.97,1800597,"=HYPERLINK(""https://www.ncbi.nlm.nih.gov/nuccore/SNSC02000009"",""SNSC02000009.1"")"
"Mycocentrospora acerina strain CBS 105.43 NODE_12_length_426417_cov_46.149274, whole genome shotgun sequence",122,122,67%,9e-25,64.07,426417,"=HYPERLINK(""https://www.ncbi.nlm.nih.gov/nucleotide/JAGKQC010000012.1?report=genbank&log$=nucltop&blast_rank=50&RID=5VZJDUXY016"",""JAGKQC010000012.1"")"
"Helicocarpus griseus UAMH5409 supercont1.5, whole genome shotgun sequence",121,121,70%,3e-24,63.89,381276,"=HYPERLINK(""https://www.ncbi.nlm.nih.gov/nuccore/PDNB01000005"",""PDNB01000005.1"")"
"Clonostachys rosea strain ACM941 scf_038_consensus, whole genome shotgun sequence",121,121,45%,3e-24,66.38,540170,"=HYPERLINK(""https://www.ncbi.nlm.nih.gov/nucleotide/JACYFL010000038.1?report=genbank&log$=nucltop&blast_rank=52&RID=5VZJDUXY016"",""JACYFL010000038.1"")"
"Clonostachys rosea f. rosea IK726 genome assembly, contig: unitig_114, whole genome shotgun sequence",121,121,45%,3e-24,66.38,740124,"=HYPERLINK(""https://www.ncbi.nlm.nih.gov/nucleotide/CADEHS020000055.2?report=genbank&log$=nucltop&blast_rank=53&RID=5VZJDUXY016"",""CADEHS020000055.2"")"
"Clonostachys rosea strain 88-710 scf_038_consensus, whole genome shotgun sequence",119,119,45%,1e-23,66.67,544753,"=HYPERLINK(""https://www.ncbi.nlm.nih.gov/nucleotide/JACYFM010000038.1?report=genbank&log$=nucltop&blast_rank=54&RID=5VZJDUXY016"",""JACYFM010000038.1"")"
"Margaritispora aquatica strain NNIBRFG339 scaffold22, whole genome shotgun sequence",117,117,58%,4e-23,64.78,570816,"=HYPERLINK(""https://www.ncbi.nlm.nih.gov/nuccore/VJWN01000022"",""VJWN01000022.1"")"
"Apiospora arundinis strain CBS 124788 utg000009l_segment0_segment0, whole genome shotgun sequence",116,116,27%,4e-23,67.93,1633077,"=HYPERLINK(""https://www.ncbi.nlm.nih.gov/nucleotide/JAQSVG010000009.1?report=genbank&log$=nucltop&blast_rank=56&RID=5VZJDUXY016"",""JAQSVG010000009.1"")"
"Clonostachys sp. G600 c00064_NODE_64.., whole genome shotgun sequence",116,116,45%,4e-23,66.20,308070,"=HYPERLINK(""https://www.ncbi.nlm.nih.gov/nucleotide/JAPDLC010000064.1?report=genbank&log$=nucltop&blast_rank=57&RID=5VZJDUXY016"",""JAPDLC010000064.1"")"
"Apiospora aurea strain CBS 24483 utg000008l_segment0_segment0, whole genome shotgun sequence",114,114,26%,1e-22,67.95,5303461,"=HYPERLINK(""https://www.ncbi.nlm.nih.gov/nucleotide/JAQQWE010000008.1?report=genbank&log$=nucltop&blast_rank=58&RID=5VZJDUXY016"",""JAQQWE010000008.1"")"
"Beauveria felina strain SYSU-MS7908 NODE_129, whole genome shotgun sequence",113,113,27%,5e-22,68.41,76474,"=HYPERLINK(""https://www.ncbi.nlm.nih.gov/nucleotide/JAEMHR010000129.1?report=genbank&log$=nucltop&blast_rank=59&RID=5VZJDUXY016"",""JAEMHR010000129.1"")"
"Clonostachys sp. G952 c00015_NODE_15.., whole genome shotgun sequence",112,112,45%,2e-21,66.03,922479,"=HYPERLINK(""https://www.ncbi.nlm.nih.gov/nucleotide/JAPDLB010000015.1?report=genbank&log$=nucltop&blast_rank=60&RID=5VZJDUXY016"",""JAPDLB010000015.1"")"
"Neobulgaria alba strain D2031 isolate ICMP 18395 scaffold_3, whole genome shotgun sequence",111,111,30%,2e-21,67.10,910310,"=HYPERLINK(""https://www.ncbi.nlm.nih.gov/nuccore/QYAM01000004"",""QYAM01000004.1"")"
"Pseudogymnoascus sp. WSF 3629 sequence, whole genome shotgun sequence",111,216,60%,2e-21,67.05,36907,"=HYPERLINK(""https://www.ncbi.nlm.nih.gov/nuccore/LAJI01000389"",""LAJI01000389.1"")"
"Coniothyrium glycines strain IMI294986 Contig_42, whole genome shotgun sequence",110,110,55%,6e-21,64.52,232778,"=HYPERLINK(""https://www.ncbi.nlm.nih.gov/nucleotide/JAMXIL010000042.1?report=genbank&log$=nucltop&blast_rank=63&RID=5VZJDUXY016"",""JAMXIL010000042.1"")"
"Coniothyrium glycines strain RA-1 Contig_58, whole genome shotgun sequence",109,109,55%,6e-21,64.57,144074,"=HYPERLINK(""https://www.ncbi.nlm.nih.gov/nucleotide/JAMXIK010000058.1?report=genbank&log$=nucltop&blast_rank=64&RID=5VZJDUXY016"",""JAMXIK010000058.1"")"
"Clonostachys rosea strain MLY32 Scaffold3, whole genome shotgun sequence",108,108,17%,2e-20,72.77,8618100,"=HYPERLINK(""https://www.ncbi.nlm.nih.gov/nucleotide/JBCEDL010000003.1?report=genbank&log$=nucltop&blast_rank=65&RID=5VZJDUXY016"",""JBCEDL010000003.1"")"
"Clonostachys rosea strain GU-9 Scaffold28, whole genome shotgun sequence",108,108,17%,2e-20,72.77,533646,"=HYPERLINK(""https://www.ncbi.nlm.nih.gov/nucleotide/JAMXIQ010000028.1?report=genbank&log$=nucltop&blast_rank=66&RID=5VZJDUXY016"",""JAMXIQ010000028.1"")"
"Ascochyta pisi strain CBS 122785 NODE_108_length_125583_cov_48.140629, whole genome shotgun sequence",108,108,69%,2e-20,63.52,125583,"=HYPERLINK(""https://www.ncbi.nlm.nih.gov/nucleotide/JALRMB010000108.1?report=genbank&log$=nucltop&blast_rank=67&RID=5VZJDUXY016"",""JALRMB010000108.1"")"
"MAG TPA_asm: uncultured Pseudogymnoascus genome assembly, contig: ERZ1463026.949, whole genome shotgun sequence",108,108,24%,2e-20,67.88,9038,"=HYPERLINK(""https://www.ncbi.nlm.nih.gov/nucleotide/CALMTP010002797.1?report=genbank&log$=nucltop&blast_rank=68&RID=5VZJDUXY016"",""CALMTP010002797.1"")"
"Xylariaceae sp. FL1019 F5Y18scaffold_57_Cont96, whole genome shotgun sequence",107,107,48%,2e-20,63.93,266703,"=HYPERLINK(""https://www.ncbi.nlm.nih.gov/nucleotide/JAJHUC010000096.1?report=genbank&log$=nucltop&blast_rank=69&RID=5VZJDUXY016"",""JAJHUC010000096.1"")"
"Clonostachys rosea strain CanS41 contig_16, whole genome shotgun sequence",107,107,17%,2e-20,72.44,1636025,"=HYPERLINK(""https://www.ncbi.nlm.nih.gov/nucleotide/JADCTT010000016.1?report=genbank&log$=nucltop&blast_rank=70&RID=5VZJDUXY016"",""JADCTT010000016.1"")"
"Didymella keratinophila strain 9M1 scaffold_118, whole genome shotgun sequence",105,105,35%,7e-20,65.70,113140,"=HYPERLINK(""https://www.ncbi.nlm.nih.gov/nuccore/SWKW01000118"",""SWKW01000118.1"")"
"Ascochyta fabae strain 247/15 ctg.nucl.0460, whole genome shotgun sequence",104,104,69%,3e-19,63.25,23773,"=HYPERLINK(""https://www.ncbi.nlm.nih.gov/nuccore/SATU01000467"",""SATU01000467.1"")"
"Ascochyta fabae strain FT15036 FT15036_ctg.nucl.0563, whole genome shotgun sequence",104,104,69%,3e-19,63.25,23773,"=HYPERLINK(""https://www.ncbi.nlm.nih.gov/nucleotide/JAMZBW010000569.1?report=genbank&log$=nucltop&blast_rank=73&RID=5VZJDUXY016"",""JAMZBW010000569.1"")"
"Ascochyta fabae strain 206/15 206-15_ctg.nucl.0129, whole genome shotgun sequence",104,104,69%,3e-19,63.25,60519,"=HYPERLINK(""https://www.ncbi.nlm.nih.gov/nucleotide/JAMZBV010000133.1?report=genbank&log$=nucltop&blast_rank=74&RID=5VZJDUXY016"",""JAMZBV010000133.1"")"
"Corynespora cassiicola isolate GSO2 Contig_819, whole genome shotgun sequence",104,104,56%,3e-19,64.71,34739,"=HYPERLINK(""https://www.ncbi.nlm.nih.gov/nuccore/PORD01000818"",""PORD01000818.1"")"
"Ascochyta viciae strain FOR-16-616 ctg.nucl.0091, whole genome shotgun sequence",102,102,69%,9e-19,63.72,66195,"=HYPERLINK(""https://www.ncbi.nlm.nih.gov/nuccore/SATY01000103"",""SATY01000103.1"")"
"Coleophoma eucalyptorum strain CBS 131314 NODE_9_length_1281160_cov_43.121417, whole genome shotgun sequence",102,102,66%,9e-19,63.49,1281160,"=HYPERLINK(""https://www.ncbi.nlm.nih.gov/nucleotide/JALRME010000009.1?report=genbank&log$=nucltop&blast_rank=77&RID=5VZJDUXY016"",""JALRME010000009.1"")"
"Corynespora cassiicola isolate CAL-4 NODE_250_length_58192_cov_65.4569, whole genome shotgun sequence",101,101,56%,3e-18,64.47,58192,"=HYPERLINK(""https://www.ncbi.nlm.nih.gov/nuccore/VICL01000250"",""VICL01000250.1"")"
"Corynespora cassiicola isolate CVa5 NODE_257_length_58000_cov_27.2644, whole genome shotgun sequence",101,101,56%,3e-18,64.47,58000,"=HYPERLINK(""https://www.ncbi.nlm.nih.gov/nuccore/VICK01000257"",""VICK01000257.1"")"
"Corynespora cassiicola isolate 777AA Contig_467, whole genome shotgun sequence",101,101,56%,3e-18,64.47,16055,"=HYPERLINK(""https://www.ncbi.nlm.nih.gov/nuccore/POSE01000467"",""POSE01000467.1"")"
"Corynespora cassiicola isolate CM13 NODE_183_length_58116_cov_9.84398, whole genome shotgun sequence",101,101,56%,3e-18,64.47,58116,"=HYPERLINK(""https://www.ncbi.nlm.nih.gov/nucleotide/JAMQYD010000179.1?report=genbank&log$=nucltop&blast_rank=81&RID=5VZJDUXY016"",""JAMQYD010000179.1"")"
"Corynespora cassiicola isolate STNa-1 NODE_71_length_162125_cov_78.7274, whole genome shotgun sequence",101,101,56%,3e-18,64.47,162125,"=HYPERLINK(""https://www.ncbi.nlm.nih.gov/nucleotide/JAMQYC010000071.1?report=genbank&log$=nucltop&blast_rank=82&RID=5VZJDUXY016"",""JAMQYC010000071.1"")"
"Corynespora cassiicola isolate FlM4 NODE_189_length_81989_cov_57.9325, whole genome shotgun sequence",101,101,56%,3e-18,64.47,81989,"=HYPERLINK(""https://www.ncbi.nlm.nih.gov/nucleotide/JAMKBH010000189.1?report=genbank&log$=nucltop&blast_rank=83&RID=5VZJDUXY016"",""JAMKBH010000189.1"")"
"Corynespora cassiicola isolate SAR-9 NODE_27_length_256572_cov_71.7869, whole genome shotgun sequence",101,101,56%,3e-18,64.47,256572,"=HYPERLINK(""https://www.ncbi.nlm.nih.gov/nucleotide/JAMKBG010000027.1?report=genbank&log$=nucltop&blast_rank=84&RID=5VZJDUXY016"",""JAMKBG010000027.1"")"
"Corynespora cassiicola isolate SMR2 NODE_486_length_13578_cov_63.0171, whole genome shotgun sequence",101,101,56%,3e-18,64.47,13578,"=HYPERLINK(""https://www.ncbi.nlm.nih.gov/nucleotide/JAMKBF010000486.1?report=genbank&log$=nucltop&blast_rank=85&RID=5VZJDUXY016"",""JAMKBF010000486.1"")"
"Corynespora cassiicola strain ZM160181 jcf7180000000424, whole genome shotgun sequence",101,101,56%,3e-18,64.47,728248,"=HYPERLINK(""https://www.ncbi.nlm.nih.gov/nucleotide/JAEUWX010000030.1?report=genbank&log$=nucltop&blast_rank=86&RID=5VZJDUXY016"",""JAEUWX010000030.1"")"
"Corynespora cassiicola strain CC01 Contig12, whole genome shotgun sequence",101,101,56%,3e-18,64.47,2017536,"=HYPERLINK(""https://www.ncbi.nlm.nih.gov/nucleotide/JAEMHE010000012.1?report=genbank&log$=nucltop&blast_rank=87&RID=5VZJDUXY016"",""JAEMHE010000012.1"")"
"Clonostachys byssicola genome assembly, contig: 7751_690354_31011606_7482-c20xc7655-, whole genome shotgun sequence",100,100,17%,3e-18,71.30,690354,"=HYPERLINK(""https://www.ncbi.nlm.nih.gov/nucleotide/CABFNO020001566.1?report=genbank&log$=nucltop&blast_rank=88&RID=5VZJDUXY016"",""CABFNO020001566.1"")"
"Corynespora cassiicola isolate CCI13 Contig_583, whole genome shotgun sequence",99.6,99.6,56%,1e-17,64.57,46640,"=HYPERLINK(""https://www.ncbi.nlm.nih.gov/nuccore/PORX01000582"",""PORX01000582.1"")"
"Corynespora cassiicola isolate CCI6 Contig_1170, whole genome shotgun sequence",99.6,99.6,56%,1e-17,64.57,29232,"=HYPERLINK(""https://www.ncbi.nlm.nih.gov/nuccore/PORW01001169"",""PORW01001169.1"")"
"Corynespora cassiicola isolate CIND3 Contig_638, whole genome shotgun sequence",99.6,99.6,56%,1e-17,64.57,46616,"=HYPERLINK(""https://www.ncbi.nlm.nih.gov/nuccore/PORT01000638"",""PORT01000638.1"")"
"Corynespora cassiicola isolate CLN16 Contig_952, whole genome shotgun sequence",99.6,99.6,56%,1e-17,64.57,46634,"=HYPERLINK(""https://www.ncbi.nlm.nih.gov/nuccore/PORS01000952"",""PORS01000952.1"")"
"Corynespora cassiicola isolate CSRI5 Contig_57, whole genome shotgun sequence",99.6,99.6,56%,1e-17,64.57,46638,"=HYPERLINK(""https://www.ncbi.nlm.nih.gov/nuccore/PORO01000057"",""PORO01000057.1"")"
"Corynespora cassiicola genome assembly, contig: C_cassiicola_TTAGGC_L008_R1_001_(paired)_trimmed_(paired)_contig_50, whole genome shotgun sequence",99.6,99.6,56%,1e-17,64.57,312430,"=HYPERLINK(""https://www.ncbi.nlm.nih.gov/nuccore/FWCK01000050"",""FWCK01000050.1"")"
"Paradendryphiella salina genome assembly, contig: contig_00445, whole genome shotgun sequence",97.8,97.8,47%,4e-17,65.17,24405,"=HYPERLINK(""https://www.ncbi.nlm.nih.gov/nucleotide/CAAAGB010000445.1?report=genbank&log$=nucltop&blast_rank=95&RID=5VZJDUXY016"",""CAAAGB010000445.1"")"
"Clonostachys rosea strain HOCR18 NODE_1_length_3912447_cov_15.8458, whole genome shotgun sequence",96.0,96.0,17%,1e-16,70.85,3912447,"=HYPERLINK(""https://www.ncbi.nlm.nih.gov/nucleotide/JAHQJB010000001.1?report=genbank&log$=nucltop&blast_rank=96&RID=5VZJDUXY016"",""JAHQJB010000001.1"")"
"Clonostachys rosea strain HWLR12 NODE_6_length_2546674_cov_13.169, whole genome shotgun sequence",96.0,96.0,17%,1e-16,70.85,2546674,"=HYPERLINK(""https://www.ncbi.nlm.nih.gov/nucleotide/JAHQIZ010000006.1?report=genbank&log$=nucltop&blast_rank=97&RID=5VZJDUXY016"",""JAHQIZ010000006.1"")"
"Didymella sp. IMI 355093 scaffold_26, whole genome shotgun sequence",95.1,95.1,63%,1e-16,64.40,278189,"=HYPERLINK(""https://www.ncbi.nlm.nih.gov/nucleotide/JAPEUZ010000026.1?report=genbank&log$=nucltop&blast_rank=98&RID=5VZJDUXY016"",""JAPEUZ010000026.1"")"
"Pseudogymnoascus sp. VKM F-4518 (FW-2643) contig_78, whole genome shotgun sequence",94.2,94.2,83%,5e-16,62.96,51206,"=HYPERLINK(""https://www.ncbi.nlm.nih.gov/nuccore/JPKC01000078"",""JPKC01000078.1"")"
"Clonostachys rosea strain GU-D4 Scaffold9, whole genome shotgun sequence",87.8,87.8,17%,2e-14,69.37,1227661,"=HYPERLINK(""https://www.ncbi.nlm.nih.gov/nucleotide/JAPUBP010000009.1?report=genbank&log$=nucltop&blast_rank=100&RID=5VZJDUXY016"",""JAPUBP010000009.1"")"



		


