Description,Max Score,Total Score,Query Cover,E value,Per. ident,Acc. Len,Accession  
"Elasticomyces elasticus strain CCFEE 5547 scaffold_5899, whole genome shotgun sequence",2331,2331,100%,0.0,94.94,2002,"=HYPERLINK(""https://www.ncbi.nlm.nih.gov/nucleotide/JAVRQR010005899.1?report=genbank&log$=nucltop&blast_rank=1&RID=5VZKBUGH016"",""JAVRQR010005899.1"")"
"Bertia moriformis strain D4H25SX9FM voucher IRGN:LVLPEM49V6 74704, whole genome shotgun sequence",813,813,97%,0.0,72.90,161650,"=HYPERLINK(""https://www.ncbi.nlm.nih.gov/nucleotide/JAOYNC020074704.1?report=genbank&log$=nucltop&blast_rank=2&RID=5VZKBUGH016"",""JAOYNC020074704.1"")"
"Uromyces transversalis strain FL11_1 FL11-1_024175, whole genome shotgun sequence",527,527,19%,7e-147,100.00,292,"=HYPERLINK(""https://www.ncbi.nlm.nih.gov/nuccore/PTJQ01024175"",""PTJQ01024175.1"")"
"Alternaria alstroemeriae strain LH_A124 NODE_24_length_582583_cov_64.094248, whole genome shotgun sequence",450,450,96%,2e-123,67.09,582583,"=HYPERLINK(""https://www.ncbi.nlm.nih.gov/nucleotide/JAWLTT010000024.1?report=genbank&log$=nucltop&blast_rank=4&RID=5VZKBUGH016"",""JAWLTT010000024.1"")"
"Alternaria destruens strain LH_A593 NODE_58_length_65949_cov_49.311147, whole genome shotgun sequence",450,450,96%,2e-123,67.09,65949,"=HYPERLINK(""https://www.ncbi.nlm.nih.gov/nucleotide/JAWLTQ010000058.1?report=genbank&log$=nucltop&blast_rank=5&RID=5VZKBUGH016"",""JAWLTQ010000058.1"")"
"Bryoglossum gracile strain AWW 858 scaffold_11, whole genome shotgun sequence",343,343,50%,2e-91,70.43,217181,"=HYPERLINK(""https://www.ncbi.nlm.nih.gov/nucleotide/JAPZPB010000011.1?report=genbank&log$=nucltop&blast_rank=6&RID=5VZKBUGH016"",""JAPZPB010000011.1"")"
"Alternaria alstroemeriae strain LH_A124 NODE_26_length_512872_cov_63.526030, whole genome shotgun sequence",120,120,20%,3e-24,68.77,512872,"=HYPERLINK(""https://www.ncbi.nlm.nih.gov/nucleotide/JAWLTT010000026.1?report=genbank&log$=nucltop&blast_rank=7&RID=5VZKBUGH016"",""JAWLTT010000026.1"")"
"Alternaria destruens strain LH_A593 NODE_23_length_512708_cov_48.304807, whole genome shotgun sequence",120,120,20%,3e-24,68.77,512708,"=HYPERLINK(""https://www.ncbi.nlm.nih.gov/nucleotide/JAWLTQ010000023.1?report=genbank&log$=nucltop&blast_rank=8&RID=5VZKBUGH016"",""JAWLTQ010000023.1"")"
"Hirsutella rhossiliensis strain OWVT-1 HIR_Scf_212, whole genome shotgun sequence",94.2,94.2,6%,5e-16,80.81,50936,"=HYPERLINK(""https://www.ncbi.nlm.nih.gov/nuccore/MPJM01000212"",""MPJM01000212.1"")"
"Hirsutella rhossiliensis strain HR02 scaffold00017, whole genome shotgun sequence",94.2,94.2,6%,5e-16,80.81,1553886,"=HYPERLINK(""https://www.ncbi.nlm.nih.gov/nucleotide/JAIZPD010000017.1?report=genbank&log$=nucltop&blast_rank=10&RID=5VZKBUGH016"",""JAIZPD010000017.1"")"
"Arthroderma sp. MBC 961 Contig_0000059, whole genome shotgun sequence",93.3,93.3,45%,5e-16,63.94,242565,"=HYPERLINK(""https://www.ncbi.nlm.nih.gov/nucleotide/JARJVK010000059.1?report=genbank&log$=nucltop&blast_rank=11&RID=5VZKBUGH016"",""JARJVK010000059.1"")"
"Arthroderma sp. MBC 293 Contig_0000061, whole genome shotgun sequence",93.3,93.3,45%,5e-16,63.94,242544,"=HYPERLINK(""https://www.ncbi.nlm.nih.gov/nucleotide/JAPHBA010000061.1?report=genbank&log$=nucltop&blast_rank=12&RID=5VZKBUGH016"",""JAPHBA010000061.1"")"
"MAG TPA_asm: Hypocreales sp. genome assembly, contig: ERZ8868625_491, whole genome shotgun sequence",93.3,93.3,45%,5e-16,64.01,80980,"=HYPERLINK(""https://www.ncbi.nlm.nih.gov/nucleotide/CAXIEU010000120.1?report=genbank&log$=nucltop&blast_rank=13&RID=5VZKBUGH016"",""CAXIEU010000120.1"")"
"MAG TPA_asm: Hypocreales sp. genome assembly, contig: ERZ8868625_491, whole genome shotgun sequence",93.3,93.3,45%,5e-16,64.01,80980,"=HYPERLINK(""https://www.ncbi.nlm.nih.gov/nucleotide/CAXBAW010000120.1?report=genbank&log$=nucltop&blast_rank=14&RID=5VZKBUGH016"",""CAXBAW010000120.1"")"
"Calcarisporium arbuscula strain NRRL 3705 Contig29, whole genome shotgun sequence",90.6,161,30%,6e-15,67.11,559734,"=HYPERLINK(""https://www.ncbi.nlm.nih.gov/nuccore/WBSA01000029"",""WBSA01000029.1"")"
"Conoideocrella luteorostrata strain ARSEF 14590 scaffold_15, whole genome shotgun sequence",89.7,89.7,7%,6e-15,78.85,275379,"=HYPERLINK(""https://www.ncbi.nlm.nih.gov/nucleotide/JASWJB010000015.1?report=genbank&log$=nucltop&blast_rank=16&RID=5VZKBUGH016"",""JASWJB010000015.1"")"
"MAG: Umbilicaria deusta isolate TBG_2334 Scaffolds_167, whole genome shotgun sequence",89.7,89.7,6%,6e-15,82.02,1332922,"=HYPERLINK(""https://www.ncbi.nlm.nih.gov/nucleotide/JALILR010000031.1?report=genbank&log$=nucltop&blast_rank=17&RID=5VZKBUGH016"",""JALILR010000031.1"")"
"MAG: Icmadophila ericetorum isolate T1913 icm_eri_586, whole genome shotgun sequence",88.7,88.7,19%,2e-14,68.11,12488,"=HYPERLINK(""https://www.ncbi.nlm.nih.gov/nucleotide/JALDZD010000586.1?report=genbank&log$=nucltop&blast_rank=18&RID=5VZKBUGH016"",""JALDZD010000586.1"")"
"MAG TPA_asm: uncultured Leotiomyceta genome assembly, contig: NODE_36_length_41406_cov_7.436241, whole genome shotgun sequence",88.7,88.7,19%,2e-14,67.47,41406,"=HYPERLINK(""https://www.ncbi.nlm.nih.gov/nucleotide/CALGBC010001841.1?report=genbank&log$=nucltop&blast_rank=19&RID=5VZKBUGH016"",""CALGBC010001841.1"")"
"Arthroderma sp. MBC 290 Contig_0000235, whole genome shotgun sequence",87.8,87.8,45%,2e-14,64.44,7168,"=HYPERLINK(""https://www.ncbi.nlm.nih.gov/nucleotide/JAPERC010000235.1?report=genbank&log$=nucltop&blast_rank=20&RID=5VZKBUGH016"",""JAPERC010000235.1"")"
"MAG: Loxospora ochrophaea isolate Spribille 41460 lox_cis_9, whole genome shotgun sequence",87.8,161,11%,2e-14,78.64,517912,"=HYPERLINK(""https://www.ncbi.nlm.nih.gov/nucleotide/JALDZI010000009.1?report=genbank&log$=nucltop&blast_rank=21&RID=5VZKBUGH016"",""JALDZI010000009.1"")"
"MAG: Acarospora aff. strigata isolate T1882 aca_spe_124, whole genome shotgun sequence",86.9,86.9,6%,7e-14,80.00,67046,"=HYPERLINK(""https://www.ncbi.nlm.nih.gov/nucleotide/JALDZA010000124.1?report=genbank&log$=nucltop&blast_rank=22&RID=5VZKBUGH016"",""JALDZA010000124.1"")"
"MAG TPA_asm: Lasallia pustulata genome assembly, contig: NODE_665_length_15447_cov_9.179249, whole genome shotgun sequence",86.9,86.9,4%,7e-14,89.23,15447,"=HYPERLINK(""https://www.ncbi.nlm.nih.gov/nucleotide/CALEEL010002019.1?report=genbank&log$=nucltop&blast_rank=23&RID=5VZKBUGH016"",""CALEEL010002019.1"")"
"Conoideocrella luteorostrata strain ARSEF 14590 scaffold_70, whole genome shotgun sequence",85.1,85.1,6%,2e-13,78.79,156934,"=HYPERLINK(""https://www.ncbi.nlm.nih.gov/nucleotide/JASWJB010000070.1?report=genbank&log$=nucltop&blast_rank=24&RID=5VZKBUGH016"",""JASWJB010000070.1"")"
"MAG TPA_asm: Hypocreales sp. genome assembly, contig: ERZ8868625_10, whole genome shotgun sequence",85.1,85.1,6%,2e-13,78.79,643089,"=HYPERLINK(""https://www.ncbi.nlm.nih.gov/nucleotide/CAXIEU010000004.1?report=genbank&log$=nucltop&blast_rank=25&RID=5VZKBUGH016"",""CAXIEU010000004.1"")"
"MAG TPA_asm: Hypocreales sp. genome assembly, contig: ERZ8868625_10, whole genome shotgun sequence",85.1,85.1,6%,2e-13,78.79,643089,"=HYPERLINK(""https://www.ncbi.nlm.nih.gov/nucleotide/CAXBAW010000004.1?report=genbank&log$=nucltop&blast_rank=26&RID=5VZKBUGH016"",""CAXBAW010000004.1"")"
"Arthroderma sp. MBC 929 Contig_0000044, whole genome shotgun sequence",84.2,84.2,45%,2e-13,63.65,241483,"=HYPERLINK(""https://www.ncbi.nlm.nih.gov/nucleotide/JARJUX010000044.1?report=genbank&log$=nucltop&blast_rank=27&RID=5VZKBUGH016"",""JARJUX010000044.1"")"
"MAG: Sarea resinae isolate Spribille s.n. 20.10.2019/TS-e1941 sar_res_pred_1, whole genome shotgun sequence",84.2,84.2,5%,2e-13,82.72,950568,"=HYPERLINK(""https://www.ncbi.nlm.nih.gov/nucleotide/JAPEUD010000001.1?report=genbank&log$=nucltop&blast_rank=28&RID=5VZKBUGH016"",""JAPEUD010000001.1"")"
"Simplicillium sp. C3G150-2 Scaffold7, whole genome shotgun sequence",84.2,159,30%,2e-13,71.74,2660535,"=HYPERLINK(""https://www.ncbi.nlm.nih.gov/nucleotide/JAJIYY010000007.1?report=genbank&log$=nucltop&blast_rank=29&RID=5VZKBUGH016"",""JAJIYY010000007.1"")"
"Rutstroemia sydowiana strain CBS 115975 Joined_contig_61_1, whole genome shotgun sequence",83.3,83.3,6%,9e-13,78.57,31256,"=HYPERLINK(""https://www.ncbi.nlm.nih.gov/nuccore/JWJB01010016"",""JWJB01010016.1"")"
"Pseudogymnoascus sp. VKM F-4516 (FW-969) contig_1210, whole genome shotgun sequence",83.3,83.3,6%,9e-13,77.67,111095,"=HYPERLINK(""https://www.ncbi.nlm.nih.gov/nuccore/JPJZ01001210"",""JPJZ01001210.1"")"
"Pseudogymnoascus sp. VKM F-4514 (FW-929) contig_1324, whole genome shotgun sequence",83.3,83.3,6%,9e-13,77.67,61340,"=HYPERLINK(""https://www.ncbi.nlm.nih.gov/nuccore/JPJX01001324"",""JPJX01001324.1"")"
"Pseudogymnoascus sp. VKM F-3557 contig_1696, whole genome shotgun sequence",83.3,83.3,6%,9e-13,77.67,39348,"=HYPERLINK(""https://www.ncbi.nlm.nih.gov/nuccore/JPJS01001696"",""JPJS01001696.1"")"
"Tympanopsis confertula voucher IRGN:4ROQFWI7QX 3897, whole genome shotgun sequence",83.3,83.3,8%,9e-13,75.40,18662,"=HYPERLINK(""https://www.ncbi.nlm.nih.gov/nucleotide/JAOYNU010003897.1?report=genbank&log$=nucltop&blast_rank=34&RID=5VZKBUGH016"",""JAOYNU010003897.1"")"
"Simplicillium sp. C3G150-2 Scaffold2, whole genome shotgun sequence",83.3,83.3,6%,9e-13,78.57,2840226,"=HYPERLINK(""https://www.ncbi.nlm.nih.gov/nucleotide/JAJIYY010000002.1?report=genbank&log$=nucltop&blast_rank=35&RID=5VZKBUGH016"",""JAJIYY010000002.1"")"
"Hirsutella minnesotensis 3608 contig_599, whole genome shotgun sequence",80.6,80.6,6%,3e-12,77.78,104692,"=HYPERLINK(""https://www.ncbi.nlm.nih.gov/nuccore/JPUM01000599"",""JPUM01000599.1"")"
"Umbilicaria muehlenbergii strain KoLRI No. LF000956 Contig_67, whole genome shotgun sequence",80.6,80.6,6%,3e-12,79.78,41163,"=HYPERLINK(""https://www.ncbi.nlm.nih.gov/nuccore/JFDN01000067"",""JFDN01000067.1"")"
"MAG TPA_asm: Lasallia pustulata genome assembly, contig: NODE_1533_length_7946_cov_7.116462, whole genome shotgun sequence",80.6,80.6,6%,3e-12,77.78,7946,"=HYPERLINK(""https://www.ncbi.nlm.nih.gov/nucleotide/CALEES010000848.1?report=genbank&log$=nucltop&blast_rank=38&RID=5VZKBUGH016"",""CALEES010000848.1"")"
"MAG TPA_asm: Lasallia pustulata genome assembly, contig: NODE_1707_length_9368_cov_14.622463, whole genome shotgun sequence",80.6,150,23%,3e-12,77.78,9368,"=HYPERLINK(""https://www.ncbi.nlm.nih.gov/nucleotide/CALEEF010001670.1?report=genbank&log$=nucltop&blast_rank=39&RID=5VZKBUGH016"",""CALEEF010001670.1"")"
"Acidiella bohemica isolate SYSU C17045 000026F:arrow, whole genome shotgun sequence",79.7,79.7,6%,1e-11,77.23,315483,"=HYPERLINK(""https://www.ncbi.nlm.nih.gov/nucleotide/JAGUCJ010000025.1?report=genbank&log$=nucltop&blast_rank=40&RID=5VZKBUGH016"",""JAGUCJ010000025.1"")"
"Ophiocordyceps unilateralis strain SC16a scaffold_227, whole genome shotgun sequence",78.8,78.8,6%,1e-11,76.70,29561,"=HYPERLINK(""https://www.ncbi.nlm.nih.gov/nuccore/LAZP02000227"",""LAZP02000227.1"")"
"Simplicillium sp. C3G150-2 Scaffold8, whole genome shotgun sequence",78.8,78.8,6%,1e-11,80.43,2412304,"=HYPERLINK(""https://www.ncbi.nlm.nih.gov/nucleotide/JAJIYY010000008.1?report=genbank&log$=nucltop&blast_rank=42&RID=5VZKBUGH016"",""JAJIYY010000008.1"")"
"Mytilinidion resinicola strain CBS 304.34 BDZ99scaffold_5_Cont118, whole genome shotgun sequence",78.8,78.8,19%,1e-11,67.43,344799,"=HYPERLINK(""https://www.ncbi.nlm.nih.gov/nucleotide/JAAEJJ010000118.1?report=genbank&log$=nucltop&blast_rank=43&RID=5VZKBUGH016"",""JAAEJJ010000118.1"")"
"Aureobasidium sp. EXF-8846 contig_769, whole genome shotgun sequence",77.9,77.9,6%,4e-11,77.89,9420,"=HYPERLINK(""https://www.ncbi.nlm.nih.gov/nuccore/SWBI01000770"",""SWBI01000770.1"")"
"Aureobasidium sp. EXF-8845 contig_1044, whole genome shotgun sequence",77.9,77.9,6%,4e-11,77.89,8170,"=HYPERLINK(""https://www.ncbi.nlm.nih.gov/nuccore/SWBH01001045"",""SWBH01001045.1"")"
"Aureobasidium subglaciale strain EXF-2427 contig_47, whole genome shotgun sequence",77.9,77.9,6%,4e-11,77.89,207893,"=HYPERLINK(""https://www.ncbi.nlm.nih.gov/nuccore/SWBD01000048"",""SWBD01000048.1"")"
"Aureobasidium subglaciale strain EXF-2450 contig_53, whole genome shotgun sequence",77.9,77.9,6%,4e-11,77.89,156529,"=HYPERLINK(""https://www.ncbi.nlm.nih.gov/nuccore/SWBB01000054"",""SWBB01000054.1"")"
"Aureobasidium subglaciale strain EXF-2428 contig_46, whole genome shotgun sequence",77.9,77.9,6%,4e-11,77.89,207893,"=HYPERLINK(""https://www.ncbi.nlm.nih.gov/nuccore/SWBA01000047"",""SWBA01000047.1"")"
"Aureobasidium subglaciale strain EXF-2425 contig_47, whole genome shotgun sequence",77.9,77.9,6%,4e-11,77.89,207893,"=HYPERLINK(""https://www.ncbi.nlm.nih.gov/nuccore/SWAZ01000048"",""SWAZ01000048.1"")"
"Aureobasidium subglaciale strain EXF-2491 contig_41, whole genome shotgun sequence",77.9,77.9,6%,4e-11,77.89,241698,"=HYPERLINK(""https://www.ncbi.nlm.nih.gov/nuccore/SWAX01000042"",""SWAX01000042.1"")"
"MAG TPA_asm: Lasallia pustulata genome assembly, contig: NODE_639_length_16077_cov_19.339970, whole genome shotgun sequence",77.9,77.9,4%,4e-11,86.15,16077,"=HYPERLINK(""https://www.ncbi.nlm.nih.gov/nucleotide/CALHCU010000254.1?report=genbank&log$=nucltop&blast_rank=51&RID=5VZKBUGH016"",""CALHCU010000254.1"")"
"Aureobasidium subglaciale EXF-2481 scaffold_0_c2, whole genome shotgun sequence",77.9,77.9,6%,4e-11,77.89,685152,"=HYPERLINK(""https://www.ncbi.nlm.nih.gov/nuccore/AYYB01000002"",""AYYB01000002.1"")"
"Aureobasidium sp. EXF-8846 contig_807, whole genome shotgun sequence",77.0,77.0,6%,4e-11,77.32,9209,"=HYPERLINK(""https://www.ncbi.nlm.nih.gov/nuccore/SWBI01000808"",""SWBI01000808.1"")"
"Aureobasidium sp. EXF-8845 contig_839, whole genome shotgun sequence",77.0,77.0,6%,4e-11,77.32,9012,"=HYPERLINK(""https://www.ncbi.nlm.nih.gov/nuccore/SWBH01000840"",""SWBH01000840.1"")"
"Podosphaera xanthii strain race1 contig146, whole genome shotgun sequence",77.0,77.0,6%,4e-11,77.78,35331,"=HYPERLINK(""https://www.ncbi.nlm.nih.gov/nucleotide/JAWUZE010000142.1?report=genbank&log$=nucltop&blast_rank=55&RID=5VZKBUGH016"",""JAWUZE010000142.1"")"
"MAG: Caloplaca ligustica isolate LIQ85CALI scaffold_4, whole genome shotgun sequence",77.0,77.0,7%,4e-11,75.00,95084,"=HYPERLINK(""https://www.ncbi.nlm.nih.gov/nucleotide/JALAIE010000004.1?report=genbank&log$=nucltop&blast_rank=56&RID=5VZKBUGH016"",""JALAIE010000004.1"")"
"Cyclaneusma minus strain 809 scaffold_1, whole genome shotgun sequence",77.0,77.0,6%,4e-11,78.26,2132626,"=HYPERLINK(""https://www.ncbi.nlm.nih.gov/nucleotide/JAKZHP010000001.1?report=genbank&log$=nucltop&blast_rank=57&RID=5VZKBUGH016"",""JAKZHP010000001.1"")"
"Cyclaneusma minus strain 759 scaffold_38, whole genome shotgun sequence",77.0,77.0,6%,4e-11,78.26,333642,"=HYPERLINK(""https://www.ncbi.nlm.nih.gov/nucleotide/JAKZHO010000038.1?report=genbank&log$=nucltop&blast_rank=58&RID=5VZKBUGH016"",""JAKZHO010000038.1"")"
"Dothideomycetes sp. NU30 DNA, contig_2, whole genome shotgun sequence",76.1,76.1,6%,1e-10,78.65,1394115,"=HYPERLINK(""https://www.ncbi.nlm.nih.gov/nuccore/BSBH01000002"",""BSBH01000002.1"")"
"Trypethelium eluteriae isolate NAN5 NODE_20_length_147465_cov_77.011948, whole genome shotgun sequence",75.2,75.2,6%,1e-10,78.02,147465,"=HYPERLINK(""https://www.ncbi.nlm.nih.gov/nucleotide/JAGFMJ010000020.1?report=genbank&log$=nucltop&blast_rank=60&RID=5VZKBUGH016"",""JAGFMJ010000020.1"")"
"Aureobasidium sp. EXF-3400 contig_196, whole genome shotgun sequence",74.3,74.3,6%,4e-10,76.53,93502,"=HYPERLINK(""https://www.ncbi.nlm.nih.gov/nuccore/SWBL01000197"",""SWBL01000197.1"")"
"Aureobasidium sp. EXF-12344 contig_180, whole genome shotgun sequence",74.3,74.3,6%,4e-10,76.53,93375,"=HYPERLINK(""https://www.ncbi.nlm.nih.gov/nuccore/SWBK01000181"",""SWBK01000181.1"")"
"Aureobasidium sp. P6 Scaffold86, whole genome shotgun sequence",74.3,74.3,6%,4e-10,76.53,87611,"=HYPERLINK(""https://www.ncbi.nlm.nih.gov/nuccore/RZIQ01000086"",""RZIQ01000086.1"")"
"Aureobasidium melanogenum strain P16 Scaffold10_1, whole genome shotgun sequence",74.3,74.3,6%,4e-10,76.53,205590,"=HYPERLINK(""https://www.ncbi.nlm.nih.gov/nuccore/MWOI01000026"",""MWOI01000026.1"")"
"Aureobasidium melanogenum strain HN6.2 scaffold7_size1419383, whole genome shotgun sequence",74.3,74.3,6%,4e-10,76.53,1419383,"=HYPERLINK(""https://www.ncbi.nlm.nih.gov/nuccore/MWII01000007"",""MWII01000007.1"")"
"Pseudogymnoascus sp. VKM F-3808 contig_3462, whole genome shotgun sequence",74.3,74.3,6%,4e-10,75.73,2762,"=HYPERLINK(""https://www.ncbi.nlm.nih.gov/nuccore/JPJR01003462"",""JPJR01003462.1"")"
"Aureobasidium pullulans strain NRRL 62042 NODE_2, whole genome shotgun sequence",74.3,74.3,6%,4e-10,75.73,1879937,"=HYPERLINK(""https://www.ncbi.nlm.nih.gov/nucleotide/JASGXD010000002.1?report=genbank&log$=nucltop&blast_rank=67&RID=5VZKBUGH016"",""JASGXD010000002.1"")"
"MAG: Pleopsidium flavum isolate Spribille 41593/TS-e1965 ple_fla_pred_6, whole genome shotgun sequence",74.3,74.3,6%,4e-10,76.53,215391,"=HYPERLINK(""https://www.ncbi.nlm.nih.gov/nucleotide/JAPEUA010000006.1?report=genbank&log$=nucltop&blast_rank=68&RID=5VZKBUGH016"",""JAPEUA010000006.1"")"
"Aureobasidium pullulans strain NRRL 62031 90-573488968_APNRRL62031_contig_0, whole genome shotgun sequence",74.3,74.3,6%,4e-10,75.73,1881877,"=HYPERLINK(""https://www.ncbi.nlm.nih.gov/nucleotide/JALBUZ010000001.1?report=genbank&log$=nucltop&blast_rank=69&RID=5VZKBUGH016"",""JALBUZ010000001.1"")"
"Aureobasidium melanogenum strain EXF-3233 contig66, whole genome shotgun sequence",74.3,74.3,6%,4e-10,76.53,142614,"=HYPERLINK(""https://www.ncbi.nlm.nih.gov/nucleotide/JAHFYR010000067.1?report=genbank&log$=nucltop&blast_rank=70&RID=5VZKBUGH016"",""JAHFYR010000067.1"")"
"Aureobasidium sp. EXF-3399 contig33, whole genome shotgun sequence",74.3,74.3,6%,4e-10,76.53,272752,"=HYPERLINK(""https://www.ncbi.nlm.nih.gov/nucleotide/JAHFYN010000034.1?report=genbank&log$=nucltop&blast_rank=71&RID=5VZKBUGH016"",""JAHFYN010000034.1"")"
"Aureobasidium sp. AWRI4233 CO-2020 genome assembly, contig: tig00000005, whole genome shotgun sequence",74.3,74.3,6%,4e-10,76.53,2755039,"=HYPERLINK(""https://www.ncbi.nlm.nih.gov/nucleotide/CAIJEO010000003.1?report=genbank&log$=nucltop&blast_rank=72&RID=5VZKBUGH016"",""CAIJEO010000003.1"")"
"Aureobasidium namibiae CBS 147.97 scaffold_23_c1, whole genome shotgun sequence",74.3,74.3,6%,4e-10,76.53,338807,"=HYPERLINK(""https://www.ncbi.nlm.nih.gov/nuccore/AYEM01000029"",""AYEM01000029.1"")"
"Sclerotinia nivalis strain SnTB1 scaffold_11, whole genome shotgun sequence",73.4,73.4,6%,4e-10,77.78,2441029,"=HYPERLINK(""https://www.ncbi.nlm.nih.gov/nucleotide/JAPEIS010000011.1?report=genbank&log$=nucltop&blast_rank=74&RID=5VZKBUGH016"",""JAPEIS010000011.1"")"
"Viridothelium virens strain Tuck. ex Michener EV356scaffold_24_Cont30, whole genome shotgun sequence",73.4,73.4,5%,4e-10,80.00,372172,"=HYPERLINK(""https://www.ncbi.nlm.nih.gov/nucleotide/JAAEIX010000030.1?report=genbank&log$=nucltop&blast_rank=75&RID=5VZKBUGH016"",""JAAEIX010000030.1"")"
"MAG TPA_asm: Lasallia pustulata genome assembly, contig: NODE_244_length_28634_cov_38.557787, whole genome shotgun sequence",73.4,73.4,4%,4e-10,84.62,28634,"=HYPERLINK(""https://www.ncbi.nlm.nih.gov/nucleotide/CAKZXC010000143.1?report=genbank&log$=nucltop&blast_rank=76&RID=5VZKBUGH016"",""CAKZXC010000143.1"")"
"MAG: Heterodermia speciosa genome assembly, contig: HETSPEC_9, whole genome shotgun sequence",73.4,73.4,4%,4e-10,84.62,590123,"=HYPERLINK(""https://www.ncbi.nlm.nih.gov/nucleotide/CAJPDS010000009.1?report=genbank&log$=nucltop&blast_rank=77&RID=5VZKBUGH016"",""CAJPDS010000009.1"")"
"Coniochaeta sp. 2T2.1 GE09scaffold_17, whole genome shotgun sequence",72.5,72.5,7%,2e-09,74.77,1300077,"=HYPERLINK(""https://www.ncbi.nlm.nih.gov/nuccore/VSMA01000017"",""VSMA01000017.1"")"
"MAG TPA_asm: Ascomycota sp. isolate CTeuk-1841 NODE_2763_length_6532_cov_54.810560, whole genome shotgun sequence",72.5,72.5,7%,2e-09,74.11,6532,"=HYPERLINK(""https://www.ncbi.nlm.nih.gov/nucleotide/DAGXGY010000878.1?report=genbank&log$=nucltop&blast_rank=79&RID=5VZKBUGH016"",""DAGXGY010000878.1"")"
"MAG: Lasallia pustulata isolate A1-1 scaffold_8, whole genome shotgun sequence",71.6,71.6,7%,2e-09,73.68,1808250,"=HYPERLINK(""https://www.ncbi.nlm.nih.gov/nuccore/VXIT01000008"",""VXIT01000008.1"")"
"Aureobasidium subglaciale strain EXF-12336 contig_52, whole genome shotgun sequence",71.6,71.6,7%,2e-09,75.00,204660,"=HYPERLINK(""https://www.ncbi.nlm.nih.gov/nuccore/SWBE01000053"",""SWBE01000053.1"")"
"Botrytis cinerea strain Sl3 T30886, whole genome shotgun sequence",71.6,71.6,6%,2e-09,75.76,7618,"=HYPERLINK(""https://www.ncbi.nlm.nih.gov/nucleotide/JACVGK010000886.1?report=genbank&log$=nucltop&blast_rank=82&RID=5VZKBUGH016"",""JACVGK010000886.1"")"
"Botrytis cinerea strain Vv1 G1_21636, whole genome shotgun sequence",71.6,71.6,6%,2e-09,75.76,3299,"=HYPERLINK(""https://www.ncbi.nlm.nih.gov/nucleotide/JACVGJ010001636.1?report=genbank&log$=nucltop&blast_rank=83&RID=5VZKBUGH016"",""JACVGJ010001636.1"")"
"Botrytis cinerea strain Vv4 G41380, whole genome shotgun sequence",71.6,71.6,6%,2e-09,75.76,5074,"=HYPERLINK(""https://www.ncbi.nlm.nih.gov/nucleotide/JACVGH010001380.1?report=genbank&log$=nucltop&blast_rank=84&RID=5VZKBUGH016"",""JACVGH010001380.1"")"
"Botrytis cinerea strain Vv5 G51297, whole genome shotgun sequence",71.6,71.6,6%,2e-09,75.76,5095,"=HYPERLINK(""https://www.ncbi.nlm.nih.gov/nucleotide/JACVGG010001297.1?report=genbank&log$=nucltop&blast_rank=85&RID=5VZKBUGH016"",""JACVGG010001297.1"")"
"Botrytis cinerea strain Vv7 G71662, whole genome shotgun sequence",71.6,71.6,6%,2e-09,75.76,3147,"=HYPERLINK(""https://www.ncbi.nlm.nih.gov/nucleotide/JACVGE010001662.1?report=genbank&log$=nucltop&blast_rank=86&RID=5VZKBUGH016"",""JACVGE010001662.1"")"
"Botrytis cinerea strain Vv8 G81575, whole genome shotgun sequence",71.6,71.6,6%,2e-09,75.76,2715,"=HYPERLINK(""https://www.ncbi.nlm.nih.gov/nucleotide/JACVGD010001575.1?report=genbank&log$=nucltop&blast_rank=87&RID=5VZKBUGH016"",""JACVGD010001575.1"")"
"Botrytis cinerea strain Vv9 G91537, whole genome shotgun sequence",71.6,71.6,6%,2e-09,75.76,3071,"=HYPERLINK(""https://www.ncbi.nlm.nih.gov/nucleotide/JACVGC010001537.1?report=genbank&log$=nucltop&blast_rank=88&RID=5VZKBUGH016"",""JACVGC010001537.1"")"
"Botrytis cinerea strain Vv10 G101711, whole genome shotgun sequence",71.6,71.6,6%,2e-09,75.76,2774,"=HYPERLINK(""https://www.ncbi.nlm.nih.gov/nucleotide/JACVGB010001711.1?report=genbank&log$=nucltop&blast_rank=89&RID=5VZKBUGH016"",""JACVGB010001711.1"")"
"Botrytis cinerea strain Vv11 G111436, whole genome shotgun sequence",71.6,71.6,6%,2e-09,75.76,3543,"=HYPERLINK(""https://www.ncbi.nlm.nih.gov/nucleotide/JACVGA010001436.1?report=genbank&log$=nucltop&blast_rank=90&RID=5VZKBUGH016"",""JACVGA010001436.1"")"
"Botrytis cinerea strain Vv12 G121485, whole genome shotgun sequence",71.6,71.6,6%,2e-09,75.76,4185,"=HYPERLINK(""https://www.ncbi.nlm.nih.gov/nucleotide/JACVFZ010001485.1?report=genbank&log$=nucltop&blast_rank=91&RID=5VZKBUGH016"",""JACVFZ010001485.1"")"
"Botrytis cinerea strain Vv13 G131522, whole genome shotgun sequence",71.6,71.6,6%,2e-09,75.76,3988,"=HYPERLINK(""https://www.ncbi.nlm.nih.gov/nucleotide/JACVFY010001522.1?report=genbank&log$=nucltop&blast_rank=92&RID=5VZKBUGH016"",""JACVFY010001522.1"")"
"Botrytis cinerea strain Vv14 G141700, whole genome shotgun sequence",71.6,71.6,6%,2e-09,75.76,3308,"=HYPERLINK(""https://www.ncbi.nlm.nih.gov/nucleotide/JACVFX010001700.1?report=genbank&log$=nucltop&blast_rank=93&RID=5VZKBUGH016"",""JACVFX010001700.1"")"
"Botrytis cinerea strain Vv15 G151555, whole genome shotgun sequence",71.6,71.6,6%,2e-09,75.76,2782,"=HYPERLINK(""https://www.ncbi.nlm.nih.gov/nucleotide/JACVFW010001555.1?report=genbank&log$=nucltop&blast_rank=94&RID=5VZKBUGH016"",""JACVFW010001555.1"")"
"Botrytis cinerea strain Vv16 G161789, whole genome shotgun sequence",71.6,71.6,6%,2e-09,75.76,2689,"=HYPERLINK(""https://www.ncbi.nlm.nih.gov/nucleotide/JACVFV010001789.1?report=genbank&log$=nucltop&blast_rank=95&RID=5VZKBUGH016"",""JACVFV010001789.1"")"
"Botrytis cinerea strain Sl1 T11256, whole genome shotgun sequence",71.6,71.6,6%,2e-09,75.76,5616,"=HYPERLINK(""https://www.ncbi.nlm.nih.gov/nucleotide/JACVFU010001256.1?report=genbank&log$=nucltop&blast_rank=96&RID=5VZKBUGH016"",""JACVFU010001256.1"")"
"Botrytis cinerea strain Sl2 T21283, whole genome shotgun sequence",71.6,71.6,6%,2e-09,75.76,4730,"=HYPERLINK(""https://www.ncbi.nlm.nih.gov/nucleotide/JACVFT010001283.1?report=genbank&log$=nucltop&blast_rank=97&RID=5VZKBUGH016"",""JACVFT010001283.1"")"
"Botrytis cinerea strain Sl4 T41542, whole genome shotgun sequence",71.6,71.6,6%,2e-09,75.76,2975,"=HYPERLINK(""https://www.ncbi.nlm.nih.gov/nucleotide/JACVFS010001542.1?report=genbank&log$=nucltop&blast_rank=98&RID=5VZKBUGH016"",""JACVFS010001542.1"")"
"Botrytis cinerea strain Sl5 T51473, whole genome shotgun sequence",71.6,71.6,6%,2e-09,75.76,3903,"=HYPERLINK(""https://www.ncbi.nlm.nih.gov/nucleotide/JACVFR010001473.1?report=genbank&log$=nucltop&blast_rank=99&RID=5VZKBUGH016"",""JACVFR010001473.1"")"
"Botrytis cinerea strain Sl6 T61533, whole genome shotgun sequence",71.6,71.6,6%,2e-09,75.76,3516,"=HYPERLINK(""https://www.ncbi.nlm.nih.gov/nucleotide/JACVFQ010001533.1?report=genbank&log$=nucltop&blast_rank=100&RID=5VZKBUGH016"",""JACVFQ010001533.1"")"



		


