Description,Max Score,Total Score,Query Cover,E value,Per. ident,Acc. Len,Accession  
"Bertia moriformis strain D4H25SX9FM voucher IRGN:LVLPEM49V6 74704, whole genome shotgun sequence",4194,4194,99%,0.0,72.24,161650,"=HYPERLINK(""https://www.ncbi.nlm.nih.gov/nucleotide/JAOYNC020074704.1?report=genbank&log$=nucltop&blast_rank=1&RID=5VZEWKM7013"",""JAOYNC020074704.1"")"
"Metarhizium humberi strain ESALQ1638 Scaffold_0022, whole genome shotgun sequence",3090,3090,99%,0.0,69.39,460548,"=HYPERLINK(""https://www.ncbi.nlm.nih.gov/nucleotide/JACEFI010000022.1?report=genbank&log$=nucltop&blast_rank=2&RID=5VZEWKM7013"",""JACEFI010000022.1"")"
"Uromyces transversalis strain FL11_1 FL11-1_105372, whole genome shotgun sequence",2193,2193,15%,0.0,99.75,1223,"=HYPERLINK(""https://www.ncbi.nlm.nih.gov/nuccore/PTJQ01105372"",""PTJQ01105372.1"")"
"Uromyces transversalis strain FL11_1 FL11-1_526516, whole genome shotgun sequence",1467,1467,10%,0.0,100.00,813,"=HYPERLINK(""https://www.ncbi.nlm.nih.gov/nuccore/PTJQ01526516"",""PTJQ01526516.1"")"
"Uromyces transversalis strain FL11_1 FL11-1_160842, whole genome shotgun sequence",968,968,6%,0.0,99.81,539,"=HYPERLINK(""https://www.ncbi.nlm.nih.gov/nuccore/PTJQ01160842"",""PTJQ01160842.1"")"
"Calonectria henricotiae strain CBS 138102 Contig1706, whole genome shotgun sequence",902,902,6%,0.0,98.28,571,"=HYPERLINK(""https://www.ncbi.nlm.nih.gov/nuccore/PGWR01000713"",""PGWR01000713.1"")"
"Uromyces transversalis strain FL11_1 FL11-1_330510, whole genome shotgun sequence",823,823,5%,0.0,99.57,461,"=HYPERLINK(""https://www.ncbi.nlm.nih.gov/nuccore/PTJQ01330510"",""PTJQ01330510.1"")"
"Uromyces transversalis strain FL11_1 FL11-1_233263, whole genome shotgun sequence",552,552,3%,4e-153,99.68,308,"=HYPERLINK(""https://www.ncbi.nlm.nih.gov/nuccore/PTJQ01233263"",""PTJQ01233263.1"")"
"Onygenales sp. R13A2 strain PYS4502 ctg_7, whole genome shotgun sequence",426,966,35%,1e-115,67.89,1776147,"=HYPERLINK(""https://www.ncbi.nlm.nih.gov/nucleotide/JAMAFV010000007.1?report=genbank&log$=nucltop&blast_rank=9&RID=5VZEWKM7013"",""JAMAFV010000007.1"")"
"Onygenales sp. R3503 strain PB3601 ctg_2, whole genome shotgun sequence",426,966,35%,1e-115,67.89,3058470,"=HYPERLINK(""https://www.ncbi.nlm.nih.gov/nucleotide/JAMAFU010000002.1?report=genbank&log$=nucltop&blast_rank=10&RID=5VZEWKM7013"",""JAMAFU010000002.1"")"
"Bryoglossum gracile strain AWW 858 scaffold_7882, whole genome shotgun sequence",284,284,13%,9e-73,66.38,1050,"=HYPERLINK(""https://www.ncbi.nlm.nih.gov/nucleotide/JAPZPB010007882.1?report=genbank&log$=nucltop&blast_rank=11&RID=5VZEWKM7013"",""JAPZPB010007882.1"")"
"MAG: Variospora aurantia isolate LIQ74CAUR scaffold_636, whole genome shotgun sequence",256,568,17%,4e-64,74.62,9439,"=HYPERLINK(""https://www.ncbi.nlm.nih.gov/nucleotide/JALAHZ010000636.1?report=genbank&log$=nucltop&blast_rank=12&RID=5VZEWKM7013"",""JALAHZ010000636.1"")"
"MAG: Caloplaca aegaea isolate LIQ143CAAG scaffold_369, whole genome shotgun sequence",244,557,16%,8e-61,74.48,15581,"=HYPERLINK(""https://www.ncbi.nlm.nih.gov/nucleotide/JALAIP010000369.1?report=genbank&log$=nucltop&blast_rank=13&RID=5VZEWKM7013"",""JALAIP010000369.1"")"
"Zalaria obscura strain FKI-L7-BK-DRAB2 NODE_150_length_44070_cov_7.431910, whole genome shotgun sequence",239,513,25%,3e-59,64.71,44070,"=HYPERLINK(""https://www.ncbi.nlm.nih.gov/nucleotide/JAKLMU010000150.1?report=genbank&log$=nucltop&blast_rank=14&RID=5VZEWKM7013"",""JAKLMU010000150.1"")"
"Valsa mali strain 03-8 contig425, whole genome shotgun sequence",233,385,11%,1e-57,69.96,62165,"=HYPERLINK(""https://www.ncbi.nlm.nih.gov/nuccore/JUIY01000425"",""JUIY01000425.1"")"
"Valsa mali strain Vm263 contig000001, whole genome shotgun sequence",233,385,11%,1e-57,69.96,7815229,"=HYPERLINK(""https://www.ncbi.nlm.nih.gov/nucleotide/JANKOA010000001.1?report=genbank&log$=nucltop&blast_rank=16&RID=5VZEWKM7013"",""JANKOA010000001.1"")"
"Cytospora mali strain EGI1 Contig00003, whole genome shotgun sequence",233,385,11%,1e-57,69.96,7748194,"=HYPERLINK(""https://www.ncbi.nlm.nih.gov/nucleotide/JALDND010000003.1?report=genbank&log$=nucltop&blast_rank=17&RID=5VZEWKM7013"",""JALDND010000003.1"")"
"Elasticomyces elasticus strain CCFEE 5316 scaffold_3983, whole genome shotgun sequence",222,222,9%,9e-54,67.46,1072,"=HYPERLINK(""https://www.ncbi.nlm.nih.gov/nucleotide/JAVRQM010003983.1?report=genbank&log$=nucltop&blast_rank=18&RID=5VZEWKM7013"",""JAVRQM010003983.1"")"
"Lasiosphaeria miniovina strain SMH2392-1A B0T26scaffold_3, whole genome shotgun sequence",219,360,10%,3e-53,69.15,6774765,"=HYPERLINK(""https://www.ncbi.nlm.nih.gov/nucleotide/JAUIRO010000003.1?report=genbank&log$=nucltop&blast_rank=19&RID=5VZEWKM7013"",""JAUIRO010000003.1"")"
"MAG: Seirophora lacunosa isolate LIQ92SELA_2 scaffold_255, whole genome shotgun sequence",216,447,21%,4e-52,66.27,30594,"=HYPERLINK(""https://www.ncbi.nlm.nih.gov/nucleotide/JALAIF010000255.1?report=genbank&log$=nucltop&blast_rank=20&RID=5VZEWKM7013"",""JALAIF010000255.1"")"
"MAG: Seirophora lacunosa isolate LIQ71TLAC scaffold_81, whole genome shotgun sequence",214,555,18%,1e-51,72.94,143575,"=HYPERLINK(""https://www.ncbi.nlm.nih.gov/nucleotide/JALAHX010000081.1?report=genbank&log$=nucltop&blast_rank=21&RID=5VZEWKM7013"",""JALAHX010000081.1"")"
"MAG: Seirophora villosa isolate LIQ72TVIL scaffold_1028, whole genome shotgun sequence",204,431,13%,2e-48,72.47,10941,"=HYPERLINK(""https://www.ncbi.nlm.nih.gov/nucleotide/JALAHY010001028.1?report=genbank&log$=nucltop&blast_rank=22&RID=5VZEWKM7013"",""JALAHY010001028.1"")"
"Lasiosphaeria ovina strain CBS 958.72 B0T24scaffold_2, whole genome shotgun sequence",197,421,7%,1e-46,70.79,7339101,"=HYPERLINK(""https://www.ncbi.nlm.nih.gov/nucleotide/JAULSN010000002.1?report=genbank&log$=nucltop&blast_rank=23&RID=5VZEWKM7013"",""JAULSN010000002.1"")"
"Monosporascus sp. mg162 NODE_518, whole genome shotgun sequence",192,371,20%,4e-45,70.59,59025,"=HYPERLINK(""https://www.ncbi.nlm.nih.gov/nuccore/QJNY01000500"",""QJNY01000500.1"")"
"Valsa mali var. pyri (nom. inval.) strain SXYL134 contig110, whole genome shotgun sequence",179,315,9%,3e-41,69.80,65516,"=HYPERLINK(""https://www.ncbi.nlm.nih.gov/nuccore/JUIZ01000110"",""JUIZ01000110.1"")"
"Chaetomium sp. MPI-CAGE-AT-0009 B0I37scaffold_7, whole genome shotgun sequence",179,323,10%,3e-41,70.88,693952,"=HYPERLINK(""https://www.ncbi.nlm.nih.gov/nucleotide/JAHBOE010000007.1?report=genbank&log$=nucltop&blast_rank=26&RID=5VZEWKM7013"",""JAHBOE010000007.1"")"
"Endothia cerciana strain CGMCC 3.20105 NODE_23_length_597299_cov_39.101343, whole genome shotgun sequence",178,283,11%,9e-41,67.79,597299,"=HYPERLINK(""https://www.ncbi.nlm.nih.gov/nucleotide/JALRMH010000023.1?report=genbank&log$=nucltop&blast_rank=27&RID=5VZEWKM7013"",""JALRMH010000023.1"")"
"Xylariomycetidae sp. FL0641 F4780scaffold_127, whole genome shotgun sequence",178,391,14%,9e-41,71.01,64123,"=HYPERLINK(""https://www.ncbi.nlm.nih.gov/nucleotide/JAJJKE010000127.1?report=genbank&log$=nucltop&blast_rank=28&RID=5VZEWKM7013"",""JAJJKE010000127.1"")"
"Coniella lustricola strain B22-T-1 BD289scaffold_180_Cont356, whole genome shotgun sequence",171,410,18%,1e-38,70.03,63015,"=HYPERLINK(""https://www.ncbi.nlm.nih.gov/nuccore/NSBW01000356"",""NSBW01000356.1"")"
"Madurella fahalii strain CBS 129176 chromosome III, whole genome shotgun sequence",168,168,4%,2e-37,70.11,5590309,"=HYPERLINK(""https://www.ncbi.nlm.nih.gov/nucleotide/JAPYLN010000001.1?report=genbank&log$=nucltop&blast_rank=30&RID=5VZEWKM7013"",""JAPYLN010000001.1"")"
"Bacidia rubella strain M-0307710 bac_rub_1, whole genome shotgun sequence",167,440,19%,2e-37,70.16,2353056,"=HYPERLINK(""https://www.ncbi.nlm.nih.gov/nucleotide/JAVTIF010000001.1?report=genbank&log$=nucltop&blast_rank=31&RID=5VZEWKM7013"",""JAVTIF010000001.1"")"
"Macrophomina phaseolina strain MP00003 NODE_1555, whole genome shotgun sequence",161,250,7%,7e-36,69.75,8255,"=HYPERLINK(""https://www.ncbi.nlm.nih.gov/nuccore/LHTM01002343"",""LHTM01002343.1"")"
"Nemania bipapillata strain CP14 Contig_1098, whole genome shotgun sequence",159,159,4%,9e-35,70.97,11630,"=HYPERLINK(""https://www.ncbi.nlm.nih.gov/nucleotide/JAPESX010001098.1?report=genbank&log$=nucltop&blast_rank=33&RID=5VZEWKM7013"",""JAPESX010001098.1"")"
"MAG: Teloschistes peruensis isolate LIQ70TSP scaffold_350, whole genome shotgun sequence",159,402,18%,9e-35,69.21,16306,"=HYPERLINK(""https://www.ncbi.nlm.nih.gov/nucleotide/JALAHW010000350.1?report=genbank&log$=nucltop&blast_rank=34&RID=5VZEWKM7013"",""JALAHW010000350.1"")"
"Raffaelea arxii strain CBS 273.70 scaffold_7, whole genome shotgun sequence",157,264,7%,3e-34,69.58,1828670,"=HYPERLINK(""https://www.ncbi.nlm.nih.gov/nuccore/PCDH01000008"",""PCDH01000008.1"")"
"Macrophomina pseudophaseolina strain WAC 2767 65, whole genome shotgun sequence",157,255,7%,3e-34,69.50,128174,"=HYPERLINK(""https://www.ncbi.nlm.nih.gov/nucleotide/JAJJID010000065.1?report=genbank&log$=nucltop&blast_rank=36&RID=5VZEWKM7013"",""JAJJID010000065.1"")"
"Nigrospora oryzae strain GZL1 ctg000011_pilon_pilon_pilon, whole genome shotgun sequence",154,154,4%,1e-33,70.35,10312485,"=HYPERLINK(""https://www.ncbi.nlm.nih.gov/nucleotide/JADKYO010000012.1?report=genbank&log$=nucltop&blast_rank=37&RID=5VZEWKM7013"",""JADKYO010000012.1"")"
"MAG TPA_asm: Lasallia pustulata genome assembly, contig: NODE_27_length_81052_cov_41.542329, whole genome shotgun sequence",152,341,17%,4e-33,71.24,81052,"=HYPERLINK(""https://www.ncbi.nlm.nih.gov/nucleotide/CALFGL010001392.1?report=genbank&log$=nucltop&blast_rank=38&RID=5VZEWKM7013"",""CALFGL010001392.1"")"
"Neofusicoccum sp. Z40 Neofusicoccum_Z40_scaffold_63, whole genome shotgun sequence",151,241,6%,1e-32,72.32,20795,"=HYPERLINK(""https://www.ncbi.nlm.nih.gov/nucleotide/JBAWJV010000063.1?report=genbank&log$=nucltop&blast_rank=39&RID=5VZEWKM7013"",""JBAWJV010000063.1"")"
"Truncatella angustata strain S358 contig048, whole genome shotgun sequence",151,220,6%,1e-32,70.38,180447,"=HYPERLINK(""https://www.ncbi.nlm.nih.gov/nucleotide/JAJJMK010000048.1?report=genbank&log$=nucltop&blast_rank=40&RID=5VZEWKM7013"",""JAJJMK010000048.1"")"
"Truncatella angustata strain MPI-SDFR-AT-0073 BKA67scaffold_1, whole genome shotgun sequence",151,220,6%,1e-32,70.38,8266315,"=HYPERLINK(""https://www.ncbi.nlm.nih.gov/nucleotide/JAGPXC010000001.1?report=genbank&log$=nucltop&blast_rank=41&RID=5VZEWKM7013"",""JAGPXC010000001.1"")"
"Botryosphaeria dothidea strain LW-Hubei Scaffold12_1, whole genome shotgun sequence",150,215,6%,1e-32,68.61,2417231,"=HYPERLINK(""https://www.ncbi.nlm.nih.gov/nuccore/SACU01000018"",""SACU01000018.1"")"
"Botryosphaeria dothidea strain PG45 NODE_156_length_58999_cov_32.1286, whole genome shotgun sequence",150,215,6%,1e-32,68.61,58999,"=HYPERLINK(""https://www.ncbi.nlm.nih.gov/nuccore/NNRO01000155"",""NNRO01000155.1"")"
"Neoscytalidium dimidiatum strain ND8 chromosome 5, whole genome shotgun sequence",150,150,4%,1e-32,69.15,3925773,"=HYPERLINK(""https://www.ncbi.nlm.nih.gov/nucleotide/JAVSCG010000005.1?report=genbank&log$=nucltop&blast_rank=44&RID=5VZEWKM7013"",""JAVSCG010000005.1"")"
"Botryosphaeria dothidea strain XNHG-241 Contig6, whole genome shotgun sequence",150,215,6%,1e-32,68.61,2356799,"=HYPERLINK(""https://www.ncbi.nlm.nih.gov/nucleotide/JANBVZ010000006.1?report=genbank&log$=nucltop&blast_rank=45&RID=5VZEWKM7013"",""JANBVZ010000006.1"")"
"Botryosphaeria dothidea strain M68-17 scaffold_50, whole genome shotgun sequence",150,215,6%,1e-32,68.61,280153,"=HYPERLINK(""https://www.ncbi.nlm.nih.gov/nucleotide/JAJVDB020000050.1?report=genbank&log$=nucltop&blast_rank=46&RID=5VZEWKM7013"",""JAJVDB020000050.1"")"
"Botryosphaeria dothidea strain CK28 ctg4, whole genome shotgun sequence",150,215,6%,1e-32,68.61,4014238,"=HYPERLINK(""https://www.ncbi.nlm.nih.gov/nucleotide/JAJPCR010000004.1?report=genbank&log$=nucltop&blast_rank=47&RID=5VZEWKM7013"",""JAJPCR010000004.1"")"
"Botryosphaeria dothidea strain B67 scaffold_300, whole genome shotgun sequence",150,215,6%,1e-32,68.61,47971,"=HYPERLINK(""https://www.ncbi.nlm.nih.gov/nucleotide/JAJNME010000300.1?report=genbank&log$=nucltop&blast_rank=48&RID=5VZEWKM7013"",""JAJNME010000300.1"")"
"Botryosphaeria dothidea strain KE82255 scaffold_216, whole genome shotgun sequence",150,215,6%,1e-32,68.61,45635,"=HYPERLINK(""https://www.ncbi.nlm.nih.gov/nucleotide/JAJNMD010000216.1?report=genbank&log$=nucltop&blast_rank=49&RID=5VZEWKM7013"",""JAJNMD010000216.1"")"
"Botryosphaeria dothidea strain KE6954 scaffold_38, whole genome shotgun sequence",150,215,6%,1e-32,68.61,331922,"=HYPERLINK(""https://www.ncbi.nlm.nih.gov/nucleotide/JAJNMC010000038.1?report=genbank&log$=nucltop&blast_rank=50&RID=5VZEWKM7013"",""JAJNMC010000038.1"")"
"Botryosphaeria dothidea strain KE80337 scaffold_222, whole genome shotgun sequence",150,215,6%,1e-32,68.61,46482,"=HYPERLINK(""https://www.ncbi.nlm.nih.gov/nucleotide/JAJNMB010000221.1?report=genbank&log$=nucltop&blast_rank=51&RID=5VZEWKM7013"",""JAJNMB010000221.1"")"
"Botryosphaeria dothidea strain KEN38 scaffold_280, whole genome shotgun sequence",150,215,6%,1e-32,68.61,47906,"=HYPERLINK(""https://www.ncbi.nlm.nih.gov/nucleotide/JAJNMA010000280.1?report=genbank&log$=nucltop&blast_rank=52&RID=5VZEWKM7013"",""JAJNMA010000280.1"")"
"Botryosphaeria dothidea strain KE8326 scaffold_292, whole genome shotgun sequence",150,215,6%,1e-32,68.61,46627,"=HYPERLINK(""https://www.ncbi.nlm.nih.gov/nucleotide/JAJNLX010000291.1?report=genbank&log$=nucltop&blast_rank=53&RID=5VZEWKM7013"",""JAJNLX010000291.1"")"
"Botryosphaeria dothidea strain KE51710 scaffold_303, whole genome shotgun sequence",150,215,6%,1e-32,68.61,34406,"=HYPERLINK(""https://www.ncbi.nlm.nih.gov/nucleotide/JAJNLR010000302.1?report=genbank&log$=nucltop&blast_rank=54&RID=5VZEWKM7013"",""JAJNLR010000302.1"")"
"Botryosphaeria dothidea strain B7940A scaffold_207, whole genome shotgun sequence",150,215,6%,1e-32,68.61,61567,"=HYPERLINK(""https://www.ncbi.nlm.nih.gov/nucleotide/JAJNLQ010000207.1?report=genbank&log$=nucltop&blast_rank=55&RID=5VZEWKM7013"",""JAJNLQ010000207.1"")"
"Botryosphaeria dothidea strain B7940B scaffold_204, whole genome shotgun sequence",150,215,6%,1e-32,68.61,61567,"=HYPERLINK(""https://www.ncbi.nlm.nih.gov/nucleotide/JAJNLP010000204.1?report=genbank&log$=nucltop&blast_rank=56&RID=5VZEWKM7013"",""JAJNLP010000204.1"")"
"Botryosphaeria dothidea strain B7940C scaffold_192, whole genome shotgun sequence",150,215,6%,1e-32,68.61,62318,"=HYPERLINK(""https://www.ncbi.nlm.nih.gov/nucleotide/JAJNLO010000192.1?report=genbank&log$=nucltop&blast_rank=57&RID=5VZEWKM7013"",""JAJNLO010000192.1"")"
"Botryosphaeria dothidea strain B84480 scaffold_265, whole genome shotgun sequence",150,215,6%,1e-32,68.61,34557,"=HYPERLINK(""https://www.ncbi.nlm.nih.gov/nucleotide/JAJNLN010000265.1?report=genbank&log$=nucltop&blast_rank=58&RID=5VZEWKM7013"",""JAJNLN010000265.1"")"
"Botryosphaeria dothidea strain KE8324 scaffold_269, whole genome shotgun sequence",150,215,6%,1e-32,68.61,46855,"=HYPERLINK(""https://www.ncbi.nlm.nih.gov/nucleotide/JAJNLM010000269.1?report=genbank&log$=nucltop&blast_rank=59&RID=5VZEWKM7013"",""JAJNLM010000269.1"")"
"Botryosphaeria dothidea strain KE7958 scaffold_175, whole genome shotgun sequence",150,215,6%,1e-32,68.61,61391,"=HYPERLINK(""https://www.ncbi.nlm.nih.gov/nucleotide/JAJNLK010000175.1?report=genbank&log$=nucltop&blast_rank=60&RID=5VZEWKM7013"",""JAJNLK010000175.1"")"
"Botryosphaeria dothidea strain B11_16 scaffold_201, whole genome shotgun sequence",150,215,6%,1e-32,68.61,58677,"=HYPERLINK(""https://www.ncbi.nlm.nih.gov/nucleotide/JAJNLJ010000201.1?report=genbank&log$=nucltop&blast_rank=61&RID=5VZEWKM7013"",""JAJNLJ010000201.1"")"
"Botryosphaeria dothidea strain KE81295 scaffold_232, whole genome shotgun sequence",150,215,6%,1e-32,68.61,46630,"=HYPERLINK(""https://www.ncbi.nlm.nih.gov/nucleotide/JAJNLI010000232.1?report=genbank&log$=nucltop&blast_rank=62&RID=5VZEWKM7013"",""JAJNLI010000232.1"")"
"Botryosphaeria dothidea strain KE80302 scaffold_221, whole genome shotgun sequence",150,215,6%,1e-32,68.61,46557,"=HYPERLINK(""https://www.ncbi.nlm.nih.gov/nucleotide/JAJNLE010000221.1?report=genbank&log$=nucltop&blast_rank=63&RID=5VZEWKM7013"",""JAJNLE010000221.1"")"
"Botryosphaeria dothidea strain B10_2 scaffold_679, whole genome shotgun sequence",150,215,6%,1e-32,68.61,8000,"=HYPERLINK(""https://www.ncbi.nlm.nih.gov/nucleotide/JAJNLD010000678.1?report=genbank&log$=nucltop&blast_rank=64&RID=5VZEWKM7013"",""JAJNLD010000678.1"")"
"Botryosphaeria dothidea strain KE55 scaffold_69, whole genome shotgun sequence",150,215,6%,1e-32,68.61,195119,"=HYPERLINK(""https://www.ncbi.nlm.nih.gov/nucleotide/JAJNLC010000069.1?report=genbank&log$=nucltop&blast_rank=65&RID=5VZEWKM7013"",""JAJNLC010000069.1"")"
"Botryosphaeria dothidea strain PG3 scaffold_195, whole genome shotgun sequence",150,215,6%,1e-32,68.61,52525,"=HYPERLINK(""https://www.ncbi.nlm.nih.gov/nucleotide/JAJNKY010000167.1?report=genbank&log$=nucltop&blast_rank=66&RID=5VZEWKM7013"",""JAJNKY010000167.1"")"
"Botryosphaeria dothidea strain KE11_99 scaffold_27, whole genome shotgun sequence",150,215,6%,1e-32,68.61,387810,"=HYPERLINK(""https://www.ncbi.nlm.nih.gov/nucleotide/JAJNKU010000027.1?report=genbank&log$=nucltop&blast_rank=67&RID=5VZEWKM7013"",""JAJNKU010000027.1"")"
"Botryosphaeria dothidea strain KE88097 scaffold_241, whole genome shotgun sequence",150,215,6%,1e-32,68.61,85177,"=HYPERLINK(""https://www.ncbi.nlm.nih.gov/nucleotide/JAJNKM010000228.1?report=genbank&log$=nucltop&blast_rank=68&RID=5VZEWKM7013"",""JAJNKM010000228.1"")"
"Botryosphaeria dothidea strain B92 scaffold_58, whole genome shotgun sequence",150,215,6%,1e-32,68.61,186875,"=HYPERLINK(""https://www.ncbi.nlm.nih.gov/nucleotide/JAJNKK010000058.1?report=genbank&log$=nucltop&blast_rank=69&RID=5VZEWKM7013"",""JAJNKK010000058.1"")"
"Botryosphaeria dothidea strain KE87638 scaffold_136, whole genome shotgun sequence",150,215,6%,1e-32,68.61,73713,"=HYPERLINK(""https://www.ncbi.nlm.nih.gov/nucleotide/JAJMZH010000136.1?report=genbank&log$=nucltop&blast_rank=70&RID=5VZEWKM7013"",""JAJMZH010000136.1"")"
"Botryosphaeria dothidea strain KE6967 scaffold_192, whole genome shotgun sequence",150,215,6%,1e-32,68.61,60705,"=HYPERLINK(""https://www.ncbi.nlm.nih.gov/nucleotide/JAJMZF010000192.1?report=genbank&log$=nucltop&blast_rank=71&RID=5VZEWKM7013"",""JAJMZF010000192.1"")"
"Botryosphaeria dothidea strain KE82346 scaffold_199, whole genome shotgun sequence",150,215,6%,1e-32,68.61,60772,"=HYPERLINK(""https://www.ncbi.nlm.nih.gov/nucleotide/JAJMZE010000199.1?report=genbank&log$=nucltop&blast_rank=72&RID=5VZEWKM7013"",""JAJMZE010000199.1"")"
"Botryosphaeria dothidea strain KE82352 scaffold_209, whole genome shotgun sequence",150,215,6%,1e-32,68.61,45601,"=HYPERLINK(""https://www.ncbi.nlm.nih.gov/nucleotide/JAJMZD010000209.1?report=genbank&log$=nucltop&blast_rank=73&RID=5VZEWKM7013"",""JAJMZD010000209.1"")"
"Botryosphaeria dothidea strain KE10_6 scaffold_280, whole genome shotgun sequence",150,215,6%,1e-32,68.61,34472,"=HYPERLINK(""https://www.ncbi.nlm.nih.gov/nucleotide/JAJMZB010000280.1?report=genbank&log$=nucltop&blast_rank=74&RID=5VZEWKM7013"",""JAJMZB010000280.1"")"
"Botryosphaeria dothidea strain KET14 scaffold_85, whole genome shotgun sequence",150,215,6%,1e-32,68.61,172842,"=HYPERLINK(""https://www.ncbi.nlm.nih.gov/nucleotide/JAJMYZ010000085.1?report=genbank&log$=nucltop&blast_rank=75&RID=5VZEWKM7013"",""JAJMYZ010000085.1"")"
"Botryosphaeria dothidea strain KE8373 scaffold_257, whole genome shotgun sequence",150,215,6%,1e-32,68.61,47902,"=HYPERLINK(""https://www.ncbi.nlm.nih.gov/nucleotide/JAJMYX010000257.1?report=genbank&log$=nucltop&blast_rank=76&RID=5VZEWKM7013"",""JAJMYX010000257.1"")"
"Botryosphaeria dothidea strain KE88755 scaffold_22, whole genome shotgun sequence",150,215,6%,1e-32,68.61,561503,"=HYPERLINK(""https://www.ncbi.nlm.nih.gov/nucleotide/JAJMYW010000022.1?report=genbank&log$=nucltop&blast_rank=77&RID=5VZEWKM7013"",""JAJMYW010000022.1"")"
"Botryosphaeria dothidea strain KE8212 scaffold_268, whole genome shotgun sequence",150,215,6%,1e-32,68.61,47962,"=HYPERLINK(""https://www.ncbi.nlm.nih.gov/nucleotide/JAJMYT010000268.1?report=genbank&log$=nucltop&blast_rank=78&RID=5VZEWKM7013"",""JAJMYT010000268.1"")"
"Botryosphaeria dothidea strain KE86554 scaffold_166, whole genome shotgun sequence",150,215,6%,1e-32,68.61,82429,"=HYPERLINK(""https://www.ncbi.nlm.nih.gov/nucleotide/JAJMYR010000166.1?report=genbank&log$=nucltop&blast_rank=79&RID=5VZEWKM7013"",""JAJMYR010000166.1"")"
"Botryosphaeria dothidea strain KE8331 scaffold_165, whole genome shotgun sequence",150,215,6%,1e-32,68.61,69458,"=HYPERLINK(""https://www.ncbi.nlm.nih.gov/nucleotide/JAJMYL010000165.1?report=genbank&log$=nucltop&blast_rank=80&RID=5VZEWKM7013"",""JAJMYL010000165.1"")"
"Botryosphaeria dothidea strain KE8424 scaffold_138, whole genome shotgun sequence",150,215,6%,1e-32,68.61,50976,"=HYPERLINK(""https://www.ncbi.nlm.nih.gov/nucleotide/JAJMYK010000138.1?report=genbank&log$=nucltop&blast_rank=81&RID=5VZEWKM7013"",""JAJMYK010000138.1"")"
"Botryosphaeria dothidea strain KE88420 scaffold_172, whole genome shotgun sequence",150,215,6%,1e-32,68.61,62283,"=HYPERLINK(""https://www.ncbi.nlm.nih.gov/nucleotide/JAJMYI010000172.1?report=genbank&log$=nucltop&blast_rank=82&RID=5VZEWKM7013"",""JAJMYI010000172.1"")"
"Botryosphaeria dothidea strain KE88419 scaffold_283, whole genome shotgun sequence",150,215,6%,1e-32,68.61,36401,"=HYPERLINK(""https://www.ncbi.nlm.nih.gov/nucleotide/JAJMYE010000283.1?report=genbank&log$=nucltop&blast_rank=83&RID=5VZEWKM7013"",""JAJMYE010000283.1"")"
"Botryosphaeria dothidea strain KE85586 scaffold_131, whole genome shotgun sequence",150,215,6%,1e-32,68.61,86598,"=HYPERLINK(""https://www.ncbi.nlm.nih.gov/nucleotide/JAJMYD010000131.1?report=genbank&log$=nucltop&blast_rank=84&RID=5VZEWKM7013"",""JAJMYD010000131.1"")"
"Botryosphaeria dothidea strain KE85600 scaffold_130, whole genome shotgun sequence",150,215,6%,1e-32,68.61,86567,"=HYPERLINK(""https://www.ncbi.nlm.nih.gov/nucleotide/JAJMYB010000130.1?report=genbank&log$=nucltop&blast_rank=85&RID=5VZEWKM7013"",""JAJMYB010000130.1"")"
"Botryosphaeria dothidea strain KE7926 scaffold_158, whole genome shotgun sequence",150,215,6%,1e-32,68.61,83126,"=HYPERLINK(""https://www.ncbi.nlm.nih.gov/nucleotide/JAJMXY010000158.1?report=genbank&log$=nucltop&blast_rank=86&RID=5VZEWKM7013"",""JAJMXY010000158.1"")"
"Botryosphaeria dothidea strain KE8317 scaffold_148, whole genome shotgun sequence",150,215,6%,1e-32,68.61,73163,"=HYPERLINK(""https://www.ncbi.nlm.nih.gov/nucleotide/JAJMXV010000148.1?report=genbank&log$=nucltop&blast_rank=87&RID=5VZEWKM7013"",""JAJMXV010000148.1"")"
"Botryosphaeria dothidea strain KE8321 scaffold_195, whole genome shotgun sequence",150,215,6%,1e-32,68.61,61688,"=HYPERLINK(""https://www.ncbi.nlm.nih.gov/nucleotide/JAJMXU010000195.1?report=genbank&log$=nucltop&blast_rank=88&RID=5VZEWKM7013"",""JAJMXU010000195.1"")"
"Botryosphaeria dothidea strain KE8094 scaffold_304, whole genome shotgun sequence",150,215,6%,1e-32,68.61,46618,"=HYPERLINK(""https://www.ncbi.nlm.nih.gov/nucleotide/JAJMXT010000304.1?report=genbank&log$=nucltop&blast_rank=89&RID=5VZEWKM7013"",""JAJMXT010000304.1"")"
"Botryosphaeria dothidea strain KE86546 scaffold_301, whole genome shotgun sequence",150,215,6%,1e-32,68.61,46607,"=HYPERLINK(""https://www.ncbi.nlm.nih.gov/nucleotide/JAJMXS010000301.1?report=genbank&log$=nucltop&blast_rank=90&RID=5VZEWKM7013"",""JAJMXS010000301.1"")"
"Botryosphaeria dothidea strain KE87119 scaffold_201, whole genome shotgun sequence",150,215,6%,1e-32,68.61,46622,"=HYPERLINK(""https://www.ncbi.nlm.nih.gov/nucleotide/JAJMXQ010000201.1?report=genbank&log$=nucltop&blast_rank=91&RID=5VZEWKM7013"",""JAJMXQ010000201.1"")"
"Botryosphaeria dothidea strain KE8385 scaffold_144, whole genome shotgun sequence",150,215,6%,1e-32,68.61,73120,"=HYPERLINK(""https://www.ncbi.nlm.nih.gov/nucleotide/JAJMXM010000144.1?report=genbank&log$=nucltop&blast_rank=92&RID=5VZEWKM7013"",""JAJMXM010000144.1"")"
"Botryosphaeria dothidea strain KEsdau11_40 scaffold_309, whole genome shotgun sequence",150,215,6%,1e-32,68.61,12631,"=HYPERLINK(""https://www.ncbi.nlm.nih.gov/nucleotide/JAJMXL010000309.1?report=genbank&log$=nucltop&blast_rank=93&RID=5VZEWKM7013"",""JAJMXL010000309.1"")"
"Botryosphaeria dothidea strain KE11_11 scaffold_219, whole genome shotgun sequence",150,215,6%,1e-32,68.61,34457,"=HYPERLINK(""https://www.ncbi.nlm.nih.gov/nucleotide/JAJMXK010000219.1?report=genbank&log$=nucltop&blast_rank=94&RID=5VZEWKM7013"",""JAJMXK010000219.1"")"
"Botryosphaeria dothidea strain KE6948 scaffold_172, whole genome shotgun sequence",150,215,6%,1e-32,68.61,57626,"=HYPERLINK(""https://www.ncbi.nlm.nih.gov/nucleotide/JAJMXJ010000172.1?report=genbank&log$=nucltop&blast_rank=95&RID=5VZEWKM7013"",""JAJMXJ010000172.1"")"
"Botryosphaeria dothidea strain KE8088 scaffold_294, whole genome shotgun sequence",150,215,6%,1e-32,68.61,34409,"=HYPERLINK(""https://www.ncbi.nlm.nih.gov/nucleotide/JAJMXG010000294.1?report=genbank&log$=nucltop&blast_rank=96&RID=5VZEWKM7013"",""JAJMXG010000294.1"")"
"Botryosphaeria dothidea strain PG1 scaffold_145, whole genome shotgun sequence",150,215,6%,1e-32,68.61,54001,"=HYPERLINK(""https://www.ncbi.nlm.nih.gov/nucleotide/JAJMXF010000145.1?report=genbank&log$=nucltop&blast_rank=97&RID=5VZEWKM7013"",""JAJMXF010000145.1"")"
"Botryosphaeria dothidea strain CK16 contig00010, whole genome shotgun sequence",150,215,6%,1e-32,68.61,970455,"=HYPERLINK(""https://www.ncbi.nlm.nih.gov/nucleotide/JACTUD010000010.1?report=genbank&log$=nucltop&blast_rank=98&RID=5VZEWKM7013"",""JACTUD010000010.1"")"
"Botryosphaeria dothidea strain PTZ1 Contig7, whole genome shotgun sequence",150,215,6%,1e-32,68.61,2684432,"=HYPERLINK(""https://www.ncbi.nlm.nih.gov/nucleotide/JABUIR010000007.1?report=genbank&log$=nucltop&blast_rank=99&RID=5VZEWKM7013"",""JABUIR010000007.1"")"
"Neoscytalidium dimidiatum genome assembly, contig: Contig_1610, whole genome shotgun sequence",150,150,4%,1e-32,69.15,20368,"=HYPERLINK(""https://www.ncbi.nlm.nih.gov/nuccore/FLVB01001610"",""FLVB01001610.1"")"



		


