Description,Max Score,Total Score,Query Cover,E value,Per. ident,Acc. Len,Accession  
"Bertia moriformis strain D4H25SX9FM voucher IRGN:LVLPEM49V6 74704, whole genome shotgun sequence",696,696,94%,0.0,71.88,161650,"=HYPERLINK(""https://www.ncbi.nlm.nih.gov/nucleotide/JAOYNC020074704.1?report=genbank&log$=nucltop&blast_rank=1&RID=5VZG4F5Z016"",""JAOYNC020074704.1"")"
"Metarhizium humberi strain ESALQ1638 Scaffold_0022, whole genome shotgun sequence",517,517,93%,1e-143,68.85,460548,"=HYPERLINK(""https://www.ncbi.nlm.nih.gov/nucleotide/JACEFI010000022.1?report=genbank&log$=nucltop&blast_rank=2&RID=5VZG4F5Z016"",""JACEFI010000022.1"")"
"Bryoglossum gracile strain AWW 858 scaffold_11, whole genome shotgun sequence",456,456,74%,4e-125,69.89,217181,"=HYPERLINK(""https://www.ncbi.nlm.nih.gov/nucleotide/JAPZPB010000011.1?report=genbank&log$=nucltop&blast_rank=3&RID=5VZG4F5Z016"",""JAPZPB010000011.1"")"
"Pezicula radicicola strain NRRL 12192 scaffold_87, whole genome shotgun sequence",151,151,28%,2e-33,69.10,153737,"=HYPERLINK(""https://www.ncbi.nlm.nih.gov/nuccore/PDUO01000088"",""PDUO01000088.1"")"
"Xanthoparmelia taractica strain LF-423E contig88, whole genome shotgun sequence",150,238,36%,8e-33,68.59,151838,"=HYPERLINK(""https://www.ncbi.nlm.nih.gov/nucleotide/JANQBS010000088.1?report=genbank&log$=nucltop&blast_rank=5&RID=5VZG4F5Z016"",""JANQBS010000088.1"")"
"Truncatella angustata strain S358 contig048, whole genome shotgun sequence",137,204,31%,5e-29,68.91,180447,"=HYPERLINK(""https://www.ncbi.nlm.nih.gov/nucleotide/JAJJMK010000048.1?report=genbank&log$=nucltop&blast_rank=6&RID=5VZG4F5Z016"",""JAJJMK010000048.1"")"
"Truncatella angustata strain MPI-SDFR-AT-0073 BKA67scaffold_1, whole genome shotgun sequence",137,204,31%,5e-29,68.91,8266315,"=HYPERLINK(""https://www.ncbi.nlm.nih.gov/nucleotide/JAGPXC010000001.1?report=genbank&log$=nucltop&blast_rank=7&RID=5VZG4F5Z016"",""JAGPXC010000001.1"")"
"Xylariomycetidae sp. FL0641 F4780scaffold_127, whole genome shotgun sequence",133,133,26%,6e-28,69.02,64123,"=HYPERLINK(""https://www.ncbi.nlm.nih.gov/nucleotide/JAJJKE010000127.1?report=genbank&log$=nucltop&blast_rank=8&RID=5VZG4F5Z016"",""JAJJKE010000127.1"")"
"MAG TPA_asm: Lasallia pustulata genome assembly, contig: NODE_75_length_39937_cov_9.252219, whole genome shotgun sequence",123,192,46%,3e-25,67.35,39937,"=HYPERLINK(""https://www.ncbi.nlm.nih.gov/nucleotide/CALHCY010000767.1?report=genbank&log$=nucltop&blast_rank=9&RID=5VZG4F5Z016"",""CALHCY010000767.1"")"
"Rusavskia elegans strain YAF01 contig127, whole genome shotgun sequence",113,190,37%,6e-22,67.15,185217,"=HYPERLINK(""https://www.ncbi.nlm.nih.gov/nuccore/SAUG01000122"",""SAUG01000122.1"")"
"Raffaelea arxii strain CBS 273.70 scaffold_7, whole genome shotgun sequence",112,112,26%,2e-21,67.03,1828670,"=HYPERLINK(""https://www.ncbi.nlm.nih.gov/nuccore/PCDH01000008"",""PCDH01000008.1"")"
"Torrubiella hemipterigena genome assembly Allpaths-LG, scaffold SCAF1, whole genome shotgun sequence",104,104,14%,3e-19,71.57,8525130,"=HYPERLINK(""https://www.ncbi.nlm.nih.gov/nuccore/CDHN01000001"",""CDHN01000001.1"")"
"MAG: Letrouitia leprolyta isolate LIQ106LELE scaffold_280, whole genome shotgun sequence",102,177,24%,1e-18,71.16,31261,"=HYPERLINK(""https://www.ncbi.nlm.nih.gov/nucleotide/JALAIH010000280.1?report=genbank&log$=nucltop&blast_rank=13&RID=5VZG4F5Z016"",""JALAIH010000280.1"")"
"Cryphonectria parasitica EP155 M406scaffold_1_Cont1, whole genome shotgun sequence",100,100,22%,3e-18,67.82,7437273,"=HYPERLINK(""https://www.ncbi.nlm.nih.gov/nuccore/WHUS01000001"",""WHUS01000001.1"")"
"Cryphonectria parasitica strain YVO003 CrypaYVO003_MS1-1, whole genome shotgun sequence",100,100,22%,3e-18,67.82,3855066,"=HYPERLINK(""https://www.ncbi.nlm.nih.gov/nuccore/RAGY01000001"",""RAGY01000001.1"")"
"Cryphonectria parasitica strain ES15 ESM_0, whole genome shotgun sequence",100,100,22%,3e-18,67.82,4527039,"=HYPERLINK(""https://www.ncbi.nlm.nih.gov/nucleotide/JAGDFO010000001.1?report=genbank&log$=nucltop&blast_rank=16&RID=5VZG4F5Z016"",""JAGDFO010000001.1"")"
"Cryphonectria parasitica isolate ZB05 NODE_129_length_104426_cov_12.982100, whole genome shotgun sequence",100,100,22%,3e-18,67.82,104426,"=HYPERLINK(""https://www.ncbi.nlm.nih.gov/nucleotide/JACWUK010000129.1?report=genbank&log$=nucltop&blast_rank=17&RID=5VZG4F5Z016"",""JACWUK010000129.1"")"
"Cryphonectria parasitica isolate XA19 NODE_15_length_277689_cov_11.182394, whole genome shotgun sequence",100,100,22%,3e-18,67.82,277689,"=HYPERLINK(""https://www.ncbi.nlm.nih.gov/nucleotide/JACWUJ010000015.1?report=genbank&log$=nucltop&blast_rank=18&RID=5VZG4F5Z016"",""JACWUJ010000015.1"")"
"Cryphonectria parasitica isolate XA10 NODE_64_length_150537_cov_8.355750, whole genome shotgun sequence",100,100,22%,3e-18,67.82,150537,"=HYPERLINK(""https://www.ncbi.nlm.nih.gov/nucleotide/JACWUI010000064.1?report=genbank&log$=nucltop&blast_rank=19&RID=5VZG4F5Z016"",""JACWUI010000064.1"")"
"Cryphonectria parasitica isolate WB-3 NODE_60_length_141068_cov_6.118391, whole genome shotgun sequence",100,100,22%,3e-18,67.82,141068,"=HYPERLINK(""https://www.ncbi.nlm.nih.gov/nucleotide/JACWUH010000060.1?report=genbank&log$=nucltop&blast_rank=20&RID=5VZG4F5Z016"",""JACWUH010000060.1"")"
"Cryphonectria parasitica isolate TA59 NODE_187_length_76451_cov_8.160404, whole genome shotgun sequence",100,100,22%,3e-18,67.82,76451,"=HYPERLINK(""https://www.ncbi.nlm.nih.gov/nucleotide/JACWUG010000187.1?report=genbank&log$=nucltop&blast_rank=21&RID=5VZG4F5Z016"",""JACWUG010000187.1"")"
"Cryphonectria parasitica isolate S35 NODE_138_length_99933_cov_7.136345, whole genome shotgun sequence",100,100,22%,3e-18,67.82,99933,"=HYPERLINK(""https://www.ncbi.nlm.nih.gov/nucleotide/JACWUF010000138.1?report=genbank&log$=nucltop&blast_rank=22&RID=5VZG4F5Z016"",""JACWUF010000138.1"")"
"Cryphonectria parasitica isolate OZ07C NODE_10_length_254102_cov_10.868419, whole genome shotgun sequence",100,100,22%,3e-18,67.82,254102,"=HYPERLINK(""https://www.ncbi.nlm.nih.gov/nucleotide/JACWUE010000010.1?report=genbank&log$=nucltop&blast_rank=23&RID=5VZG4F5Z016"",""JACWUE010000010.1"")"
"Cryphonectria parasitica isolate OK-26 NODE_76_length_118005_cov_7.328305, whole genome shotgun sequence",100,100,22%,3e-18,67.82,118005,"=HYPERLINK(""https://www.ncbi.nlm.nih.gov/nucleotide/JACWUD010000076.1?report=genbank&log$=nucltop&blast_rank=24&RID=5VZG4F5Z016"",""JACWUD010000076.1"")"
"Cryphonectria parasitica isolate OC03 NODE_17_length_249763_cov_13.144601, whole genome shotgun sequence",100,100,22%,3e-18,67.82,249763,"=HYPERLINK(""https://www.ncbi.nlm.nih.gov/nucleotide/JACWUC010000017.1?report=genbank&log$=nucltop&blast_rank=25&RID=5VZG4F5Z016"",""JACWUC010000017.1"")"
"Cryphonectria parasitica isolate OB5-15 NODE_95_length_155970_cov_19.494128, whole genome shotgun sequence",100,100,22%,3e-18,67.82,155970,"=HYPERLINK(""https://www.ncbi.nlm.nih.gov/nucleotide/JACWUB010000095.1?report=genbank&log$=nucltop&blast_rank=26&RID=5VZG4F5Z016"",""JACWUB010000095.1"")"
"Cryphonectria parasitica isolate NH-4 NODE_108_length_142719_cov_24.105012, whole genome shotgun sequence",100,100,22%,3e-18,67.82,142719,"=HYPERLINK(""https://www.ncbi.nlm.nih.gov/nucleotide/JACWUA010000108.1?report=genbank&log$=nucltop&blast_rank=27&RID=5VZG4F5Z016"",""JACWUA010000108.1"")"
"Cryphonectria parasitica isolate NE202 NODE_59_length_143721_cov_10.912595, whole genome shotgun sequence",100,100,22%,3e-18,67.82,143721,"=HYPERLINK(""https://www.ncbi.nlm.nih.gov/nucleotide/JACWTZ010000059.1?report=genbank&log$=nucltop&blast_rank=28&RID=5VZG4F5Z016"",""JACWTZ010000059.1"")"
"Cryphonectria parasitica isolate NE155 NODE_35_length_195626_cov_12.602193, whole genome shotgun sequence",100,100,22%,3e-18,67.82,195626,"=HYPERLINK(""https://www.ncbi.nlm.nih.gov/nucleotide/JACWTY010000035.1?report=genbank&log$=nucltop&blast_rank=29&RID=5VZG4F5Z016"",""JACWTY010000035.1"")"
"Cryphonectria parasitica isolate Mul63B NODE_231_length_66815_cov_14.488913, whole genome shotgun sequence",100,100,22%,3e-18,67.82,66815,"=HYPERLINK(""https://www.ncbi.nlm.nih.gov/nucleotide/JACWTX010000231.1?report=genbank&log$=nucltop&blast_rank=30&RID=5VZG4F5Z016"",""JACWTX010000231.1"")"
"Cryphonectria parasitica isolate MD-1 NODE_13_length_183398_cov_7.063045, whole genome shotgun sequence",100,100,22%,3e-18,67.82,183398,"=HYPERLINK(""https://www.ncbi.nlm.nih.gov/nucleotide/JACWTW010000013.1?report=genbank&log$=nucltop&blast_rank=31&RID=5VZG4F5Z016"",""JACWTW010000013.1"")"
"Cryphonectria parasitica isolate MAK23 NODE_134_length_99726_cov_15.764853, whole genome shotgun sequence",100,100,22%,3e-18,67.82,99726,"=HYPERLINK(""https://www.ncbi.nlm.nih.gov/nucleotide/JACWTV010000134.1?report=genbank&log$=nucltop&blast_rank=32&RID=5VZG4F5Z016"",""JACWTV010000134.1"")"
"Cryphonectria parasitica isolate M931 NODE_50_length_173925_cov_11.951644, whole genome shotgun sequence",100,100,22%,3e-18,67.82,173925,"=HYPERLINK(""https://www.ncbi.nlm.nih.gov/nucleotide/JACWTU010000050.1?report=genbank&log$=nucltop&blast_rank=33&RID=5VZG4F5Z016"",""JACWTU010000050.1"")"
"Cryphonectria parasitica isolate M9077 NODE_5_length_770223_cov_20.716061, whole genome shotgun sequence",100,100,22%,3e-18,67.82,770223,"=HYPERLINK(""https://www.ncbi.nlm.nih.gov/nucleotide/JACWTS010000005.1?report=genbank&log$=nucltop&blast_rank=34&RID=5VZG4F5Z016"",""JACWTS010000005.1"")"
"Cryphonectria parasitica isolate M8568 NODE_199_length_64390_cov_19.417313, whole genome shotgun sequence",100,100,22%,3e-18,67.82,64390,"=HYPERLINK(""https://www.ncbi.nlm.nih.gov/nucleotide/JACWTR010000199.1?report=genbank&log$=nucltop&blast_rank=35&RID=5VZG4F5Z016"",""JACWTR010000199.1"")"
"Cryphonectria parasitica isolate M8566 NODE_141_length_93413_cov_9.035525, whole genome shotgun sequence",100,100,22%,3e-18,67.82,93413,"=HYPERLINK(""https://www.ncbi.nlm.nih.gov/nucleotide/JACWTQ010000141.1?report=genbank&log$=nucltop&blast_rank=36&RID=5VZG4F5Z016"",""JACWTQ010000141.1"")"
"Cryphonectria parasitica isolate M8539 NODE_124_length_105600_cov_12.447366, whole genome shotgun sequence",100,100,22%,3e-18,67.82,105600,"=HYPERLINK(""https://www.ncbi.nlm.nih.gov/nucleotide/JACWTP010000124.1?report=genbank&log$=nucltop&blast_rank=37&RID=5VZG4F5Z016"",""JACWTP010000124.1"")"
"Cryphonectria parasitica isolate M8515 NODE_123_length_120075_cov_14.969801, whole genome shotgun sequence",100,100,22%,3e-18,67.82,120075,"=HYPERLINK(""https://www.ncbi.nlm.nih.gov/nucleotide/JACWTO010000123.1?report=genbank&log$=nucltop&blast_rank=38&RID=5VZG4F5Z016"",""JACWTO010000123.1"")"
"Cryphonectria parasitica isolate M8510 NODE_9_length_629383_cov_24.341316, whole genome shotgun sequence",100,100,22%,3e-18,67.82,629383,"=HYPERLINK(""https://www.ncbi.nlm.nih.gov/nucleotide/JACWTN010000009.1?report=genbank&log$=nucltop&blast_rank=39&RID=5VZG4F5Z016"",""JACWTN010000009.1"")"
"Cryphonectria parasitica isolate M8444 NODE_144_length_92705_cov_25.923031, whole genome shotgun sequence",100,100,22%,3e-18,67.82,92705,"=HYPERLINK(""https://www.ncbi.nlm.nih.gov/nucleotide/JACWTM010000144.1?report=genbank&log$=nucltop&blast_rank=40&RID=5VZG4F5Z016"",""JACWTM010000144.1"")"
"Cryphonectria parasitica isolate M8422 NODE_152_length_95592_cov_10.594021, whole genome shotgun sequence",100,100,22%,3e-18,67.82,95592,"=HYPERLINK(""https://www.ncbi.nlm.nih.gov/nucleotide/JACWTL010000152.1?report=genbank&log$=nucltop&blast_rank=41&RID=5VZG4F5Z016"",""JACWTL010000152.1"")"
"Cryphonectria parasitica isolate M8343 NODE_79_length_148564_cov_15.099620, whole genome shotgun sequence",100,100,22%,3e-18,67.82,148564,"=HYPERLINK(""https://www.ncbi.nlm.nih.gov/nucleotide/JACWTK010000079.1?report=genbank&log$=nucltop&blast_rank=42&RID=5VZG4F5Z016"",""JACWTK010000079.1"")"
"Cryphonectria parasitica isolate M8166 NODE_9_length_304065_cov_7.133468, whole genome shotgun sequence",100,100,22%,3e-18,67.82,304065,"=HYPERLINK(""https://www.ncbi.nlm.nih.gov/nucleotide/JACWTJ010000009.1?report=genbank&log$=nucltop&blast_rank=43&RID=5VZG4F5Z016"",""JACWTJ010000009.1"")"
"Cryphonectria parasitica isolate M8082 NODE_27_length_208867_cov_13.780893, whole genome shotgun sequence",100,100,22%,3e-18,67.82,208867,"=HYPERLINK(""https://www.ncbi.nlm.nih.gov/nucleotide/JACWTI010000027.1?report=genbank&log$=nucltop&blast_rank=44&RID=5VZG4F5Z016"",""JACWTI010000027.1"")"
"Cryphonectria parasitica isolate M6821 NODE_136_length_100584_cov_14.797262, whole genome shotgun sequence",100,100,22%,3e-18,67.82,100584,"=HYPERLINK(""https://www.ncbi.nlm.nih.gov/nucleotide/JACWTH010000136.1?report=genbank&log$=nucltop&blast_rank=45&RID=5VZG4F5Z016"",""JACWTH010000136.1"")"
"Cryphonectria parasitica isolate M5444 NODE_1_length_492103_cov_9.957721, whole genome shotgun sequence",100,100,22%,3e-18,67.82,492103,"=HYPERLINK(""https://www.ncbi.nlm.nih.gov/nucleotide/JACWTG010000001.1?report=genbank&log$=nucltop&blast_rank=46&RID=5VZG4F5Z016"",""JACWTG010000001.1"")"
"Cryphonectria parasitica isolate M5386 NODE_126_length_110668_cov_11.302751, whole genome shotgun sequence",100,100,22%,3e-18,67.82,110668,"=HYPERLINK(""https://www.ncbi.nlm.nih.gov/nucleotide/JACWTF010000126.1?report=genbank&log$=nucltop&blast_rank=47&RID=5VZG4F5Z016"",""JACWTF010000126.1"")"
"Cryphonectria parasitica isolate M5266 NODE_126_length_100365_cov_11.430286, whole genome shotgun sequence",100,100,22%,3e-18,67.82,100365,"=HYPERLINK(""https://www.ncbi.nlm.nih.gov/nucleotide/JACWTE010000126.1?report=genbank&log$=nucltop&blast_rank=48&RID=5VZG4F5Z016"",""JACWTE010000126.1"")"
"Cryphonectria parasitica isolate M5100 NODE_71_length_145739_cov_10.311723, whole genome shotgun sequence",100,100,22%,3e-18,67.82,145739,"=HYPERLINK(""https://www.ncbi.nlm.nih.gov/nucleotide/JACWTD010000071.1?report=genbank&log$=nucltop&blast_rank=49&RID=5VZG4F5Z016"",""JACWTD010000071.1"")"
"Cryphonectria parasitica isolate M4354 NODE_243_length_59735_cov_7.624979, whole genome shotgun sequence",100,100,22%,3e-18,67.82,59735,"=HYPERLINK(""https://www.ncbi.nlm.nih.gov/nucleotide/JACWTB010000243.1?report=genbank&log$=nucltop&blast_rank=50&RID=5VZG4F5Z016"",""JACWTB010000243.1"")"
"Cryphonectria parasitica isolate M4342 NODE_5_length_805720_cov_23.656731, whole genome shotgun sequence",100,100,22%,3e-18,67.82,805720,"=HYPERLINK(""https://www.ncbi.nlm.nih.gov/nucleotide/JACWTA010000005.1?report=genbank&log$=nucltop&blast_rank=51&RID=5VZG4F5Z016"",""JACWTA010000005.1"")"
"Cryphonectria parasitica isolate M4327 NODE_213_length_65786_cov_8.668625, whole genome shotgun sequence",100,100,22%,3e-18,67.82,65786,"=HYPERLINK(""https://www.ncbi.nlm.nih.gov/nucleotide/JACWSZ010000213.1?report=genbank&log$=nucltop&blast_rank=52&RID=5VZG4F5Z016"",""JACWSZ010000213.1"")"
"Cryphonectria parasitica isolate M4316 NODE_220_length_64415_cov_8.862462, whole genome shotgun sequence",100,100,22%,3e-18,67.82,64415,"=HYPERLINK(""https://www.ncbi.nlm.nih.gov/nucleotide/JACWSY010000220.1?report=genbank&log$=nucltop&blast_rank=53&RID=5VZG4F5Z016"",""JACWSY010000220.1"")"
"Cryphonectria parasitica isolate M4030 NODE_222_length_65071_cov_11.717470, whole genome shotgun sequence",100,100,22%,3e-18,67.82,65071,"=HYPERLINK(""https://www.ncbi.nlm.nih.gov/nucleotide/JACWSX010000222.1?report=genbank&log$=nucltop&blast_rank=54&RID=5VZG4F5Z016"",""JACWSX010000222.1"")"
"Cryphonectria parasitica isolate M4020 NODE_10_length_254531_cov_11.430540, whole genome shotgun sequence",100,100,22%,3e-18,67.82,254531,"=HYPERLINK(""https://www.ncbi.nlm.nih.gov/nucleotide/JACWSW010000010.1?report=genbank&log$=nucltop&blast_rank=55&RID=5VZG4F5Z016"",""JACWSW010000010.1"")"
"Cryphonectria parasitica isolate M3904 NODE_117_length_135651_cov_24.007361, whole genome shotgun sequence",100,100,22%,3e-18,67.82,135651,"=HYPERLINK(""https://www.ncbi.nlm.nih.gov/nucleotide/JACWSV010000117.1?report=genbank&log$=nucltop&blast_rank=56&RID=5VZG4F5Z016"",""JACWSV010000117.1"")"
"Cryphonectria parasitica isolate M3671 NODE_180_length_76797_cov_7.501955, whole genome shotgun sequence",100,100,22%,3e-18,67.82,76797,"=HYPERLINK(""https://www.ncbi.nlm.nih.gov/nucleotide/JACWSU010000180.1?report=genbank&log$=nucltop&blast_rank=57&RID=5VZG4F5Z016"",""JACWSU010000180.1"")"
"Cryphonectria parasitica isolate M3077 NODE_12_length_275443_cov_10.523060, whole genome shotgun sequence",100,100,22%,3e-18,67.82,275443,"=HYPERLINK(""https://www.ncbi.nlm.nih.gov/nucleotide/JACWSR010000012.1?report=genbank&log$=nucltop&blast_rank=58&RID=5VZG4F5Z016"",""JACWSR010000012.1"")"
"Cryphonectria parasitica isolate M296 NODE_316_length_47053_cov_12.748340, whole genome shotgun sequence",100,100,22%,3e-18,67.82,47053,"=HYPERLINK(""https://www.ncbi.nlm.nih.gov/nucleotide/JACWSQ010000316.1?report=genbank&log$=nucltop&blast_rank=59&RID=5VZG4F5Z016"",""JACWSQ010000316.1"")"
"Cryphonectria parasitica isolate M278 NODE_151_length_92654_cov_13.839564, whole genome shotgun sequence",100,100,22%,3e-18,67.82,92654,"=HYPERLINK(""https://www.ncbi.nlm.nih.gov/nucleotide/JACWSP010000151.1?report=genbank&log$=nucltop&blast_rank=60&RID=5VZG4F5Z016"",""JACWSP010000151.1"")"
"Cryphonectria parasitica isolate M274 NODE_136_length_98879_cov_12.960621, whole genome shotgun sequence",100,100,22%,3e-18,67.82,98879,"=HYPERLINK(""https://www.ncbi.nlm.nih.gov/nucleotide/JACWSO010000136.1?report=genbank&log$=nucltop&blast_rank=61&RID=5VZG4F5Z016"",""JACWSO010000136.1"")"
"Cryphonectria parasitica isolate M272 NODE_42_length_196090_cov_13.318427, whole genome shotgun sequence",100,100,22%,3e-18,67.82,196090,"=HYPERLINK(""https://www.ncbi.nlm.nih.gov/nucleotide/JACWSN010000042.1?report=genbank&log$=nucltop&blast_rank=62&RID=5VZG4F5Z016"",""JACWSN010000042.1"")"
"Cryphonectria parasitica isolate M270 NODE_20_length_254178_cov_12.814785, whole genome shotgun sequence",100,100,22%,3e-18,67.82,254178,"=HYPERLINK(""https://www.ncbi.nlm.nih.gov/nucleotide/JACWSM010000020.1?report=genbank&log$=nucltop&blast_rank=63&RID=5VZG4F5Z016"",""JACWSM010000020.1"")"
"Cryphonectria parasitica isolate M2141 NODE_227_length_64118_cov_7.666256, whole genome shotgun sequence",100,100,22%,3e-18,67.82,64118,"=HYPERLINK(""https://www.ncbi.nlm.nih.gov/nucleotide/JACWSL010000227.1?report=genbank&log$=nucltop&blast_rank=64&RID=5VZG4F5Z016"",""JACWSL010000227.1"")"
"Cryphonectria parasitica isolate M2135 NODE_157_length_91510_cov_9.091459, whole genome shotgun sequence",100,100,22%,3e-18,67.82,91510,"=HYPERLINK(""https://www.ncbi.nlm.nih.gov/nucleotide/JACWSK010000157.1?report=genbank&log$=nucltop&blast_rank=65&RID=5VZG4F5Z016"",""JACWSK010000157.1"")"
"Cryphonectria parasitica isolate M1874 NODE_45_length_196478_cov_11.700879, whole genome shotgun sequence",100,100,22%,3e-18,67.82,196478,"=HYPERLINK(""https://www.ncbi.nlm.nih.gov/nucleotide/JACWSJ010000045.1?report=genbank&log$=nucltop&blast_rank=66&RID=5VZG4F5Z016"",""JACWSJ010000045.1"")"
"Cryphonectria parasitica isolate M1864 NODE_129_length_102934_cov_12.047324, whole genome shotgun sequence",100,100,22%,3e-18,67.82,102934,"=HYPERLINK(""https://www.ncbi.nlm.nih.gov/nucleotide/JACWSI010000129.1?report=genbank&log$=nucltop&blast_rank=67&RID=5VZG4F5Z016"",""JACWSI010000129.1"")"
"Cryphonectria parasitica isolate M1838 NODE_35_length_196656_cov_12.515171, whole genome shotgun sequence",100,100,22%,3e-18,67.82,196656,"=HYPERLINK(""https://www.ncbi.nlm.nih.gov/nucleotide/JACWSH010000035.1?report=genbank&log$=nucltop&blast_rank=68&RID=5VZG4F5Z016"",""JACWSH010000035.1"")"
"Cryphonectria parasitica isolate M1834 NODE_146_length_92052_cov_14.593512, whole genome shotgun sequence",100,100,22%,3e-18,67.82,92052,"=HYPERLINK(""https://www.ncbi.nlm.nih.gov/nucleotide/JACWSG010000146.1?report=genbank&log$=nucltop&blast_rank=69&RID=5VZG4F5Z016"",""JACWSG010000146.1"")"
"Cryphonectria parasitica isolate M1808 NODE_215_length_72025_cov_14.425371, whole genome shotgun sequence",100,100,22%,3e-18,67.82,72025,"=HYPERLINK(""https://www.ncbi.nlm.nih.gov/nucleotide/JACWSF010000215.1?report=genbank&log$=nucltop&blast_rank=70&RID=5VZG4F5Z016"",""JACWSF010000215.1"")"
"Cryphonectria parasitica isolate M1805 NODE_142_length_100375_cov_12.463073, whole genome shotgun sequence",100,100,22%,3e-18,67.82,100375,"=HYPERLINK(""https://www.ncbi.nlm.nih.gov/nucleotide/JACWSE010000142.1?report=genbank&log$=nucltop&blast_rank=71&RID=5VZG4F5Z016"",""JACWSE010000142.1"")"
"Cryphonectria parasitica isolate M1797 NODE_226_length_64389_cov_14.806654, whole genome shotgun sequence",100,100,22%,3e-18,67.82,64389,"=HYPERLINK(""https://www.ncbi.nlm.nih.gov/nucleotide/JACWSD010000226.1?report=genbank&log$=nucltop&blast_rank=72&RID=5VZG4F5Z016"",""JACWSD010000226.1"")"
"Cryphonectria parasitica isolate M1793 NODE_17_length_235107_cov_13.089654, whole genome shotgun sequence",100,100,22%,3e-18,67.82,235107,"=HYPERLINK(""https://www.ncbi.nlm.nih.gov/nucleotide/JACWSC010000017.1?report=genbank&log$=nucltop&blast_rank=73&RID=5VZG4F5Z016"",""JACWSC010000017.1"")"
"Cryphonectria parasitica isolate M1415 NODE_43_length_173248_cov_12.466650, whole genome shotgun sequence",100,100,22%,3e-18,67.82,173248,"=HYPERLINK(""https://www.ncbi.nlm.nih.gov/nucleotide/JACWSB010000043.1?report=genbank&log$=nucltop&blast_rank=74&RID=5VZG4F5Z016"",""JACWSB010000043.1"")"
"Cryphonectria parasitica isolate M1400 NODE_40_length_196026_cov_13.784703, whole genome shotgun sequence",100,100,22%,3e-18,67.82,196026,"=HYPERLINK(""https://www.ncbi.nlm.nih.gov/nucleotide/JACWSA010000040.1?report=genbank&log$=nucltop&blast_rank=75&RID=5VZG4F5Z016"",""JACWSA010000040.1"")"
"Cryphonectria parasitica isolate M1397 NODE_135_length_100370_cov_13.729843, whole genome shotgun sequence",100,100,22%,3e-18,67.82,100370,"=HYPERLINK(""https://www.ncbi.nlm.nih.gov/nucleotide/JACWRZ010000135.1?report=genbank&log$=nucltop&blast_rank=76&RID=5VZG4F5Z016"",""JACWRZ010000135.1"")"
"Cryphonectria parasitica isolate KY7 NODE_25_length_221683_cov_13.512156, whole genome shotgun sequence",100,100,22%,3e-18,67.82,221683,"=HYPERLINK(""https://www.ncbi.nlm.nih.gov/nucleotide/JACWRY010000025.1?report=genbank&log$=nucltop&blast_rank=77&RID=5VZG4F5Z016"",""JACWRY010000025.1"")"
"Cryphonectria parasitica isolate GEZ45 NODE_164_length_92077_cov_13.715764, whole genome shotgun sequence",100,100,22%,3e-18,67.82,92077,"=HYPERLINK(""https://www.ncbi.nlm.nih.gov/nucleotide/JACWRW010000164.1?report=genbank&log$=nucltop&blast_rank=78&RID=5VZG4F5Z016"",""JACWRW010000164.1"")"
"Cryphonectria parasitica isolate ES-8 NODE_118_length_122182_cov_26.686938, whole genome shotgun sequence",100,100,22%,3e-18,67.82,122182,"=HYPERLINK(""https://www.ncbi.nlm.nih.gov/nucleotide/JACWRU010000118.1?report=genbank&log$=nucltop&blast_rank=79&RID=5VZG4F5Z016"",""JACWRU010000118.1"")"
"Cryphonectria parasitica isolate ES-34 NODE_8_length_539979_cov_18.200908, whole genome shotgun sequence",100,100,22%,3e-18,67.82,539979,"=HYPERLINK(""https://www.ncbi.nlm.nih.gov/nucleotide/JACWRT010000008.1?report=genbank&log$=nucltop&blast_rank=80&RID=5VZG4F5Z016"",""JACWRT010000008.1"")"
"Cryphonectria parasitica isolate DU5 NODE_63_length_143547_cov_11.614331, whole genome shotgun sequence",100,100,22%,3e-18,67.82,143547,"=HYPERLINK(""https://www.ncbi.nlm.nih.gov/nucleotide/JACWRS010000063.1?report=genbank&log$=nucltop&blast_rank=81&RID=5VZG4F5Z016"",""JACWRS010000063.1"")"
"Cryphonectria parasitica isolate DU-2 NODE_4_length_608340_cov_24.918962, whole genome shotgun sequence",100,100,22%,3e-18,67.82,608340,"=HYPERLINK(""https://www.ncbi.nlm.nih.gov/nucleotide/JACWRR010000004.1?report=genbank&log$=nucltop&blast_rank=82&RID=5VZG4F5Z016"",""JACWRR010000004.1"")"
"Cryphonectria parasitica isolate CR40 NODE_142_length_92702_cov_12.629317, whole genome shotgun sequence",100,100,22%,3e-18,67.82,92702,"=HYPERLINK(""https://www.ncbi.nlm.nih.gov/nucleotide/JACWRP010000142.1?report=genbank&log$=nucltop&blast_rank=83&RID=5VZG4F5Z016"",""JACWRP010000142.1"")"
"Cryphonectria parasitica isolate CR03 NODE_145_length_92799_cov_12.394787, whole genome shotgun sequence",100,100,22%,3e-18,67.82,92799,"=HYPERLINK(""https://www.ncbi.nlm.nih.gov/nucleotide/JACWRO010000145.1?report=genbank&log$=nucltop&blast_rank=84&RID=5VZG4F5Z016"",""JACWRO010000145.1"")"
"Cryphonectria parasitica isolate BE22 NODE_229_length_61249_cov_8.991321, whole genome shotgun sequence",100,100,22%,3e-18,67.82,61249,"=HYPERLINK(""https://www.ncbi.nlm.nih.gov/nucleotide/JACWRN010000229.1?report=genbank&log$=nucltop&blast_rank=85&RID=5VZG4F5Z016"",""JACWRN010000229.1"")"
"Cryphonectria parasitica isolate BC47B NODE_49_length_170500_cov_11.800911, whole genome shotgun sequence",100,100,22%,3e-18,67.82,170500,"=HYPERLINK(""https://www.ncbi.nlm.nih.gov/nucleotide/JACWRM010000049.1?report=genbank&log$=nucltop&blast_rank=86&RID=5VZG4F5Z016"",""JACWRM010000049.1"")"
"Cryphonectria parasitica isolate ZW-22 NODE_216_length_66737_cov_7.832003, whole genome shotgun sequence",100,100,22%,3e-18,67.82,66737,"=HYPERLINK(""https://www.ncbi.nlm.nih.gov/nucleotide/JACWRL010000216.1?report=genbank&log$=nucltop&blast_rank=87&RID=5VZG4F5Z016"",""JACWRL010000216.1"")"
"Cryphonectria parasitica isolate WB-9 NODE_121_length_89057_cov_5.490965, whole genome shotgun sequence",100,100,22%,3e-18,67.82,89057,"=HYPERLINK(""https://www.ncbi.nlm.nih.gov/nucleotide/JACWRK010000121.1?report=genbank&log$=nucltop&blast_rank=88&RID=5VZG4F5Z016"",""JACWRK010000121.1"")"
"Cryphonectria parasitica isolate TA51 NODE_38_length_181492_cov_7.034433, whole genome shotgun sequence",100,100,22%,3e-18,67.82,181492,"=HYPERLINK(""https://www.ncbi.nlm.nih.gov/nucleotide/JACWRJ010000038.1?report=genbank&log$=nucltop&blast_rank=89&RID=5VZG4F5Z016"",""JACWRJ010000038.1"")"
"Cryphonectria parasitica isolate S31 NODE_57_length_224134_cov_20.759561, whole genome shotgun sequence",100,100,22%,3e-18,67.82,224134,"=HYPERLINK(""https://www.ncbi.nlm.nih.gov/nucleotide/JACWRI010000057.1?report=genbank&log$=nucltop&blast_rank=90&RID=5VZG4F5Z016"",""JACWRI010000057.1"")"
"Cryphonectria parasitica isolate OK-17 NODE_242_length_59435_cov_9.172910, whole genome shotgun sequence",100,100,22%,3e-18,67.82,59435,"=HYPERLINK(""https://www.ncbi.nlm.nih.gov/nucleotide/JACWRH010000242.1?report=genbank&log$=nucltop&blast_rank=91&RID=5VZG4F5Z016"",""JACWRH010000242.1"")"
"Cryphonectria parasitica isolate OB5-35 NODE_25_length_373728_cov_20.980343, whole genome shotgun sequence",100,100,22%,3e-18,67.82,373728,"=HYPERLINK(""https://www.ncbi.nlm.nih.gov/nucleotide/JACWRG010000025.1?report=genbank&log$=nucltop&blast_rank=92&RID=5VZG4F5Z016"",""JACWRG010000025.1"")"
"Cryphonectria parasitica isolate NE230 NODE_20_length_254352_cov_12.648271, whole genome shotgun sequence",100,100,22%,3e-18,67.82,254352,"=HYPERLINK(""https://www.ncbi.nlm.nih.gov/nucleotide/JACWRF010000020.1?report=genbank&log$=nucltop&blast_rank=93&RID=5VZG4F5Z016"",""JACWRF010000020.1"")"
"Cryphonectria parasitica isolate M8499 NODE_158_length_94190_cov_11.041893, whole genome shotgun sequence",100,100,22%,3e-18,67.82,94190,"=HYPERLINK(""https://www.ncbi.nlm.nih.gov/nucleotide/JACWRD010000158.1?report=genbank&log$=nucltop&blast_rank=94&RID=5VZG4F5Z016"",""JACWRD010000158.1"")"
"Cryphonectria parasitica isolate M8109 NODE_2_length_434163_cov_9.146664, whole genome shotgun sequence",100,100,22%,3e-18,67.82,434163,"=HYPERLINK(""https://www.ncbi.nlm.nih.gov/nucleotide/JACWRC010000002.1?report=genbank&log$=nucltop&blast_rank=95&RID=5VZG4F5Z016"",""JACWRC010000002.1"")"
"Cryphonectria parasitica isolate M7832 NODE_172_length_49839_cov_4.611975, whole genome shotgun sequence",100,100,22%,3e-18,67.82,49839,"=HYPERLINK(""https://www.ncbi.nlm.nih.gov/nucleotide/JACWRB010000172.1?report=genbank&log$=nucltop&blast_rank=96&RID=5VZG4F5Z016"",""JACWRB010000172.1"")"
"Cryphonectria parasitica isolate M7776 NODE_65_length_150570_cov_7.692985, whole genome shotgun sequence",100,100,22%,3e-18,67.82,150570,"=HYPERLINK(""https://www.ncbi.nlm.nih.gov/nucleotide/JACWRA010000065.1?report=genbank&log$=nucltop&blast_rank=97&RID=5VZG4F5Z016"",""JACWRA010000065.1"")"
"Cryphonectria parasitica isolate M5398 NODE_44_length_195882_cov_12.130155, whole genome shotgun sequence",100,100,22%,3e-18,67.82,195882,"=HYPERLINK(""https://www.ncbi.nlm.nih.gov/nucleotide/JACWQZ010000044.1?report=genbank&log$=nucltop&blast_rank=98&RID=5VZG4F5Z016"",""JACWQZ010000044.1"")"
"Cryphonectria parasitica isolate M4092 NODE_150_length_97590_cov_12.456855, whole genome shotgun sequence",100,100,22%,3e-18,67.82,97590,"=HYPERLINK(""https://www.ncbi.nlm.nih.gov/nucleotide/JACWQY010000150.1?report=genbank&log$=nucltop&blast_rank=99&RID=5VZG4F5Z016"",""JACWQY010000150.1"")"
"Cryphonectria parasitica isolate M4009 NODE_21_length_249620_cov_13.713113, whole genome shotgun sequence",100,100,22%,3e-18,67.82,249620,"=HYPERLINK(""https://www.ncbi.nlm.nih.gov/nucleotide/JACWQX010000021.1?report=genbank&log$=nucltop&blast_rank=100&RID=5VZG4F5Z016"",""JACWQX010000021.1"")"



		


