Description,Max Score,Total Score,Query Cover,E value,Per. ident,Acc. Len,Accession  
"Bertia moriformis strain D4H25SX9FM voucher IRGN:LVLPEM49V6 74704, whole genome shotgun sequence",1321,1321,99%,0.0,76.97,161650,"=HYPERLINK(""https://www.ncbi.nlm.nih.gov/nucleotide/JAOYNC020074704.1?report=genbank&log$=nucltop&blast_rank=1&RID=5VZHK8CC013"",""JAOYNC020074704.1"")"
"Debaryomycetaceae sp. 2NR914 strain R3503 ctg_6, whole genome shotgun sequence",1168,1168,99%,0.0,75.28,800903,"=HYPERLINK(""https://www.ncbi.nlm.nih.gov/nucleotide/JAMAFS010000006.1?report=genbank&log$=nucltop&blast_rank=2&RID=5VZHK8CC013"",""JAMAFS010000006.1"")"
"Metarhizium humberi strain ESALQ1638 Scaffold_0022, whole genome shotgun sequence",1149,1149,99%,0.0,74.99,460548,"=HYPERLINK(""https://www.ncbi.nlm.nih.gov/nucleotide/JACEFI010000022.1?report=genbank&log$=nucltop&blast_rank=3&RID=5VZHK8CC013"",""JACEFI010000022.1"")"
"Uromyces transversalis strain FL11_1 FL11-1_109293, whole genome shotgun sequence",966,966,98%,0.0,73.08,2991,"=HYPERLINK(""https://www.ncbi.nlm.nih.gov/nuccore/PTJQ01109293"",""PTJQ01109293.1"")"
"Alternaria alstroemeriae strain LH_A124 NODE_31_length_434796_cov_64.144335, whole genome shotgun sequence",831,1095,96%,0.0,76.38,434796,"=HYPERLINK(""https://www.ncbi.nlm.nih.gov/nucleotide/JAWLTT010000031.1?report=genbank&log$=nucltop&blast_rank=5&RID=5VZHK8CC013"",""JAWLTT010000031.1"")"
"Alternaria destruens strain LH_A593 NODE_7_length_1295899_cov_48.273041, whole genome shotgun sequence",831,1095,96%,0.0,76.38,1295899,"=HYPERLINK(""https://www.ncbi.nlm.nih.gov/nucleotide/JAWLTQ010000007.1?report=genbank&log$=nucltop&blast_rank=6&RID=5VZHK8CC013"",""JAWLTQ010000007.1"")"
"Scortechinia acanthostroma voucher IRGN:8FM2PBQ7KK isolate 8FM2PBQ7KK 111643, whole genome shotgun sequence",792,1131,89%,0.0,75.53,32877,"=HYPERLINK(""https://www.ncbi.nlm.nih.gov/nucleotide/JAABUG020111643.1?report=genbank&log$=nucltop&blast_rank=7&RID=5VZHK8CC013"",""JAABUG020111643.1"")"
"Aspergillus sp. 'subgen. Cremei' strain IBT 35662 utg000003l_segment0_segment0, whole genome shotgun sequence",715,961,97%,0.0,73.74,4457122,"=HYPERLINK(""https://www.ncbi.nlm.nih.gov/nucleotide/JAFBMR010000003.1?report=genbank&log$=nucltop&blast_rank=8&RID=5VZHK8CC013"",""JAFBMR010000003.1"")"
"Tympanopsis confertula voucher IRGN:4ROQFWI7QX 122980, whole genome shotgun sequence",714,943,96%,0.0,74.27,29371,"=HYPERLINK(""https://www.ncbi.nlm.nih.gov/nucleotide/JAOYNU010122980.1?report=genbank&log$=nucltop&blast_rank=9&RID=5VZHK8CC013"",""JAOYNU010122980.1"")"
"Diplodia mutila strain KE8401 scaffold_32, whole genome shotgun sequence",687,877,78%,0.0,73.79,217841,"=HYPERLINK(""https://www.ncbi.nlm.nih.gov/nucleotide/JAJMVH010000032.1?report=genbank&log$=nucltop&blast_rank=10&RID=5VZHK8CC013"",""JAJMVH010000032.1"")"
"Diplodia seriata strain B07_159 scaffold_11, whole genome shotgun sequence",685,878,81%,0.0,73.74,503018,"=HYPERLINK(""https://www.ncbi.nlm.nih.gov/nucleotide/JAJMXR010000011.1?report=genbank&log$=nucltop&blast_rank=11&RID=5VZHK8CC013"",""JAJMXR010000011.1"")"
"Nannizzia gypsea CBS 118893 cont1.81, whole genome shotgun sequence",682,942,89%,0.0,73.97,146556,"=HYPERLINK(""https://www.ncbi.nlm.nih.gov/nuccore/ABQE01000081"",""ABQE01000081.1"")"
"Diplodia seriata isolate DS831 DS_831_scaffold_v01_112, whole genome shotgun sequence",681,873,81%,0.0,73.65,352857,"=HYPERLINK(""https://www.ncbi.nlm.nih.gov/nuccore/LAQI01000112"",""LAQI01000112.1"")"
"Arthroderma uncinatum strain T10 Scaffold2, whole genome shotgun sequence",678,879,81%,0.0,73.53,6243363,"=HYPERLINK(""https://www.ncbi.nlm.nih.gov/nuccore/VDMI01000002"",""VDMI01000002.1"")"
"Arthroderma uncinatum strain CBS 119779 scaffold2, whole genome shotgun sequence",678,879,81%,0.0,73.53,6243361,"=HYPERLINK(""https://www.ncbi.nlm.nih.gov/nucleotide/JAACJD010000002.1?report=genbank&log$=nucltop&blast_rank=15&RID=5VZHK8CC013"",""JAACJD010000002.1"")"
"Stemphylium lycopersici strain CIDEFI 212 scaffold_52, whole genome shotgun sequence",677,887,81%,0.0,73.67,238388,"=HYPERLINK(""https://www.ncbi.nlm.nih.gov/nuccore/QGDG01000053"",""QGDG01000053.1"")"
"Stemphylium lycopersici strain CIDEFI 216 scaffold282, whole genome shotgun sequence",677,887,81%,0.0,73.67,207714,"=HYPERLINK(""https://www.ncbi.nlm.nih.gov/nuccore/LGLR01000409"",""LGLR01000409.1"")"
"Diplodia seriata strain M28-159 NODE_3_length_1082729_cov_71.822778, whole genome shotgun sequence",676,873,81%,0.0,73.56,1082663,"=HYPERLINK(""https://www.ncbi.nlm.nih.gov/nucleotide/JAJVDA010000003.1?report=genbank&log$=nucltop&blast_rank=18&RID=5VZHK8CC013"",""JAJVDA010000003.1"")"
"Diplodia seriata strain FDS-637 FDS-637_contig_22, whole genome shotgun sequence",676,873,81%,0.0,73.56,2630958,"=HYPERLINK(""https://www.ncbi.nlm.nih.gov/nucleotide/JAJVCZ020000022.1?report=genbank&log$=nucltop&blast_rank=19&RID=5VZHK8CC013"",""JAJVCZ020000022.1"")"
"Diplodia mutila strain KE84208 scaffold_39, whole genome shotgun sequence",673,863,78%,0.0,73.53,219434,"=HYPERLINK(""https://www.ncbi.nlm.nih.gov/nucleotide/JAJNLY010000039.1?report=genbank&log$=nucltop&blast_rank=20&RID=5VZHK8CC013"",""JAJNLY010000039.1"")"
"Diplodia mutila strain CBS 112553 NODE_4_length_595510_cov_40.005872, whole genome shotgun sequence",673,863,78%,0.0,73.53,595510,"=HYPERLINK(""https://www.ncbi.nlm.nih.gov/nucleotide/JAFISB010000004.1?report=genbank&log$=nucltop&blast_rank=21&RID=5VZHK8CC013"",""JAFISB010000004.1"")"
"Stemphylium lycopersici strain CIDEFI 213 scaffold_39, whole genome shotgun sequence",673,882,81%,0.0,73.58,240061,"=HYPERLINK(""https://www.ncbi.nlm.nih.gov/nuccore/QGDH01000040"",""QGDH01000040.1"")"
"Diplodia seriata strain F98.1 scaffold15, whole genome shotgun sequence",672,864,81%,0.0,73.47,2705162,"=HYPERLINK(""https://www.ncbi.nlm.nih.gov/nuccore/MSZU01000080"",""MSZU01000080.1"")"
"Byssochlamys sp. IMV 00236 jcf7180000200640, whole genome shotgun sequence",671,960,95%,0.0,73.32,555245,"=HYPERLINK(""https://www.ncbi.nlm.nih.gov/nuccore/MSJH02000818"",""MSJH02000818.1"")"
"Diplodia intermedia strain M45-28 NODE_115_length_100644_cov_73.357058, whole genome shotgun sequence",667,860,81%,0.0,73.39,100644,"=HYPERLINK(""https://www.ncbi.nlm.nih.gov/nucleotide/JAKEKT010000115.1?report=genbank&log$=nucltop&blast_rank=25&RID=5VZHK8CC013"",""JAKEKT010000115.1"")"
"Diplodia sapinea strain KE8391 scaffold_158, whole genome shotgun sequence",667,855,81%,0.0,73.39,77247,"=HYPERLINK(""https://www.ncbi.nlm.nih.gov/nucleotide/JAJMYJ010000158.1?report=genbank&log$=nucltop&blast_rank=26&RID=5VZHK8CC013"",""JAJMYJ010000158.1"")"
"Diplodia sapinea strain CMW39103 Contig_692, whole genome shotgun sequence",663,851,81%,0.0,73.30,41276,"=HYPERLINK(""https://www.ncbi.nlm.nih.gov/nuccore/JHUM01000690"",""JHUM01000690.1"")"
"Diplodia sapinea strain KE8364 scaffold_1, whole genome shotgun sequence",663,851,81%,0.0,73.30,634857,"=HYPERLINK(""https://www.ncbi.nlm.nih.gov/nucleotide/JAJMYO010000001.1?report=genbank&log$=nucltop&blast_rank=28&RID=5VZHK8CC013"",""JAJMYO010000001.1"")"
"Diplodia sapinea strain KE8634 scaffold_134, whole genome shotgun sequence",663,851,81%,0.0,73.30,81092,"=HYPERLINK(""https://www.ncbi.nlm.nih.gov/nucleotide/JAJMXP010000134.1?report=genbank&log$=nucltop&blast_rank=29&RID=5VZHK8CC013"",""JAJMXP010000134.1"")"
"Diplodia sapinea CMW 190 strain CMW190 contig_656, whole genome shotgun sequence",663,851,81%,0.0,73.30,40727,"=HYPERLINK(""https://www.ncbi.nlm.nih.gov/nuccore/AXCF01000642"",""AXCF01000642.1"")"
"Neofusicoccum parvum isolate RB03 RB03_node13, whole genome shotgun sequence",662,883,95%,0.0,73.19,468308,"=HYPERLINK(""https://www.ncbi.nlm.nih.gov/nucleotide/JAXKPL010000013.1?report=genbank&log$=nucltop&blast_rank=31&RID=5VZHK8CC013"",""JAXKPL010000013.1"")"
"Neofusicoccum parvum isolate BB10 BB10_node139, whole genome shotgun sequence",662,883,95%,0.0,73.19,106012,"=HYPERLINK(""https://www.ncbi.nlm.nih.gov/nucleotide/JAXKPK010000139.1?report=genbank&log$=nucltop&blast_rank=32&RID=5VZHK8CC013"",""JAXKPK010000139.1"")"
"Trichophyton violaceum strain CMCC(F)T3l scaffold2, whole genome shotgun sequence",661,863,95%,0.0,73.23,3444964,"=HYPERLINK(""https://www.ncbi.nlm.nih.gov/nuccore/LHPN01000002"",""LHPN01000002.1"")"
"Trichophyton violaceum genome assembly, contig: NW_003456421.1_RaGOO, whole genome shotgun sequence",661,863,95%,0.0,73.23,1219121,"=HYPERLINK(""https://www.ncbi.nlm.nih.gov/nucleotide/CAJUYX010000010.1?report=genbank&log$=nucltop&blast_rank=34&RID=5VZHK8CC013"",""CAJUYX010000010.1"")"
"Trichophyton violaceum genome assembly, contig: NW_003456421.1_RaGOO, whole genome shotgun sequence",661,863,95%,0.0,73.23,1142668,"=HYPERLINK(""https://www.ncbi.nlm.nih.gov/nucleotide/CAJUYT010000010.1?report=genbank&log$=nucltop&blast_rank=35&RID=5VZHK8CC013"",""CAJUYT010000010.1"")"
"Trichophyton yaoundei genome assembly, contig: NW_003456421.1_RaGOO, whole genome shotgun sequence",661,863,95%,0.0,73.23,1304640,"=HYPERLINK(""https://www.ncbi.nlm.nih.gov/nucleotide/CAJUYO010000009.1?report=genbank&log$=nucltop&blast_rank=36&RID=5VZHK8CC013"",""CAJUYO010000009.1"")"
"Stemphylium vesicarium strain On16-63 16346, whole genome shotgun sequence",659,856,80%,0.0,73.32,174008,"=HYPERLINK(""https://www.ncbi.nlm.nih.gov/nuccore/VHPT01000444"",""VHPT01000444.1"")"
"Stemphylium vesicarium strain 173-1a-13FI1M3 scaffold_41, whole genome shotgun sequence",659,856,80%,0.0,73.32,198828,"=HYPERLINK(""https://www.ncbi.nlm.nih.gov/nuccore/QXCR01000042"",""QXCR01000042.1"")"
"Neofusicoccum cordaticola strain CBS 123638 NODE_6398_length_89413_cov_30.541800, whole genome shotgun sequence",657,865,95%,0.0,73.10,89501,"=HYPERLINK(""https://www.ncbi.nlm.nih.gov/nuccore/RHKD01002365"",""RHKD01002365.1"")"
"Neofusicoccum cordaticola strain CBS 123634 NODE_31112_length_96182_cov_8.024879, whole genome shotgun sequence",657,865,95%,0.0,73.10,96244,"=HYPERLINK(""https://www.ncbi.nlm.nih.gov/nuccore/RHKC01001692"",""RHKC01001692.1"")"
"Trichophyton kuryangei strain IHEM 26527 Scaffold34_1, whole genome shotgun sequence",656,859,95%,0.0,73.14,196327,"=HYPERLINK(""https://www.ncbi.nlm.nih.gov/nuccore/WOFS01000037"",""WOFS01000037.1"")"
"Trichophyton yaoundei strain IHEM 4711 Scaffold12_1, whole genome shotgun sequence",656,859,95%,0.0,73.14,298378,"=HYPERLINK(""https://www.ncbi.nlm.nih.gov/nuccore/WOFR01000013"",""WOFR01000013.1"")"
"Trichophyton rubrum CBS 735.88 cont1.81, whole genome shotgun sequence",656,859,95%,0.0,73.14,264854,"=HYPERLINK(""https://www.ncbi.nlm.nih.gov/nuccore/JHQM01000081"",""JHQM01000081.1"")"
"Trichophyton violaceum genome assembly, contig: NW_003456421.1_RaGOO, whole genome shotgun sequence",656,859,95%,0.0,73.14,1324810,"=HYPERLINK(""https://www.ncbi.nlm.nih.gov/nucleotide/CAJUYU010000011.1?report=genbank&log$=nucltop&blast_rank=44&RID=5VZHK8CC013"",""CAJUYU010000011.1"")"
"Trichophyton rubrum genome assembly, contig: NW_003456421.1_RaGOO, whole genome shotgun sequence",656,859,95%,0.0,73.14,1142039,"=HYPERLINK(""https://www.ncbi.nlm.nih.gov/nucleotide/CAJUYM010000009.1?report=genbank&log$=nucltop&blast_rank=45&RID=5VZHK8CC013"",""CAJUYM010000009.1"")"
"Trichophyton yaoundei genome assembly, contig: NW_003456421.1_RaGOO, whole genome shotgun sequence",656,859,95%,0.0,73.14,1256918,"=HYPERLINK(""https://www.ncbi.nlm.nih.gov/nucleotide/CAJUYJ010000010.1?report=genbank&log$=nucltop&blast_rank=46&RID=5VZHK8CC013"",""CAJUYJ010000010.1"")"
"Trichophyton rubrum genome assembly, contig: NW_003456421.1_RaGOO, whole genome shotgun sequence",656,859,95%,0.0,73.14,1120683,"=HYPERLINK(""https://www.ncbi.nlm.nih.gov/nucleotide/CAJUXX010000009.1?report=genbank&log$=nucltop&blast_rank=47&RID=5VZHK8CC013"",""CAJUXX010000009.1"")"
"Trichophyton kuryangei genome assembly, contig: NW_003456421.1_RaGOO, whole genome shotgun sequence",656,859,95%,0.0,73.14,1226462,"=HYPERLINK(""https://www.ncbi.nlm.nih.gov/nucleotide/CAJUXW010000010.1?report=genbank&log$=nucltop&blast_rank=48&RID=5VZHK8CC013"",""CAJUXW010000010.1"")"
"Trichophyton kuryangei genome assembly, contig: NW_003456421.1_RaGOO, whole genome shotgun sequence",656,859,95%,0.0,73.14,1285246,"=HYPERLINK(""https://www.ncbi.nlm.nih.gov/nucleotide/CAJUXV010000010.1?report=genbank&log$=nucltop&blast_rank=49&RID=5VZHK8CC013"",""CAJUXV010000010.1"")"
"Stemphylium vesicarium strain On16-391 4720, whole genome shotgun sequence",655,851,80%,0.0,73.23,24742,"=HYPERLINK(""https://www.ncbi.nlm.nih.gov/nuccore/VHPU01000308"",""VHPU01000308.1"")"
"Neofusicoccum umdonicola strain CBS 123644 NODE_996_length_192032_cov_19.150480, whole genome shotgun sequence",653,879,95%,0.0,73.02,192122,"=HYPERLINK(""https://www.ncbi.nlm.nih.gov/nuccore/RHKB01000538"",""RHKB01000538.1"")"
"Neofusicoccum parvum strain AH.3.1.01s tig00000017_pilon, whole genome shotgun sequence",653,869,95%,0.0,73.02,3147571,"=HYPERLINK(""https://www.ncbi.nlm.nih.gov/nucleotide/JAJQKC010000008.1?report=genbank&log$=nucltop&blast_rank=52&RID=5VZHK8CC013"",""JAJQKC010000008.1"")"
"Neofusicoccum parvum PPO83 DNA, PPO83_contig0003, whole genome shotgun sequence",653,869,95%,0.0,73.02,814420,"=HYPERLINK(""https://www.ncbi.nlm.nih.gov/nuccore/BSXG01000003"",""BSXG01000003.1"")"
"Trichophyton soudanense genome assembly, contig: NW_003456421.1_RaGOO, whole genome shotgun sequence",652,854,95%,0.0,73.05,1205661,"=HYPERLINK(""https://www.ncbi.nlm.nih.gov/nucleotide/CAJUYR010000008.1?report=genbank&log$=nucltop&blast_rank=54&RID=5VZHK8CC013"",""CAJUYR010000008.1"")"
"Trichophyton soudanense genome assembly, contig: NW_003456421.1_RaGOO, whole genome shotgun sequence",652,854,95%,0.0,73.05,1194332,"=HYPERLINK(""https://www.ncbi.nlm.nih.gov/nucleotide/CAJUYQ010000010.1?report=genbank&log$=nucltop&blast_rank=55&RID=5VZHK8CC013"",""CAJUYQ010000010.1"")"
"Trichophyton rubrum genome assembly, contig: NW_003456421.1_RaGOO, whole genome shotgun sequence",652,854,95%,0.0,73.05,1153649,"=HYPERLINK(""https://www.ncbi.nlm.nih.gov/nucleotide/CAJUYP010000010.1?report=genbank&log$=nucltop&blast_rank=56&RID=5VZHK8CC013"",""CAJUYP010000010.1"")"
"Trichophyton soudanense genome assembly, contig: NW_003456421.1_RaGOO, whole genome shotgun sequence",652,854,95%,0.0,73.05,1188253,"=HYPERLINK(""https://www.ncbi.nlm.nih.gov/nucleotide/CAJUYN010000011.1?report=genbank&log$=nucltop&blast_rank=57&RID=5VZHK8CC013"",""CAJUYN010000011.1"")"
"Trichophyton rubrum genome assembly, contig: NW_003456421.1_RaGOO, whole genome shotgun sequence",652,854,95%,0.0,73.05,1346557,"=HYPERLINK(""https://www.ncbi.nlm.nih.gov/nucleotide/CAJUYL010000010.1?report=genbank&log$=nucltop&blast_rank=58&RID=5VZHK8CC013"",""CAJUYL010000010.1"")"
"Trichophyton soudanense genome assembly, contig: NW_003456421.1_RaGOO, whole genome shotgun sequence",652,854,95%,0.0,73.05,1195942,"=HYPERLINK(""https://www.ncbi.nlm.nih.gov/nucleotide/CAJUYK010000009.1?report=genbank&log$=nucltop&blast_rank=59&RID=5VZHK8CC013"",""CAJUYK010000009.1"")"
"Trichophyton soudanense CBS 452.61 cont1.93, whole genome shotgun sequence",652,854,95%,0.0,73.05,106973,"=HYPERLINK(""https://www.ncbi.nlm.nih.gov/nuccore/AOKW01000093"",""AOKW01000093.1"")"
"Stemphylium vesicarium isolate PNW2016_02 scaffold_141, whole genome shotgun sequence",650,847,80%,0.0,73.15,76333,"=HYPERLINK(""https://www.ncbi.nlm.nih.gov/nucleotide/JAQHEU010000141.1?report=genbank&log$=nucltop&blast_rank=61&RID=5VZHK8CC013"",""JAQHEU010000141.1"")"
"Trichophyton mentagrophytes strain D15P152 NODE_90, whole genome shotgun sequence",649,922,88%,0.0,72.98,14313,"=HYPERLINK(""https://www.ncbi.nlm.nih.gov/nuccore/QQSP01000090"",""QQSP01000090.1"")"
"Trichophyton interdigitale MR816 cont1.108, whole genome shotgun sequence",649,922,88%,0.0,72.98,166025,"=HYPERLINK(""https://www.ncbi.nlm.nih.gov/nuccore/AOKY01000108"",""AOKY01000108.1"")"
"Trichophyton interdigitale H6 cont2.969, whole genome shotgun sequence",649,922,88%,0.0,72.98,6982,"=HYPERLINK(""https://www.ncbi.nlm.nih.gov/nuccore/AOKS01000969"",""AOKS01000969.1"")"
"Neofusicoccum ribis strain CBS 121.26 NODE_1232_length_153632_cov_30.960724, whole genome shotgun sequence",648,874,95%,0.0,72.93,153720,"=HYPERLINK(""https://www.ncbi.nlm.nih.gov/nuccore/RHKA01000871"",""RHKA01000871.1"")"
"Neofusicoccum ribis strain CBS 115475 NODE_1058_length_38485_cov_20.352085, whole genome shotgun sequence",648,874,95%,0.0,72.93,38565,"=HYPERLINK(""https://www.ncbi.nlm.nih.gov/nuccore/RHJZ01000810"",""RHJZ01000810.1"")"
"Neofusicoccum parvum isolate ON1 ON01_node4, whole genome shotgun sequence",648,874,95%,0.0,72.93,850939,"=HYPERLINK(""https://www.ncbi.nlm.nih.gov/nucleotide/JAXKPI010000004.1?report=genbank&log$=nucltop&blast_rank=67&RID=5VZHK8CC013"",""JAXKPI010000004.1"")"
"Neofusicoccum ribis strain M1-105 NODE_7_length_461391_cov_66.785084, whole genome shotgun sequence",648,874,95%,0.0,72.93,461391,"=HYPERLINK(""https://www.ncbi.nlm.nih.gov/nucleotide/JAJVDC010000007.1?report=genbank&log$=nucltop&blast_rank=68&RID=5VZHK8CC013"",""JAJVDC010000007.1"")"
"Trichophyton rubrum strain CMCC(F)T1i scaffold_10, whole genome shotgun sequence",647,850,95%,0.0,72.97,1197660,"=HYPERLINK(""https://www.ncbi.nlm.nih.gov/nuccore/LHPM01000014"",""LHPM01000014.1"")"
"Trichophyton rubrum strain IGIB-SBL-CI1 Contig142, whole genome shotgun sequence",647,850,95%,0.0,72.97,25750,"=HYPERLINK(""https://www.ncbi.nlm.nih.gov/nuccore/JPGR01000142"",""JPGR01000142.1"")"
"Trichophyton rubrum strain CDCF0616 NODE_143_length_44525_cov_44.326224, whole genome shotgun sequence",647,850,95%,0.0,72.97,44525,"=HYPERLINK(""https://www.ncbi.nlm.nih.gov/nucleotide/JAEQDK010000143.1?report=genbank&log$=nucltop&blast_rank=71&RID=5VZHK8CC013"",""JAEQDK010000143.1"")"
"Trichophyton rubrum strain CDCF1522 NODE_94_length_86362_cov_51.072967, whole genome shotgun sequence",647,850,95%,0.0,72.97,86362,"=HYPERLINK(""https://www.ncbi.nlm.nih.gov/nucleotide/JADKZY010000094.1?report=genbank&log$=nucltop&blast_rank=72&RID=5VZHK8CC013"",""JADKZY010000094.1"")"
"Trichophyton rubrum strain CDCF1506 NODE_139_length_44524_cov_40.826850, whole genome shotgun sequence",647,850,95%,0.0,72.97,44524,"=HYPERLINK(""https://www.ncbi.nlm.nih.gov/nucleotide/JADKZX010000139.1?report=genbank&log$=nucltop&blast_rank=73&RID=5VZHK8CC013"",""JADKZX010000139.1"")"
"Trichophyton rubrum strain CDCF1500 NODE_146_length_44510_cov_32.485968, whole genome shotgun sequence",647,850,95%,0.0,72.97,44510,"=HYPERLINK(""https://www.ncbi.nlm.nih.gov/nucleotide/JADKZW010000146.1?report=genbank&log$=nucltop&blast_rank=74&RID=5VZHK8CC013"",""JADKZW010000146.1"")"
"Trichophyton rubrum strain CDCF1414 NODE_165_length_26001_cov_46.111055, whole genome shotgun sequence",647,850,95%,0.0,72.97,26001,"=HYPERLINK(""https://www.ncbi.nlm.nih.gov/nucleotide/JADKZV010000164.1?report=genbank&log$=nucltop&blast_rank=75&RID=5VZHK8CC013"",""JADKZV010000164.1"")"
"Trichophyton rubrum strain CDCF1386 NODE_25_length_258052_cov_43.072096, whole genome shotgun sequence",647,850,95%,0.0,72.97,258052,"=HYPERLINK(""https://www.ncbi.nlm.nih.gov/nucleotide/JADKZU010000024.1?report=genbank&log$=nucltop&blast_rank=76&RID=5VZHK8CC013"",""JADKZU010000024.1"")"
"MAG TPA_asm: uncultured Arthrodermataceae genome assembly, contig: ERZ1742982.136, whole genome shotgun sequence",647,850,95%,0.0,72.97,12409,"=HYPERLINK(""https://www.ncbi.nlm.nih.gov/nucleotide/CALCFZ010001119.1?report=genbank&log$=nucltop&blast_rank=77&RID=5VZHK8CC013"",""CALCFZ010001119.1"")"
"Trichophyton rubrum genome assembly, contig: NW_003456421.1_RaGOO, whole genome shotgun sequence",647,850,95%,0.0,72.97,1199020,"=HYPERLINK(""https://www.ncbi.nlm.nih.gov/nucleotide/CAJUYW010000011.1?report=genbank&log$=nucltop&blast_rank=78&RID=5VZHK8CC013"",""CAJUYW010000011.1"")"
"Trichophyton rubrum genome assembly, contig: NW_003456421.1_RaGOO, whole genome shotgun sequence",647,850,95%,0.0,72.97,1194325,"=HYPERLINK(""https://www.ncbi.nlm.nih.gov/nucleotide/CAJUYV010000011.1?report=genbank&log$=nucltop&blast_rank=79&RID=5VZHK8CC013"",""CAJUYV010000011.1"")"
"Trichophyton rubrum genome assembly, contig: NW_003456421.1_RaGOO, whole genome shotgun sequence",647,850,95%,0.0,72.97,1200531,"=HYPERLINK(""https://www.ncbi.nlm.nih.gov/nucleotide/CAJUYS010000010.1?report=genbank&log$=nucltop&blast_rank=80&RID=5VZHK8CC013"",""CAJUYS010000010.1"")"
"Trichophyton rubrum MR1459 cont1.118, whole genome shotgun sequence",647,850,95%,0.0,72.97,277833,"=HYPERLINK(""https://www.ncbi.nlm.nih.gov/nuccore/AOLC01000118"",""AOLC01000118.1"")"
"Trichophyton rubrum D6 cont1.122, whole genome shotgun sequence",647,850,95%,0.0,72.97,250949,"=HYPERLINK(""https://www.ncbi.nlm.nih.gov/nuccore/AOLB01000122"",""AOLB01000122.1"")"
"Trichophyton rubrum MR1448 cont1.134, whole genome shotgun sequence",647,850,95%,0.0,72.97,271526,"=HYPERLINK(""https://www.ncbi.nlm.nih.gov/nuccore/AOKZ01000134"",""AOKZ01000134.1"")"
"Trichophyton rubrum CBS 202.88 cont2.117, whole genome shotgun sequence",647,850,95%,0.0,72.97,98861,"=HYPERLINK(""https://www.ncbi.nlm.nih.gov/nuccore/AOKX01000117"",""AOKX01000117.1"")"
"Trichophyton rubrum CBS 289.86 cont1.132, whole genome shotgun sequence",647,850,95%,0.0,72.97,236344,"=HYPERLINK(""https://www.ncbi.nlm.nih.gov/nuccore/AOKV01000132"",""AOKV01000132.1"")"
"Trichophyton rubrum CBS 288.86 cont1.137, whole genome shotgun sequence",647,850,95%,0.0,72.97,280157,"=HYPERLINK(""https://www.ncbi.nlm.nih.gov/nuccore/AOKU01000137"",""AOKU01000137.1"")"
"Trichophyton rubrum CBS 100081 cont1.129, whole genome shotgun sequence",647,850,95%,0.0,72.97,94304,"=HYPERLINK(""https://www.ncbi.nlm.nih.gov/nuccore/AOKT01000129"",""AOKT01000129.1"")"
"Trichophyton rubrum MR850 cont1.125, whole genome shotgun sequence",647,850,95%,0.0,72.97,106469,"=HYPERLINK(""https://www.ncbi.nlm.nih.gov/nuccore/AOKR01000125"",""AOKR01000125.1"")"
"Trichophyton rubrum CBS 118892 cont2.453, whole genome shotgun sequence",647,850,95%,0.0,72.97,118870,"=HYPERLINK(""https://www.ncbi.nlm.nih.gov/nuccore/ACPH01000453"",""ACPH01000453.1"")"
"Trichophyton mentagrophytes strain D15P127 NODE_103, whole genome shotgun sequence",645,918,88%,0.0,72.89,64816,"=HYPERLINK(""https://www.ncbi.nlm.nih.gov/nuccore/QQSR01000104"",""QQSR01000104.1"")"
"Trichophyton mentagrophytes strain D15P135 NODE_379, whole genome shotgun sequence",645,918,88%,0.0,72.89,19096,"=HYPERLINK(""https://www.ncbi.nlm.nih.gov/nuccore/QQSQ01000378"",""QQSQ01000378.1"")"
"Trichophyton mentagrophytes strain D15P156 NODE_150, whole genome shotgun sequence",645,918,88%,0.0,72.89,50603,"=HYPERLINK(""https://www.ncbi.nlm.nih.gov/nuccore/QQSO01000150"",""QQSO01000150.1"")"
"Trichophyton indotineae strain TIMM20121 ctg_p_l_000005_0, whole genome shotgun sequence",645,918,88%,0.0,72.89,1838871,"=HYPERLINK(""https://www.ncbi.nlm.nih.gov/nucleotide/JAUJAB010000006.1?report=genbank&log$=nucltop&blast_rank=93&RID=5VZHK8CC013"",""JAUJAB010000006.1"")"
"Trichophyton indotineae strain TIMM20122 ctg_p_l_000000_0, whole genome shotgun sequence",645,918,88%,0.0,72.89,8597588,"=HYPERLINK(""https://www.ncbi.nlm.nih.gov/nucleotide/JAUJAA010000001.1?report=genbank&log$=nucltop&blast_rank=94&RID=5VZHK8CC013"",""JAUJAA010000001.1"")"
"Trichophyton indotineae strain TIMM20123 ctg_p_l_000003_0, whole genome shotgun sequence",645,918,88%,0.0,72.89,2205657,"=HYPERLINK(""https://www.ncbi.nlm.nih.gov/nucleotide/JAUIZZ010000004.1?report=genbank&log$=nucltop&blast_rank=95&RID=5VZHK8CC013"",""JAUIZZ010000004.1"")"
"Trichophyton interdigitale strain UCMS-IGIB-CI12 CI12_contig202, whole genome shotgun sequence",645,918,88%,0.0,72.89,36436,"=HYPERLINK(""https://www.ncbi.nlm.nih.gov/nucleotide/JAATJQ010000202.1?report=genbank&log$=nucltop&blast_rank=96&RID=5VZHK8CC013"",""JAATJQ010000202.1"")"
"Trichophyton interdigitale strain UCMS-IGIB-CI14 CI14_contig212, whole genome shotgun sequence",645,918,88%,0.0,72.89,36450,"=HYPERLINK(""https://www.ncbi.nlm.nih.gov/nucleotide/JAAQVJ010000212.1?report=genbank&log$=nucltop&blast_rank=97&RID=5VZHK8CC013"",""JAAQVJ010000212.1"")"
"Trichophyton interdigitale strain UCMS-IGIB-CI11 CI11_contig237, whole genome shotgun sequence",645,918,88%,0.0,72.89,29270,"=HYPERLINK(""https://www.ncbi.nlm.nih.gov/nucleotide/JAADCK010000237.1?report=genbank&log$=nucltop&blast_rank=98&RID=5VZHK8CC013"",""JAADCK010000237.1"")"
"Trichophyton tonsurans CBS 112818 cont1.655, whole genome shotgun sequence",645,918,88%,0.0,72.89,37390,"=HYPERLINK(""https://www.ncbi.nlm.nih.gov/nuccore/ACPI01000655"",""ACPI01000655.1"")"
"Trichophyton equinum CBS 127.97 cont1.100, whole genome shotgun sequence",645,918,88%,0.0,72.89,26686,"=HYPERLINK(""https://www.ncbi.nlm.nih.gov/nuccore/ABWI01000100"",""ABWI01000100.1"")"



		


