Description,Max Score,Total Score,Query Cover,E value,Per. ident,Acc. Len,Accession  
"Penicillium brevicompactum strain FJII-L9-SW-P1 NODE_2_length_753946_cov_59.395447, whole genome shotgun sequence",13878,13878,100%,0.0,99.74,753946,"=HYPERLINK(""https://www.ncbi.nlm.nih.gov/nucleotide/JAKLMP010000002.1?report=genbank&log$=nucltop&blast_rank=1&RID=5W10DNE6016"",""JAKLMP010000002.1"")"
"Penicillium brevicompactum strain IBT 35665 utg000003l_segment0_segment0, whole genome shotgun sequence",12804,12804,100%,0.0,96.62,5084571,"=HYPERLINK(""https://www.ncbi.nlm.nih.gov/nucleotide/JAPZBP010000004.1?report=genbank&log$=nucltop&blast_rank=2&RID=5W10DNE6016"",""JAPZBP010000004.1"")"
"Penicillium sp. CF01 CF01_005.1, whole genome shotgun sequence",12766,12833,100%,0.0,96.52,3001461,"=HYPERLINK(""https://www.ncbi.nlm.nih.gov/nuccore/RFFF02000036"",""RFFF02000036.1"")"
"Penicillium brevicompactum strain IBT 35675 utg000003l_segment0_segment0, whole genome shotgun sequence",12762,12762,100%,0.0,96.49,3142977,"=HYPERLINK(""https://www.ncbi.nlm.nih.gov/nucleotide/JAPZBR010000003.1?report=genbank&log$=nucltop&blast_rank=4&RID=5W10DNE6016"",""JAPZBR010000003.1"")"
"Penicillium brevicompactum strain HOCR17 scaffold7, whole genome shotgun sequence",12745,12812,100%,0.0,96.42,3001875,"=HYPERLINK(""https://www.ncbi.nlm.nih.gov/nucleotide/JAHQJA010000005.1?report=genbank&log$=nucltop&blast_rank=5&RID=5W10DNE6016"",""JAHQJA010000005.1"")"
"Penicillium brevicompactum strain IBT 35673 utg000004l_segment0_segment0, whole genome shotgun sequence",12736,12803,100%,0.0,96.43,3085254,"=HYPERLINK(""https://www.ncbi.nlm.nih.gov/nucleotide/JAPZBQ010000004.1?report=genbank&log$=nucltop&blast_rank=6&RID=5W10DNE6016"",""JAPZBQ010000004.1"")"
"Penicillium sp. MA 6036 contig00163, whole genome shotgun sequence",8412,8412,99%,0.0,84.10,47640,"=HYPERLINK(""https://www.ncbi.nlm.nih.gov/nuccore/QAGG01000163"",""QAGG01000163.1"")"
"Penicillium bialowiezense strain A30 scaffold4_size3956477, whole genome shotgun sequence",8370,8370,99%,0.0,83.95,3956477,"=HYPERLINK(""https://www.ncbi.nlm.nih.gov/nucleotide/JAKZFB010000004.1?report=genbank&log$=nucltop&blast_rank=8&RID=5W10DNE6016"",""JAKZFB010000004.1"")"
"Penicillium egyptiacum genome assembly, contig: scaffold20, whole genome shotgun sequence",4590,4590,99%,0.0,73.49,2082417,"=HYPERLINK(""https://www.ncbi.nlm.nih.gov/nucleotide/CAJVRC010000839.1?report=genbank&log$=nucltop&blast_rank=9&RID=5W10DNE6016"",""CAJVRC010000839.1"")"
"Penicillium samsonianum strain IBT 33392 utg000001l_segment0_segment0, whole genome shotgun sequence",4555,4555,99%,0.0,73.35,4827859,"=HYPERLINK(""https://www.ncbi.nlm.nih.gov/nucleotide/JAQJZT010000001.1?report=genbank&log$=nucltop&blast_rank=10&RID=5W10DNE6016"",""JAQJZT010000001.1"")"
"Penicillium sp. E22 NODE_254_length_44953_cov_8.620399, whole genome shotgun sequence",4525,4525,99%,0.0,73.26,44953,"=HYPERLINK(""https://www.ncbi.nlm.nih.gov/nucleotide/JASJUN010000254.1?report=genbank&log$=nucltop&blast_rank=11&RID=5W10DNE6016"",""JASJUN010000254.1"")"
"Penicillium psychrosexuale strain IBT 29551 utg000006l, whole genome shotgun sequence",4287,4287,99%,0.0,72.58,1698116,"=HYPERLINK(""https://www.ncbi.nlm.nih.gov/nucleotide/JAQJAT010000006.1?report=genbank&log$=nucltop&blast_rank=12&RID=5W10DNE6016"",""JAQJAT010000006.1"")"
"Penicillium roqueforti strain DTO 002-I6 scaffold_010, whole genome shotgun sequence",4253,4253,99%,0.0,72.53,693789,"=HYPERLINK(""https://www.ncbi.nlm.nih.gov/nucleotide/JAKIKO010000015.1?report=genbank&log$=nucltop&blast_rank=13&RID=5W10DNE6016"",""JAKIKO010000015.1"")"
"Penicillium roqueforti strain CBS 147317 scaffold_05, whole genome shotgun sequence",4253,4253,99%,0.0,72.53,1463688,"=HYPERLINK(""https://www.ncbi.nlm.nih.gov/nucleotide/JAKIKA010000007.1?report=genbank&log$=nucltop&blast_rank=14&RID=5W10DNE6016"",""JAKIKA010000007.1"")"
"Penicillium roqueforti DNA, scaffold: scaffold_1, strain: JCM 22842, whole genome shotgun sequence",4253,4253,99%,0.0,72.53,5360957,"=HYPERLINK(""https://www.ncbi.nlm.nih.gov/nuccore/BCID01000002"",""BCID01000002.1"")"
"Penicillium roqueforti strain DTO 013-E5 scaffold_006, whole genome shotgun sequence",4252,4252,99%,0.0,72.52,989844,"=HYPERLINK(""https://www.ncbi.nlm.nih.gov/nucleotide/JAKIKG010000007.1?report=genbank&log$=nucltop&blast_rank=16&RID=5W10DNE6016"",""JAKIKG010000007.1"")"
"Penicillium roqueforti strain CBS 147325 scaffold_024, whole genome shotgun sequence",4252,4252,99%,0.0,72.52,406032,"=HYPERLINK(""https://www.ncbi.nlm.nih.gov/nucleotide/JAKIJZ010000025.1?report=genbank&log$=nucltop&blast_rank=17&RID=5W10DNE6016"",""JAKIJZ010000025.1"")"
"Penicillium roqueforti strain DTO 012-A1 scaffold_019, whole genome shotgun sequence",4252,4252,99%,0.0,72.52,507779,"=HYPERLINK(""https://www.ncbi.nlm.nih.gov/nucleotide/JAIWKO010000020.1?report=genbank&log$=nucltop&blast_rank=18&RID=5W10DNE6016"",""JAIWKO010000020.1"")"
"Penicillium roqueforti strain DTO 013-F2 scaffold_027, whole genome shotgun sequence",4252,4252,99%,0.0,72.52,320526,"=HYPERLINK(""https://www.ncbi.nlm.nih.gov/nucleotide/JAIWKM010000029.1?report=genbank&log$=nucltop&blast_rank=19&RID=5W10DNE6016"",""JAIWKM010000029.1"")"
"Penicillium roqueforti strain DTO 006-G7 scaffold_020, whole genome shotgun sequence",4250,4250,99%,0.0,72.47,446814,"=HYPERLINK(""https://www.ncbi.nlm.nih.gov/nucleotide/JAKIKL010000021.1?report=genbank&log$=nucltop&blast_rank=20&RID=5W10DNE6016"",""JAKIKL010000021.1"")"
"Penicillium roqueforti strain CBS 147309 scaffold_07, whole genome shotgun sequence",4250,4250,99%,0.0,72.47,866875,"=HYPERLINK(""https://www.ncbi.nlm.nih.gov/nucleotide/JAKIKK010000008.1?report=genbank&log$=nucltop&blast_rank=21&RID=5W10DNE6016"",""JAKIKK010000008.1"")"
"Penicillium roqueforti strain CBS 147337 scaffold_017, whole genome shotgun sequence",4250,4250,99%,0.0,72.47,589670,"=HYPERLINK(""https://www.ncbi.nlm.nih.gov/nucleotide/JAKIJR010000017.1?report=genbank&log$=nucltop&blast_rank=22&RID=5W10DNE6016"",""JAKIJR010000017.1"")"
"Penicillium roqueforti strain DTO 006-G1 scaffold_004, whole genome shotgun sequence",4250,4250,99%,0.0,72.47,1190712,"=HYPERLINK(""https://www.ncbi.nlm.nih.gov/nucleotide/JAIWKP010000005.1?report=genbank&log$=nucltop&blast_rank=23&RID=5W10DNE6016"",""JAIWKP010000005.1"")"
"Penicillium roqueforti strain CBS 147372 scaffold_07, whole genome shotgun sequence",4250,4250,99%,0.0,72.47,1053536,"=HYPERLINK(""https://www.ncbi.nlm.nih.gov/nucleotide/JAIWKJ010000008.1?report=genbank&log$=nucltop&blast_rank=24&RID=5W10DNE6016"",""JAIWKJ010000008.1"")"
"Penicillium roqueforti strain CBS 147354 scaffold_009, whole genome shotgun sequence",4250,4250,99%,0.0,72.52,704020,"=HYPERLINK(""https://www.ncbi.nlm.nih.gov/nucleotide/JAIWKI010000010.1?report=genbank&log$=nucltop&blast_rank=25&RID=5W10DNE6016"",""JAIWKI010000010.1"")"
"Penicillium roqueforti strain DTO 003-C3 scaffold_005, whole genome shotgun sequence",4248,4248,99%,0.0,72.50,906458,"=HYPERLINK(""https://www.ncbi.nlm.nih.gov/nucleotide/JAKIKN010000011.1?report=genbank&log$=nucltop&blast_rank=26&RID=5W10DNE6016"",""JAKIKN010000011.1"")"
"Penicillium roqueforti strain CBS 147308 scaffold_005, whole genome shotgun sequence",4248,4248,99%,0.0,72.50,900086,"=HYPERLINK(""https://www.ncbi.nlm.nih.gov/nucleotide/JAKIKM010000010.1?report=genbank&log$=nucltop&blast_rank=27&RID=5W10DNE6016"",""JAKIKM010000010.1"")"
"Penicillium roqueforti strain CBS 147310 scaffold_07, whole genome shotgun sequence",4248,4248,99%,0.0,72.50,1083921,"=HYPERLINK(""https://www.ncbi.nlm.nih.gov/nucleotide/JAKIKJ010000009.1?report=genbank&log$=nucltop&blast_rank=28&RID=5W10DNE6016"",""JAKIKJ010000009.1"")"
"Penicillium roqueforti strain DTO 012-A9 scaffold_059, whole genome shotgun sequence",4248,4248,99%,0.0,72.50,150652,"=HYPERLINK(""https://www.ncbi.nlm.nih.gov/nucleotide/JAKIKH010000063.1?report=genbank&log$=nucltop&blast_rank=29&RID=5W10DNE6016"",""JAKIKH010000063.1"")"
"Penicillium roqueforti strain CBS 147311 scaffold_014, whole genome shotgun sequence",4248,4248,99%,0.0,72.50,518095,"=HYPERLINK(""https://www.ncbi.nlm.nih.gov/nucleotide/JAKIKF010000019.1?report=genbank&log$=nucltop&blast_rank=30&RID=5W10DNE6016"",""JAKIKF010000019.1"")"
"Penicillium roqueforti strain DTO 027-I6 scaffold_001, whole genome shotgun sequence",4248,4248,99%,0.0,72.50,2574289,"=HYPERLINK(""https://www.ncbi.nlm.nih.gov/nucleotide/JAKIKE010000002.1?report=genbank&log$=nucltop&blast_rank=31&RID=5W10DNE6016"",""JAKIKE010000002.1"")"
"Penicillium roqueforti strain DTO 039-G3 scaffold_10, whole genome shotgun sequence",4248,4248,99%,0.0,72.50,1081760,"=HYPERLINK(""https://www.ncbi.nlm.nih.gov/nucleotide/JAKIKC010000012.1?report=genbank&log$=nucltop&blast_rank=32&RID=5W10DNE6016"",""JAKIKC010000012.1"")"
"Penicillium roqueforti strain DTO 046-C5 scaffold_014, whole genome shotgun sequence",4248,4248,99%,0.0,72.50,732117,"=HYPERLINK(""https://www.ncbi.nlm.nih.gov/nucleotide/JAKIKB010000014.1?report=genbank&log$=nucltop&blast_rank=33&RID=5W10DNE6016"",""JAKIKB010000014.1"")"
"Penicillium roqueforti strain CBS 147326 scaffold_017, whole genome shotgun sequence",4248,4248,99%,0.0,72.50,612442,"=HYPERLINK(""https://www.ncbi.nlm.nih.gov/nucleotide/JAKIJY010000025.1?report=genbank&log$=nucltop&blast_rank=34&RID=5W10DNE6016"",""JAKIJY010000025.1"")"
"Penicillium roqueforti strain CBS 147330 scaffold_005, whole genome shotgun sequence",4248,4248,99%,0.0,72.50,1057053,"=HYPERLINK(""https://www.ncbi.nlm.nih.gov/nucleotide/JAKIJX010000007.1?report=genbank&log$=nucltop&blast_rank=35&RID=5W10DNE6016"",""JAKIJX010000007.1"")"
"Penicillium roqueforti strain CBS 147333 scaffold_038, whole genome shotgun sequence",4248,4248,99%,0.0,72.50,251240,"=HYPERLINK(""https://www.ncbi.nlm.nih.gov/nucleotide/JAKIJV010000044.1?report=genbank&log$=nucltop&blast_rank=36&RID=5W10DNE6016"",""JAKIJV010000044.1"")"
"Penicillium roqueforti strain LCP 96.3914a scaffold_010, whole genome shotgun sequence",4248,4248,99%,0.0,72.50,755013,"=HYPERLINK(""https://www.ncbi.nlm.nih.gov/nucleotide/JAIWKG010000011.1?report=genbank&log$=nucltop&blast_rank=37&RID=5W10DNE6016"",""JAIWKG010000011.1"")"
"Penicillium roqueforti strain LCP96 04111 scaffold_06, whole genome shotgun sequence",4248,4248,99%,0.0,72.50,863429,"=HYPERLINK(""https://www.ncbi.nlm.nih.gov/nucleotide/JABCSE010000007.1?report=genbank&log$=nucltop&blast_rank=38&RID=5W10DNE6016"",""JABCSE010000007.1"")"
"Penicillium roqueforti strain UASWS P1 Contig354, whole genome shotgun sequence",4243,4243,99%,0.0,72.49,122045,"=HYPERLINK(""https://www.ncbi.nlm.nih.gov/nuccore/JNNS01000353"",""JNNS01000353.1"")"
"Penicillium roqueforti strain CBS 147318 scaffold_06, whole genome shotgun sequence",4240,4240,99%,0.0,72.48,1251976,"=HYPERLINK(""https://www.ncbi.nlm.nih.gov/nucleotide/JAIWKL010000007.1?report=genbank&log$=nucltop&blast_rank=40&RID=5W10DNE6016"",""JAIWKL010000007.1"")"
"Penicillium roqueforti strain CBS 147331 scaffold_10, whole genome shotgun sequence",4214,4214,99%,0.0,72.37,992589,"=HYPERLINK(""https://www.ncbi.nlm.nih.gov/nucleotide/JAKIJW010000011.1?report=genbank&log$=nucltop&blast_rank=41&RID=5W10DNE6016"",""JAKIJW010000011.1"")"
"Penicillium roqueforti strain CBS 147332 scaffold_03, whole genome shotgun sequence",4214,4214,99%,0.0,72.37,2261135,"=HYPERLINK(""https://www.ncbi.nlm.nih.gov/nucleotide/JAIWKK010000004.1?report=genbank&log$=nucltop&blast_rank=42&RID=5W10DNE6016"",""JAIWKK010000004.1"")"
"Aspergillus brunneus strain CBS 112.26 S/N-202-OC-P1_contig_143, whole genome shotgun sequence",4210,4210,99%,0.0,72.31,223338,"=HYPERLINK(""https://www.ncbi.nlm.nih.gov/nucleotide/JAILXD010000142.1?report=genbank&log$=nucltop&blast_rank=43&RID=5W10DNE6016"",""JAILXD010000142.1"")"
"Aspergillus brunneus strain CBS 112.26 S/N-302-OC-R2_contig_56, whole genome shotgun sequence",4210,4210,99%,0.0,72.31,232216,"=HYPERLINK(""https://www.ncbi.nlm.nih.gov/nucleotide/JAILXB010000055.1?report=genbank&log$=nucltop&blast_rank=44&RID=5W10DNE6016"",""JAILXB010000055.1"")"
"Penicillium roqueforti strain CBS 147355 scaffold_06, whole genome shotgun sequence",4208,4208,99%,0.0,72.36,1471781,"=HYPERLINK(""https://www.ncbi.nlm.nih.gov/nucleotide/JAIWKH010000007.1?report=genbank&log$=nucltop&blast_rank=45&RID=5W10DNE6016"",""JAIWKH010000007.1"")"
"Aspergillus pseudoglaucus strain FJII-L3-SW-P1 NODE_19_length_251015_cov_19.786473, whole genome shotgun sequence",4196,4196,99%,0.0,72.27,251015,"=HYPERLINK(""https://www.ncbi.nlm.nih.gov/nucleotide/JAKLMM010000019.1?report=genbank&log$=nucltop&blast_rank=46&RID=5W10DNE6016"",""JAKLMM010000019.1"")"
"Penicillium roqueforti strain CECT 2905 contig1497, whole genome shotgun sequence",4195,4195,98%,0.0,72.51,109702,"=HYPERLINK(""https://www.ncbi.nlm.nih.gov/nuccore/MSQC01000827"",""MSQC01000827.1"")"
"Aspergillus pseudoglaucus strain E42 NODE_2_length_1390792_cov_35.526446, whole genome shotgun sequence",4195,4195,99%,0.0,72.25,1390792,"=HYPERLINK(""https://www.ncbi.nlm.nih.gov/nucleotide/JBDODC010000002.1?report=genbank&log$=nucltop&blast_rank=48&RID=5W10DNE6016"",""JBDODC010000002.1"")"
"Penicillium roqueforti strain DTO 032-C6 scaffold_057, whole genome shotgun sequence",4194,4194,98%,0.0,72.50,107530,"=HYPERLINK(""https://www.ncbi.nlm.nih.gov/nucleotide/JAKIKD010000057.1?report=genbank&log$=nucltop&blast_rank=49&RID=5W10DNE6016"",""JAKIKD010000057.1"")"
"Penicillium roqueforti strain CBS 147338 scaffold_023, whole genome shotgun sequence",4194,4194,98%,0.0,72.50,353999,"=HYPERLINK(""https://www.ncbi.nlm.nih.gov/nucleotide/JAKIJU010000021.1?report=genbank&log$=nucltop&blast_rank=50&RID=5W10DNE6016"",""JAKIJU010000021.1"")"
"Penicillium roqueforti strain CBS 147339 scaffold_004, whole genome shotgun sequence",4194,4194,98%,0.0,72.50,1267634,"=HYPERLINK(""https://www.ncbi.nlm.nih.gov/nucleotide/JAKIJT010000005.1?report=genbank&log$=nucltop&blast_rank=51&RID=5W10DNE6016"",""JAKIJT010000005.1"")"
"Penicillium roqueforti strain DTO 012-A8 scaffold_0065, whole genome shotgun sequence",4194,4194,98%,0.0,72.50,106896,"=HYPERLINK(""https://www.ncbi.nlm.nih.gov/nucleotide/JAIWKN010000066.1?report=genbank&log$=nucltop&blast_rank=52&RID=5W10DNE6016"",""JAIWKN010000066.1"")"
"Penicillium roqueforti FM164 WGS project CBMR00000000 data, strain FM164, contig ProqFM164S05-21, whole genome shotgun sequence",4194,4194,98%,0.0,72.50,246380,"=HYPERLINK(""https://www.ncbi.nlm.nih.gov/nuccore/CBMR010000309"",""CBMR010000309.1"")"
"Penicillium roqueforti strain DTO 012-A7 scaffold_12, whole genome shotgun sequence",4181,4181,99%,0.0,72.28,855963,"=HYPERLINK(""https://www.ncbi.nlm.nih.gov/nucleotide/JAKIKI010000013.1?report=genbank&log$=nucltop&blast_rank=54&RID=5W10DNE6016"",""JAKIKI010000013.1"")"
"Penicillium carneum LCP05634 WGS project CBXS000000000 data, contig PcarLCP05634S0317-2, whole genome shotgun sequence",4176,4176,98%,0.0,72.43,13651,"=HYPERLINK(""https://www.ncbi.nlm.nih.gov/nuccore/CBXS010001484"",""CBXS010001484.1"")"
"Paecilomyces niveus strain Cornell orchards no. 7 scaffold_150, whole genome shotgun sequence",3617,4391,99%,0.0,72.13,119561,"=HYPERLINK(""https://www.ncbi.nlm.nih.gov/nuccore/QEIL01000151"",""QEIL01000151.1"")"
"Byssochlamys sp. AF001 NODE_3_length_4651098_cov_45.3959, whole genome shotgun sequence",3455,3804,97%,0.0,72.15,4651098,"=HYPERLINK(""https://www.ncbi.nlm.nih.gov/nuccore/PNEM01000003"",""PNEM01000003.1"")"
"Paecilomyces dactylethromorphus strain FRR 5262 NODE_76_length_2862342_cov_63.869884, whole genome shotgun sequence",3455,3804,97%,0.0,72.15,2862440,"=HYPERLINK(""https://www.ncbi.nlm.nih.gov/nucleotide/JAPVCE010000042.1?report=genbank&log$=nucltop&blast_rank=58&RID=5W10DNE6016"",""JAPVCE010000042.1"")"
"Penicillium parvum strain 4-14b Contig2, whole genome shotgun sequence",3310,3310,99%,0.0,70.09,4360274,"=HYPERLINK(""https://www.ncbi.nlm.nih.gov/nucleotide/JAPJNL010000002.1?report=genbank&log$=nucltop&blast_rank=59&RID=5W10DNE6016"",""JAPJNL010000002.1"")"
"Aspergillus udagawae IFM 46972 DNA, scaffold_122, whole genome shotgun sequence",2297,2297,99%,0.0,67.22,61711,"=HYPERLINK(""https://www.ncbi.nlm.nih.gov/nuccore/BLKC01000122"",""BLKC01000122.1"")"
"Aspergillus udagawae IFM 46973 DNA, scaffold_6, whole genome shotgun sequence",2297,2297,99%,0.0,67.22,2626078,"=HYPERLINK(""https://www.ncbi.nlm.nih.gov/nuccore/BBXM02000006"",""BBXM02000006.1"")"
"Paecilomyces dactylethromorphus strain FRR 0699 NODE_25_length_558962_cov_41.678841, whole genome shotgun sequence",2174,3695,96%,0.0,70.92,559060,"=HYPERLINK(""https://www.ncbi.nlm.nih.gov/nucleotide/JAPVCF010000023.1?report=genbank&log$=nucltop&blast_rank=62&RID=5W10DNE6016"",""JAPVCF010000023.1"")"
"Penicillium arizonense strain CBS 141311 PENARI_contig010, whole genome shotgun sequence",2133,2227,90%,0.0,67.80,1033882,"=HYPERLINK(""https://www.ncbi.nlm.nih.gov/nuccore/LXJU01000010"",""LXJU01000010.1"")"
"Penicillium nucicola strain IBT 29836 utg000010l, whole genome shotgun sequence",1851,2613,93%,0.0,67.01,6604545,"=HYPERLINK(""https://www.ncbi.nlm.nih.gov/nucleotide/JAQJAQ010000010.1?report=genbank&log$=nucltop&blast_rank=64&RID=5W10DNE6016"",""JAQJAQ010000010.1"")"
"Aspergillus aff. floccosus IMV 01167 jcf7180000027623, whole genome shotgun sequence",1719,1719,83%,0.0,66.63,988538,"=HYPERLINK(""https://www.ncbi.nlm.nih.gov/nuccore/MSJE01000315"",""MSJE01000315.1"")"
"Aspergillus latus strain MM151978 NODE_13_length_703615_cov_27.7305_ID_6473188, whole genome shotgun sequence",856,1902,81%,0.0,67.03,703615,"=HYPERLINK(""https://www.ncbi.nlm.nih.gov/nuccore/VCRL01000017"",""VCRL01000017.1"")"
"Aspergillus latus strain NIH NODE_15_length_675899_cov_39.9057_ID_9225010, whole genome shotgun sequence",856,1902,81%,0.0,67.03,675899,"=HYPERLINK(""https://www.ncbi.nlm.nih.gov/nuccore/VCRK01000018"",""VCRK01000018.1"")"
"Aspergillus latus strain ASFU1710 NODE_312_length_62887_cov_30.4764_ID_162697, whole genome shotgun sequence",856,1694,81%,0.0,67.03,62887,"=HYPERLINK(""https://www.ncbi.nlm.nih.gov/nuccore/VCRJ01000312"",""VCRJ01000312.1"")"
"Aspergillus latus strain ASFU1908 NODE_2_length_351160_cov_40.1295_ID_160181, whole genome shotgun sequence",856,1902,81%,0.0,67.03,351160,"=HYPERLINK(""https://www.ncbi.nlm.nih.gov/nuccore/VCRI01000002"",""VCRI01000002.1"")"
"Aspergillus latus strain ASFU2033 NODE_23_length_399327_cov_21.038_ID_85350, whole genome shotgun sequence",856,1902,81%,0.0,67.03,399327,"=HYPERLINK(""https://www.ncbi.nlm.nih.gov/nuccore/VCRH01000023"",""VCRH01000023.1"")"
"Aspergillus spinulosporus strain 4060 NODE_85_length_63836_cov_22.3288_ID_30844, whole genome shotgun sequence",856,1690,81%,0.0,67.03,63836,"=HYPERLINK(""https://www.ncbi.nlm.nih.gov/nuccore/VCRF01000085"",""VCRF01000085.1"")"
"Aspergillus spinulosporus strain NRRL 2395 NODE_26_length_400749_cov_44.1572_ID_2200832, whole genome shotgun sequence",856,1898,81%,0.0,67.03,400749,"=HYPERLINK(""https://www.ncbi.nlm.nih.gov/nuccore/QPHH01000026"",""QPHH01000026.1"")"
"Aspergillus latus strain NRRL 200 NODE_208_length_62532_cov_52.5264_ID_8229804, whole genome shotgun sequence",854,1692,81%,0.0,67.05,62532,"=HYPERLINK(""https://www.ncbi.nlm.nih.gov/nuccore/VCRM01000210"",""VCRM01000210.1"")"
"Penicillium sp. S1316 strain R2504 ctg_141, whole genome shotgun sequence",755,1401,73%,0.0,64.99,27345,"=HYPERLINK(""https://www.ncbi.nlm.nih.gov/nucleotide/JAMAHF010000141.1?report=genbank&log$=nucltop&blast_rank=74&RID=5W10DNE6016"",""JAMAHF010000141.1"")"
"Aspergillus hancockii strain FRR 3425 scaffold_433, whole genome shotgun sequence",737,1889,78%,0.0,65.69,27726,"=HYPERLINK(""https://www.ncbi.nlm.nih.gov/nuccore/MBFL02000433"",""MBFL02000433.1"")"
"Aspergillus baeticus strain NRRL 62501 c00002_NODE_2_.., whole genome shotgun sequence",643,1469,70%,1e-180,66.80,1492632,"=HYPERLINK(""https://www.ncbi.nlm.nih.gov/nucleotide/JAPDEI010000002.1?report=genbank&log$=nucltop&blast_rank=76&RID=5W10DNE6016"",""JAPDEI010000002.1"")"
"Penicillium atrosanguineum strain IBT 20685 utg000005l_segment0_segment0, whole genome shotgun sequence",510,510,24%,2e-140,66.44,2287223,"=HYPERLINK(""https://www.ncbi.nlm.nih.gov/nucleotide/JAPZBN010000005.1?report=genbank&log$=nucltop&blast_rank=77&RID=5W10DNE6016"",""JAPZBN010000005.1"")"
"Penicillium atrosanguineum strain IBT 21472 utg000003l_segment0_segment0, whole genome shotgun sequence",506,506,24%,2e-139,66.39,2436057,"=HYPERLINK(""https://www.ncbi.nlm.nih.gov/nucleotide/JAPZBO010000003.1?report=genbank&log$=nucltop&blast_rank=78&RID=5W10DNE6016"",""JAPZBO010000003.1"")"
"Penicillium atrosanguineum strain IBT 34669 utg000007l:1.0-2482572.0:1.0-2483972.0, whole genome shotgun sequence",506,506,24%,2e-139,66.39,2483785,"=HYPERLINK(""https://www.ncbi.nlm.nih.gov/nucleotide/JAPQKK010000008.1?report=genbank&log$=nucltop&blast_rank=79&RID=5W10DNE6016"",""JAPQKK010000008.1"")"
"Penicillium atrosanguineum strain IBT 31632 utg000004l:1.0-2598460.0:1.0-2600116.0, whole genome shotgun sequence",503,503,24%,3e-138,66.35,2599942,"=HYPERLINK(""https://www.ncbi.nlm.nih.gov/nucleotide/JAPQKJ010000004.1?report=genbank&log$=nucltop&blast_rank=80&RID=5W10DNE6016"",""JAPQKJ010000004.1"")"
"Talaromyces albobiverticillius strain Tp-2 Contig4, whole genome shotgun sequence",453,1238,43%,5e-123,68.53,4594200,"=HYPERLINK(""https://www.ncbi.nlm.nih.gov/nucleotide/JAMBUR020000004.1?report=genbank&log$=nucltop&blast_rank=81&RID=5W10DNE6016"",""JAMBUR020000004.1"")"
"Trichocomaceae sp. PB3601 strain PB3603 ctg_6, whole genome shotgun sequence",426,966,35%,2e-115,67.89,1693313,"=HYPERLINK(""https://www.ncbi.nlm.nih.gov/nucleotide/JAMAFW010000006.1?report=genbank&log$=nucltop&blast_rank=82&RID=5W10DNE6016"",""JAMAFW010000006.1"")"
"Talaromyces sp. PL2406 strain B14P1 ctg_3, whole genome shotgun sequence",394,740,35%,1e-105,67.83,1962666,"=HYPERLINK(""https://www.ncbi.nlm.nih.gov/nucleotide/JAMAGL010000003.1?report=genbank&log$=nucltop&blast_rank=83&RID=5W10DNE6016"",""JAMAGL010000003.1"")"
"Aspergillus latus strain MM151978 NODE_104_length_191846_cov_31.2742_ID_6493891, whole genome shotgun sequence",365,795,29%,5e-97,68.20,191846,"=HYPERLINK(""https://www.ncbi.nlm.nih.gov/nuccore/VCRL01000115"",""VCRL01000115.1"")"
"Aspergillus latus strain MO46149 NODE_137_length_131506_cov_40.2628_ID_96109, whole genome shotgun sequence",365,795,29%,5e-97,68.20,131506,"=HYPERLINK(""https://www.ncbi.nlm.nih.gov/nuccore/VCRG01000137"",""VCRG01000137.1"")"
"Aspergillus spinulosporus strain 4060 NODE_66_length_131588_cov_17.5643_ID_19114, whole genome shotgun sequence",365,795,29%,5e-97,68.20,131588,"=HYPERLINK(""https://www.ncbi.nlm.nih.gov/nuccore/VCRF01000066"",""VCRF01000066.1"")"
"Aspergillus spinulosporus strain NRRL 2395 NODE_40_length_132492_cov_45.4044_ID_2203784, whole genome shotgun sequence",365,795,29%,5e-97,68.20,132492,"=HYPERLINK(""https://www.ncbi.nlm.nih.gov/nuccore/QPHH01000040"",""QPHH01000040.1"")"
"Aspergillus latus strain NRRL 200 NODE_132_length_134379_cov_50.5823_ID_8212738, whole genome shotgun sequence",361,789,29%,2e-95,68.11,134379,"=HYPERLINK(""https://www.ncbi.nlm.nih.gov/nuccore/VCRM01000134"",""VCRM01000134.1"")"
"Aspergillus latus strain NIH NODE_124_length_161722_cov_42.9953_ID_9251643, whole genome shotgun sequence",361,789,29%,2e-95,68.11,161722,"=HYPERLINK(""https://www.ncbi.nlm.nih.gov/nuccore/VCRK01000135"",""VCRK01000135.1"")"
"Aspergillus latus strain ASFU1710 NODE_150_length_131645_cov_31.5573_ID_239203, whole genome shotgun sequence",361,789,29%,2e-95,68.11,131645,"=HYPERLINK(""https://www.ncbi.nlm.nih.gov/nuccore/VCRJ01000150"",""VCRJ01000150.1"")"
"Aspergillus latus strain ASFU1908 NODE_42_length_164203_cov_42.2927_ID_418027, whole genome shotgun sequence",361,789,29%,2e-95,68.11,164203,"=HYPERLINK(""https://www.ncbi.nlm.nih.gov/nuccore/VCRI01000042"",""VCRI01000042.1"")"
"Aspergillus latus strain ASFU2033 NODE_209_length_93468_cov_21.7826_ID_103775, whole genome shotgun sequence",361,789,29%,2e-95,68.11,93468,"=HYPERLINK(""https://www.ncbi.nlm.nih.gov/nuccore/VCRH01000209"",""VCRH01000209.1"")"
"Talaromyces sp. F31 contig_37, whole genome shotgun sequence",355,749,40%,9e-94,66.69,1343656,"=HYPERLINK(""https://www.ncbi.nlm.nih.gov/nucleotide/JAYXSF010000030.1?report=genbank&log$=nucltop&blast_rank=93&RID=5W10DNE6016"",""JAYXSF010000030.1"")"
"Talaromyces sp. PG4302 strain PT3601 ctg_11, whole genome shotgun sequence",352,745,40%,3e-93,66.60,1370657,"=HYPERLINK(""https://www.ncbi.nlm.nih.gov/nucleotide/JAMAGT010000011.1?report=genbank&log$=nucltop&blast_rank=94&RID=5W10DNE6016"",""JAMAGT010000011.1"")"
"Talaromyces sp. PF30-1C strain PF30-5 ctg_12, whole genome shotgun sequence",352,745,40%,3e-93,66.60,1371235,"=HYPERLINK(""https://www.ncbi.nlm.nih.gov/nucleotide/JAMAGS010000012.1?report=genbank&log$=nucltop&blast_rank=95&RID=5W10DNE6016"",""JAMAGS010000012.1"")"
"Talaromyces sp. PF30-10 strain PF30-1C ctg_11, whole genome shotgun sequence",352,745,40%,3e-93,66.60,1371214,"=HYPERLINK(""https://www.ncbi.nlm.nih.gov/nucleotide/JAMAGQ010000011.1?report=genbank&log$=nucltop&blast_rank=96&RID=5W10DNE6016"",""JAMAGQ010000011.1"")"
"Talaromyces sp. PYS2902 strain PF30-1D ctg_13, whole genome shotgun sequence",352,745,40%,3e-93,66.60,1371301,"=HYPERLINK(""https://www.ncbi.nlm.nih.gov/nucleotide/JAMAGP010000013.1?report=genbank&log$=nucltop&blast_rank=97&RID=5W10DNE6016"",""JAMAGP010000013.1"")"
"Talaromyces sp. PX2802 strain PF30-10 ctg_12, whole genome shotgun sequence",352,745,40%,3e-93,66.60,1370691,"=HYPERLINK(""https://www.ncbi.nlm.nih.gov/nucleotide/JAMAGO010000012.1?report=genbank&log$=nucltop&blast_rank=98&RID=5W10DNE6016"",""JAMAGO010000012.1"")"
"Penicillium expansum strain R19 unitig3, whole genome shotgun sequence",343,693,38%,2e-90,66.61,5677783,"=HYPERLINK(""https://www.ncbi.nlm.nih.gov/nuccore/REGB01000006"",""REGB01000006.1"")"
"Penicillium expansum strain R21 contig127, whole genome shotgun sequence",343,692,35%,2e-90,66.61,135059,"=HYPERLINK(""https://www.ncbi.nlm.nih.gov/nuccore/MJGF02000127"",""MJGF02000127.1"")"
"Penicillium expansum strain MD-8 contig375, whole genome shotgun sequence",343,691,38%,2e-90,66.61,153251,"=HYPERLINK(""https://www.ncbi.nlm.nih.gov/nuccore/JQFZ01000269"",""JQFZ01000269.1"")"
"Penicillium expansum strain d1 contig140, whole genome shotgun sequence",343,691,38%,2e-90,66.61,149237,"=HYPERLINK(""https://www.ncbi.nlm.nih.gov/nuccore/JQFY01000042"",""JQFY01000042.1"")"
"Penicillium expansum strain CMP-1 contig908, whole genome shotgun sequence",343,691,38%,2e-90,66.61,48586,"=HYPERLINK(""https://www.ncbi.nlm.nih.gov/nuccore/JQFX01000839"",""JQFX01000839.1"")"
"Penicillium expansum strain R19 contig_239, whole genome shotgun sequence",343,691,38%,2e-90,66.61,141962,"=HYPERLINK(""https://www.ncbi.nlm.nih.gov/nuccore/JHUC01000239"",""JHUC01000239.1"")"
"Penicillium sp. DT28 Scaffold_5, whole genome shotgun sequence",343,731,31%,2e-90,67.38,3556235,"=HYPERLINK(""https://www.ncbi.nlm.nih.gov/nucleotide/JAZHLO010000005.1?report=genbank&log$=nucltop&blast_rank=105&RID=5W10DNE6016"",""JAZHLO010000005.1"")"
"Penicillium expansum isolate IBT34672 Scaffold18, whole genome shotgun sequence",343,691,38%,2e-90,66.61,699825,"=HYPERLINK(""https://www.ncbi.nlm.nih.gov/nucleotide/JAJPGR010000018.1?report=genbank&log$=nucltop&blast_rank=106&RID=5W10DNE6016"",""JAJPGR010000018.1"")"
"Penicillium expansum T01 contig350, whole genome shotgun sequence",343,686,38%,2e-90,66.61,535477,"=HYPERLINK(""https://www.ncbi.nlm.nih.gov/nuccore/AYHP01000350"",""AYHP01000350.1"")"
"Penicillium expansum NRRL 62431 Contig4491, whole genome shotgun sequence",343,691,38%,2e-90,66.61,23832,"=HYPERLINK(""https://www.ncbi.nlm.nih.gov/nuccore/ALJY01004352"",""ALJY01004352.1"")"
"Penicillium expansum strain PF2411 ctg_1, whole genome shotgun sequence",339,686,38%,7e-89,66.61,1409454,"=HYPERLINK(""https://www.ncbi.nlm.nih.gov/nucleotide/JAMACG010000001.1?report=genbank&log$=nucltop&blast_rank=109&RID=5W10DNE6016"",""JAMACG010000001.1"")"
"Penicillium expansum strain IBT 35385 utg000001l:1.0-5172144.0:1.0-5175861.0, whole genome shotgun sequence",333,674,38%,3e-87,66.48,5175690,"=HYPERLINK(""https://www.ncbi.nlm.nih.gov/nucleotide/JAPWDR010000001.1?report=genbank&log$=nucltop&blast_rank=110&RID=5W10DNE6016"",""JAPWDR010000001.1"")"
"Penicillium roqueforti strain DTO 039-G3 scaffold_02, whole genome shotgun sequence",326,638,33%,5e-85,65.88,2394787,"=HYPERLINK(""https://www.ncbi.nlm.nih.gov/nucleotide/JAKIKC010000004.1?report=genbank&log$=nucltop&blast_rank=111&RID=5W10DNE6016"",""JAKIKC010000004.1"")"
"Penicillium roqueforti strain DTO 046-C5 scaffold_003, whole genome shotgun sequence",326,638,33%,5e-85,65.88,1430600,"=HYPERLINK(""https://www.ncbi.nlm.nih.gov/nucleotide/JAKIKB010000003.1?report=genbank&log$=nucltop&blast_rank=112&RID=5W10DNE6016"",""JAKIKB010000003.1"")"
"Penicillium sp. VS AB III KN 1 VS-AB-III-KN-1_contig_48, whole genome shotgun sequence",325,659,44%,5e-85,65.65,1497336,"=HYPERLINK(""https://www.ncbi.nlm.nih.gov/nucleotide/JACWGC010000048.1?report=genbank&log$=nucltop&blast_rank=113&RID=5W10DNE6016"",""JACWGC010000048.1"")"
"Penicillium sp. VS AB III KN VS-AB-III-KN_contig_76, whole genome shotgun sequence",325,659,44%,5e-85,65.65,1037572,"=HYPERLINK(""https://www.ncbi.nlm.nih.gov/nucleotide/JACWGB010000076.1?report=genbank&log$=nucltop&blast_rank=114&RID=5W10DNE6016"",""JACWGB010000076.1"")"
"Penicillium flavigenum strain IBT 14082 PENFLA_contig008, whole genome shotgun sequence",324,746,35%,2e-84,67.36,893558,"=HYPERLINK(""https://www.ncbi.nlm.nih.gov/nuccore/MLQL01000008"",""MLQL01000008.1"")"
"Penicillium decumbens strain IBT 11843 PENDEC_contig004, whole genome shotgun sequence",324,653,44%,2e-84,65.70,1268061,"=HYPERLINK(""https://www.ncbi.nlm.nih.gov/nuccore/MDYL01000004"",""MDYL01000004.1"")"
"Penicillium roqueforti strain CBS 147317 scaffold_10, whole genome shotgun sequence",324,636,33%,2e-84,66.02,812679,"=HYPERLINK(""https://www.ncbi.nlm.nih.gov/nucleotide/JAKIKA010000012.1?report=genbank&log$=nucltop&blast_rank=117&RID=5W10DNE6016"",""JAKIKA010000012.1"")"
"Penicillium roqueforti strain CBS 147326 scaffold_007, whole genome shotgun sequence",324,636,33%,2e-84,66.02,950845,"=HYPERLINK(""https://www.ncbi.nlm.nih.gov/nucleotide/JAKIJY010000015.1?report=genbank&log$=nucltop&blast_rank=118&RID=5W10DNE6016"",""JAKIJY010000015.1"")"
"Penicillium roqueforti strain CBS 147330 scaffold_051, whole genome shotgun sequence",324,636,33%,2e-84,66.02,63864,"=HYPERLINK(""https://www.ncbi.nlm.nih.gov/nucleotide/JAKIJX010000053.1?report=genbank&log$=nucltop&blast_rank=119&RID=5W10DNE6016"",""JAKIJX010000053.1"")"
"Aspergillus funiculosus strain NRRL 4744 c00017_NODE_17.., whole genome shotgun sequence",324,722,46%,2e-84,65.66,541282,"=HYPERLINK(""https://www.ncbi.nlm.nih.gov/nucleotide/JAPDEN010000017.1?report=genbank&log$=nucltop&blast_rank=120&RID=5W10DNE6016"",""JAPDEN010000017.1"")"
"Aspergillus asperescens strain NRRL 4770 c00070_NODE_70.., whole genome shotgun sequence",322,769,32%,6e-84,66.22,144875,"=HYPERLINK(""https://www.ncbi.nlm.nih.gov/nucleotide/JAPDEH010000070.1?report=genbank&log$=nucltop&blast_rank=121&RID=5W10DNE6016"",""JAPDEH010000070.1"")"
"Penicillium roqueforti strain DTO 032-C6 scaffold_011, whole genome shotgun sequence",322,634,33%,6e-84,65.81,624379,"=HYPERLINK(""https://www.ncbi.nlm.nih.gov/nucleotide/JAKIKD010000011.1?report=genbank&log$=nucltop&blast_rank=122&RID=5W10DNE6016"",""JAKIKD010000011.1"")"
"Penicillium roqueforti strain CBS 147325 scaffold_016, whole genome shotgun sequence",322,634,33%,6e-84,65.81,626464,"=HYPERLINK(""https://www.ncbi.nlm.nih.gov/nucleotide/JAKIJZ010000017.1?report=genbank&log$=nucltop&blast_rank=123&RID=5W10DNE6016"",""JAKIJZ010000017.1"")"
"Talaromyces ruber strain FKI-L3-BK-DAB3 NODE_29_length_404115_cov_67.783112, whole genome shotgun sequence",318,717,36%,7e-83,66.59,404115,"=HYPERLINK(""https://www.ncbi.nlm.nih.gov/nucleotide/JAKLMW010000029.1?report=genbank&log$=nucltop&blast_rank=124&RID=5W10DNE6016"",""JAKLMW010000029.1"")"
"Penicillium decumbens strain FJII-L3-CM-PAB4 NODE_4_length_1098240_cov_63.538148, whole genome shotgun sequence",316,645,44%,2e-82,65.51,1098240,"=HYPERLINK(""https://www.ncbi.nlm.nih.gov/nucleotide/JAKLMS010000004.1?report=genbank&log$=nucltop&blast_rank=125&RID=5W10DNE6016"",""JAKLMS010000004.1"")"
"Penicillium rubens strain 43M1 scaffold_26, whole genome shotgun sequence",313,681,32%,3e-81,66.94,416957,"=HYPERLINK(""https://www.ncbi.nlm.nih.gov/nuccore/SWKS01000026"",""SWKS01000026.1"")"
"Penicillium sp. MA 6040 contig00021, whole genome shotgun sequence",313,681,32%,3e-81,66.94,260022,"=HYPERLINK(""https://www.ncbi.nlm.nih.gov/nuccore/QAGI01000021"",""QAGI01000021.1"")"
"Penicillium chrysogenum isolate HKF42 Scaffold_139, whole genome shotgun sequence",313,681,32%,3e-81,66.94,2363327,"=HYPERLINK(""https://www.ncbi.nlm.nih.gov/nuccore/MWKT01000139"",""MWKT01000139.1"")"
"Penicillium sp. HKF2 Scaffold_96, whole genome shotgun sequence",313,681,32%,3e-81,66.94,6510798,"=HYPERLINK(""https://www.ncbi.nlm.nih.gov/nuccore/MUXA01000094"",""MUXA01000094.1"")"
"Penicillium chrysogenum strain IB 08/921 Pc3_contig_45, whole genome shotgun sequence",313,681,32%,3e-81,66.94,175625,"=HYPERLINK(""https://www.ncbi.nlm.nih.gov/nuccore/JPDR01000045"",""JPDR01000045.1"")"
"Penicillium chrysogenum strain P2niaD18 chromosome I contig02, whole genome shotgun sequence",313,686,32%,3e-81,66.94,2686819,"=HYPERLINK(""https://www.ncbi.nlm.nih.gov/nuccore/JMSF01000002"",""JMSF01000002.1"")"
"Penicillium sp. PG115-01 ctg_688, whole genome shotgun sequence",313,681,32%,3e-81,66.94,417575,"=HYPERLINK(""https://www.ncbi.nlm.nih.gov/nucleotide/JAXQKS010000688.1?report=genbank&log$=nucltop&blast_rank=132&RID=5W10DNE6016"",""JAXQKS010000688.1"")"
"Penicillium rubens strain YAP1 contig_1, whole genome shotgun sequence",313,681,32%,3e-81,66.94,8911102,"=HYPERLINK(""https://www.ncbi.nlm.nih.gov/nucleotide/JAQSHQ010000021.1?report=genbank&log$=nucltop&blast_rank=133&RID=5W10DNE6016"",""JAQSHQ010000021.1"")"
"Penicillium rubens strain IBT 35670 utg000001l_segment0_segment0, whole genome shotgun sequence",313,681,32%,3e-81,66.94,9279145,"=HYPERLINK(""https://www.ncbi.nlm.nih.gov/nucleotide/JAQKAG010000001.1?report=genbank&log$=nucltop&blast_rank=134&RID=5W10DNE6016"",""JAQKAG010000001.1"")"
"Penicillium rubens strain IBT 27055 utg000002l_segment0_segment0, whole genome shotgun sequence",313,681,32%,3e-81,66.94,9858062,"=HYPERLINK(""https://www.ncbi.nlm.nih.gov/nucleotide/JAQKAF010000002.1?report=genbank&log$=nucltop&blast_rank=135&RID=5W10DNE6016"",""JAQKAF010000002.1"")"
"Penicillium rubens strain 212 scaffold1, whole genome shotgun sequence",313,681,32%,3e-81,66.94,9478687,"=HYPERLINK(""https://www.ncbi.nlm.nih.gov/nucleotide/JAPDLE020000001.1?report=genbank&log$=nucltop&blast_rank=136&RID=5W10DNE6016"",""JAPDLE020000001.1"")"
"Penicillium rubens strain S27 scaffold1, whole genome shotgun sequence",313,681,32%,3e-81,66.94,9488521,"=HYPERLINK(""https://www.ncbi.nlm.nih.gov/nucleotide/JAPDLD020000001.1?report=genbank&log$=nucltop&blast_rank=137&RID=5W10DNE6016"",""JAPDLD020000001.1"")"
"Penicillium chrysogenum strain NRRL 792 c00014_NODE_14.., whole genome shotgun sequence",313,686,32%,3e-81,66.94,648222,"=HYPERLINK(""https://www.ncbi.nlm.nih.gov/nucleotide/JAPDEX010000014.1?report=genbank&log$=nucltop&blast_rank=138&RID=5W10DNE6016"",""JAPDEX010000014.1"")"
"Penicillium chrysogenum strain CGMCC 3.15265 NODE_7_length_417233_cov_146.202855, whole genome shotgun sequence",313,681,32%,3e-81,66.94,417233,"=HYPERLINK(""https://www.ncbi.nlm.nih.gov/nucleotide/JANFQV010000007.1?report=genbank&log$=nucltop&blast_rank=139&RID=5W10DNE6016"",""JANFQV010000007.1"")"
"Penicillium chrysogenum strain Y3303 ctg_1, whole genome shotgun sequence",313,686,32%,3e-81,66.94,4148960,"=HYPERLINK(""https://www.ncbi.nlm.nih.gov/nucleotide/JAMFOS010000001.1?report=genbank&log$=nucltop&blast_rank=140&RID=5W10DNE6016"",""JAMFOS010000001.1"")"
"Penicillium chrysogenum strain PB20-04 ctg_2, whole genome shotgun sequence",313,686,32%,3e-81,66.94,1658617,"=HYPERLINK(""https://www.ncbi.nlm.nih.gov/nucleotide/JAMFOQ010000002.1?report=genbank&log$=nucltop&blast_rank=141&RID=5W10DNE6016"",""JAMFOQ010000002.1"")"
"Penicillium chrysogenum strain M20-02 ctg_23, whole genome shotgun sequence",313,686,32%,3e-81,66.94,717513,"=HYPERLINK(""https://www.ncbi.nlm.nih.gov/nucleotide/JAMAFJ010000023.1?report=genbank&log$=nucltop&blast_rank=142&RID=5W10DNE6016"",""JAMAFJ010000023.1"")"
"Penicillium chrysogenum strain S20-02 ctg_13, whole genome shotgun sequence",313,681,32%,3e-81,66.94,1215142,"=HYPERLINK(""https://www.ncbi.nlm.nih.gov/nucleotide/JAMAFI010000013.1?report=genbank&log$=nucltop&blast_rank=143&RID=5W10DNE6016"",""JAMAFI010000013.1"")"
"Penicillium chrysogenum strain F30-04 ctg_7, whole genome shotgun sequence",313,681,32%,3e-81,66.94,715997,"=HYPERLINK(""https://www.ncbi.nlm.nih.gov/nucleotide/JAMAFF010000007.1?report=genbank&log$=nucltop&blast_rank=144&RID=5W10DNE6016"",""JAMAFF010000007.1"")"
"Penicillium chrysogenum strain X20-07 ctg_1, whole genome shotgun sequence",313,686,32%,3e-81,66.94,2917674,"=HYPERLINK(""https://www.ncbi.nlm.nih.gov/nucleotide/JAMAFE010000001.1?report=genbank&log$=nucltop&blast_rank=145&RID=5W10DNE6016"",""JAMAFE010000001.1"")"
"Penicillium chrysogenum strain PG3507 ctg_8, whole genome shotgun sequence",313,686,32%,3e-81,66.94,727161,"=HYPERLINK(""https://www.ncbi.nlm.nih.gov/nucleotide/JAMAFD010000008.1?report=genbank&log$=nucltop&blast_rank=146&RID=5W10DNE6016"",""JAMAFD010000008.1"")"
"Penicillium chrysogenum strain PH2403 ctg_3, whole genome shotgun sequence",313,686,32%,3e-81,66.94,1181487,"=HYPERLINK(""https://www.ncbi.nlm.nih.gov/nucleotide/JAMAFC010000003.1?report=genbank&log$=nucltop&blast_rank=147&RID=5W10DNE6016"",""JAMAFC010000003.1"")"
"Penicillium chrysogenum strain R13B ctg_10, whole genome shotgun sequence",313,681,32%,3e-81,66.94,1060057,"=HYPERLINK(""https://www.ncbi.nlm.nih.gov/nucleotide/JAMAFB010000010.1?report=genbank&log$=nucltop&blast_rank=148&RID=5W10DNE6016"",""JAMAFB010000010.1"")"
"Penicillium chrysogenum strain PB2409 ctg_2, whole genome shotgun sequence",313,686,32%,3e-81,66.94,1182366,"=HYPERLINK(""https://www.ncbi.nlm.nih.gov/nucleotide/JAMAFA010000002.1?report=genbank&log$=nucltop&blast_rank=149&RID=5W10DNE6016"",""JAMAFA010000002.1"")"
"Penicillium chrysogenum strain S2406 ctg_23, whole genome shotgun sequence",313,686,32%,3e-81,66.94,404554,"=HYPERLINK(""https://www.ncbi.nlm.nih.gov/nucleotide/JAMAEZ010000023.1?report=genbank&log$=nucltop&blast_rank=150&RID=5W10DNE6016"",""JAMAEZ010000023.1"")"
"Penicillium chrysogenum strain R20-05 ctg_2, whole genome shotgun sequence",313,686,32%,3e-81,66.94,2895901,"=HYPERLINK(""https://www.ncbi.nlm.nih.gov/nucleotide/JAMAEY010000002.1?report=genbank&log$=nucltop&blast_rank=151&RID=5W10DNE6016"",""JAMAEY010000002.1"")"
"Penicillium chrysogenum strain Y1301 ctg_1, whole genome shotgun sequence",313,681,32%,3e-81,66.94,2643601,"=HYPERLINK(""https://www.ncbi.nlm.nih.gov/nucleotide/JAMAEW010000001.1?report=genbank&log$=nucltop&blast_rank=152&RID=5W10DNE6016"",""JAMAEW010000001.1"")"
"Penicillium chrysogenum strain S3406 ctg_2, whole genome shotgun sequence",313,681,32%,3e-81,66.94,971943,"=HYPERLINK(""https://www.ncbi.nlm.nih.gov/nucleotide/JAMAEV010000002.1?report=genbank&log$=nucltop&blast_rank=153&RID=5W10DNE6016"",""JAMAEV010000002.1"")"
"Penicillium chrysogenum strain PK3604 ctg_4, whole genome shotgun sequence",313,681,32%,3e-81,66.94,1189524,"=HYPERLINK(""https://www.ncbi.nlm.nih.gov/nucleotide/JAMAEU010000004.1?report=genbank&log$=nucltop&blast_rank=154&RID=5W10DNE6016"",""JAMAEU010000004.1"")"
"Penicillium chrysogenum strain M30-01 ctg_3, whole genome shotgun sequence",313,686,32%,3e-81,66.94,1719360,"=HYPERLINK(""https://www.ncbi.nlm.nih.gov/nucleotide/JAMAET010000003.1?report=genbank&log$=nucltop&blast_rank=155&RID=5W10DNE6016"",""JAMAET010000003.1"")"
"Penicillium chrysogenum strain PDH20-03 ctg_17, whole genome shotgun sequence",313,681,32%,3e-81,66.94,998218,"=HYPERLINK(""https://www.ncbi.nlm.nih.gov/nucleotide/JAMAES010000017.1?report=genbank&log$=nucltop&blast_rank=156&RID=5W10DNE6016"",""JAMAES010000017.1"")"
"Penicillium chrysogenum strain PDH20-04 ctg_10, whole genome shotgun sequence",313,681,32%,3e-81,66.94,1215244,"=HYPERLINK(""https://www.ncbi.nlm.nih.gov/nucleotide/JAMAER010000010.1?report=genbank&log$=nucltop&blast_rank=157&RID=5W10DNE6016"",""JAMAER010000010.1"")"
"Penicillium chrysogenum strain S1302 ctg_14, whole genome shotgun sequence",313,681,32%,3e-81,66.94,683727,"=HYPERLINK(""https://www.ncbi.nlm.nih.gov/nucleotide/JAMAEQ010000014.1?report=genbank&log$=nucltop&blast_rank=158&RID=5W10DNE6016"",""JAMAEQ010000014.1"")"
"Penicillium chrysogenum strain 2NP912A ctg_1, whole genome shotgun sequence",313,681,32%,3e-81,66.94,1675650,"=HYPERLINK(""https://www.ncbi.nlm.nih.gov/nucleotide/JAMAEP010000001.1?report=genbank&log$=nucltop&blast_rank=159&RID=5W10DNE6016"",""JAMAEP010000001.1"")"
"Penicillium chrysogenum strain S1301 ctg_2, whole genome shotgun sequence",313,681,32%,3e-81,66.94,1416878,"=HYPERLINK(""https://www.ncbi.nlm.nih.gov/nucleotide/JAMAEO010000002.1?report=genbank&log$=nucltop&blast_rank=160&RID=5W10DNE6016"",""JAMAEO010000002.1"")"
"Penicillium chrysogenum strain R3301 ctg_11, whole genome shotgun sequence",313,681,32%,3e-81,66.94,901906,"=HYPERLINK(""https://www.ncbi.nlm.nih.gov/nucleotide/JAMAEN010000011.1?report=genbank&log$=nucltop&blast_rank=161&RID=5W10DNE6016"",""JAMAEN010000011.1"")"
"Penicillium chrysogenum strain S2404 ctg_3, whole genome shotgun sequence",313,686,32%,3e-81,66.94,1722176,"=HYPERLINK(""https://www.ncbi.nlm.nih.gov/nucleotide/JAMAEM010000003.1?report=genbank&log$=nucltop&blast_rank=162&RID=5W10DNE6016"",""JAMAEM010000003.1"")"
"Penicillium chrysogenum strain S3404 ctg_13, whole genome shotgun sequence",313,681,32%,3e-81,66.94,1060026,"=HYPERLINK(""https://www.ncbi.nlm.nih.gov/nucleotide/JAMAEL010000013.1?report=genbank&log$=nucltop&blast_rank=163&RID=5W10DNE6016"",""JAMAEL010000013.1"")"
"Penicillium chrysogenum strain R20-04 ctg_11, whole genome shotgun sequence",313,686,32%,3e-81,66.94,1661403,"=HYPERLINK(""https://www.ncbi.nlm.nih.gov/nucleotide/JAMAEK010000011.1?report=genbank&log$=nucltop&blast_rank=164&RID=5W10DNE6016"",""JAMAEK010000011.1"")"
"Penicillium chrysogenum strain PF2508S ctg_1, whole genome shotgun sequence",313,681,32%,3e-81,66.94,2475577,"=HYPERLINK(""https://www.ncbi.nlm.nih.gov/nucleotide/JAMAEJ010000001.1?report=genbank&log$=nucltop&blast_rank=165&RID=5W10DNE6016"",""JAMAEJ010000001.1"")"
"Penicillium chrysogenum strain R1211B ctg_10, whole genome shotgun sequence",313,681,32%,3e-81,66.94,1059744,"=HYPERLINK(""https://www.ncbi.nlm.nih.gov/nucleotide/JAMAEI010000010.1?report=genbank&log$=nucltop&blast_rank=166&RID=5W10DNE6016"",""JAMAEI010000010.1"")"
"Penicillium chrysogenum strain M20-01 ctg_15, whole genome shotgun sequence",313,681,32%,3e-81,66.94,943938,"=HYPERLINK(""https://www.ncbi.nlm.nih.gov/nucleotide/JAMAEH010000015.1?report=genbank&log$=nucltop&blast_rank=167&RID=5W10DNE6016"",""JAMAEH010000015.1"")"
"Penicillium chrysogenum strain B3902 ctg_13, whole genome shotgun sequence",313,681,32%,3e-81,66.94,1425381,"=HYPERLINK(""https://www.ncbi.nlm.nih.gov/nucleotide/JAMAEG010000013.1?report=genbank&log$=nucltop&blast_rank=168&RID=5W10DNE6016"",""JAMAEG010000013.1"")"
"Penicillium chrysogenum strain PG4202 ctg_4, whole genome shotgun sequence",313,686,32%,3e-81,66.94,1267996,"=HYPERLINK(""https://www.ncbi.nlm.nih.gov/nucleotide/JAMAEE010000004.1?report=genbank&log$=nucltop&blast_rank=169&RID=5W10DNE6016"",""JAMAEE010000004.1"")"
"Penicillium chrysogenum strain PH4103 ctg_23, whole genome shotgun sequence",313,681,32%,3e-81,66.94,797364,"=HYPERLINK(""https://www.ncbi.nlm.nih.gov/nucleotide/JAMAED010000023.1?report=genbank&log$=nucltop&blast_rank=170&RID=5W10DNE6016"",""JAMAED010000023.1"")"
"Penicillium chrysogenum strain PB20-03 ctg_4, whole genome shotgun sequence",313,686,32%,3e-81,66.94,1668134,"=HYPERLINK(""https://www.ncbi.nlm.nih.gov/nucleotide/JAMAEC010000004.1?report=genbank&log$=nucltop&blast_rank=171&RID=5W10DNE6016"",""JAMAEC010000004.1"")"
"Penicillium chrysogenum strain B20-02 ctg_1, whole genome shotgun sequence",313,686,32%,3e-81,66.94,2893760,"=HYPERLINK(""https://www.ncbi.nlm.nih.gov/nucleotide/JAMAEB010000001.1?report=genbank&log$=nucltop&blast_rank=172&RID=5W10DNE6016"",""JAMAEB010000001.1"")"
"Penicillium chrysogenum strain PB3904 ctg_9, whole genome shotgun sequence",313,681,32%,3e-81,66.94,944964,"=HYPERLINK(""https://www.ncbi.nlm.nih.gov/nucleotide/JAMADZ010000009.1?report=genbank&log$=nucltop&blast_rank=173&RID=5W10DNE6016"",""JAMADZ010000009.1"")"
"Penicillium chrysogenum strain R2501 ctg_1, whole genome shotgun sequence",313,686,32%,3e-81,66.94,3148051,"=HYPERLINK(""https://www.ncbi.nlm.nih.gov/nucleotide/JAMADX010000001.1?report=genbank&log$=nucltop&blast_rank=174&RID=5W10DNE6016"",""JAMADX010000001.1"")"
"Penicillium chrysogenum strain R3104 ctg_9, whole genome shotgun sequence",313,686,32%,3e-81,66.94,946077,"=HYPERLINK(""https://www.ncbi.nlm.nih.gov/nucleotide/JAMACT010000009.1?report=genbank&log$=nucltop&blast_rank=175&RID=5W10DNE6016"",""JAMACT010000009.1"")"
"Penicillium chrysogenum strain P20-02 ctg_1, whole genome shotgun sequence",313,686,32%,3e-81,66.94,2917671,"=HYPERLINK(""https://www.ncbi.nlm.nih.gov/nucleotide/JAMACS010000001.1?report=genbank&log$=nucltop&blast_rank=176&RID=5W10DNE6016"",""JAMACS010000001.1"")"
"Penicillium chrysogenum strain R4101 ctg_1, whole genome shotgun sequence",313,681,32%,3e-81,66.94,3371161,"=HYPERLINK(""https://www.ncbi.nlm.nih.gov/nucleotide/JAMACR010000001.1?report=genbank&log$=nucltop&blast_rank=177&RID=5W10DNE6016"",""JAMACR010000001.1"")"
"Penicillium chrysogenum strain R1210 ctg_1, whole genome shotgun sequence",313,681,32%,3e-81,66.94,1974788,"=HYPERLINK(""https://www.ncbi.nlm.nih.gov/nucleotide/JAMACO010000001.1?report=genbank&log$=nucltop&blast_rank=178&RID=5W10DNE6016"",""JAMACO010000001.1"")"
"Penicillium chrysogenum strain R4403 ctg_1, whole genome shotgun sequence",313,681,32%,3e-81,66.94,3027508,"=HYPERLINK(""https://www.ncbi.nlm.nih.gov/nucleotide/JAMACN010000001.1?report=genbank&log$=nucltop&blast_rank=179&RID=5W10DNE6016"",""JAMACN010000001.1"")"
"Penicillium chrysogenum strain PF3401 ctg_4, whole genome shotgun sequence",313,686,32%,3e-81,66.94,1400046,"=HYPERLINK(""https://www.ncbi.nlm.nih.gov/nucleotide/JAMACM010000004.1?report=genbank&log$=nucltop&blast_rank=180&RID=5W10DNE6016"",""JAMACM010000004.1"")"
"Penicillium chrysogenum strain PB3102 ctg_2, whole genome shotgun sequence",313,686,32%,3e-81,66.94,2482427,"=HYPERLINK(""https://www.ncbi.nlm.nih.gov/nucleotide/JAMACL010000002.1?report=genbank&log$=nucltop&blast_rank=181&RID=5W10DNE6016"",""JAMACL010000002.1"")"
"Penicillium chrysogenum strain R20-08 ctg_2, whole genome shotgun sequence",313,686,32%,3e-81,66.94,2917828,"=HYPERLINK(""https://www.ncbi.nlm.nih.gov/nucleotide/JAMACK010000002.1?report=genbank&log$=nucltop&blast_rank=182&RID=5W10DNE6016"",""JAMACK010000002.1"")"
"Penicillium chrysogenum strain P30-11 ctg_8, whole genome shotgun sequence",313,681,32%,3e-81,66.94,1258669,"=HYPERLINK(""https://www.ncbi.nlm.nih.gov/nucleotide/JAMACI010000008.1?report=genbank&log$=nucltop&blast_rank=183&RID=5W10DNE6016"",""JAMACI010000008.1"")"
"Penicillium chrysogenum strain P20-04 ctg_1, whole genome shotgun sequence",313,681,32%,3e-81,66.94,1665001,"=HYPERLINK(""https://www.ncbi.nlm.nih.gov/nucleotide/JAMACH010000001.1?report=genbank&log$=nucltop&blast_rank=184&RID=5W10DNE6016"",""JAMACH010000001.1"")"
"Penicillium chrysogenum strain BIONCL16 scaffold-1008, whole genome shotgun sequence",313,686,32%,3e-81,66.94,160888,"=HYPERLINK(""https://www.ncbi.nlm.nih.gov/nucleotide/JAKRWH010001008.1?report=genbank&log$=nucltop&blast_rank=185&RID=5W10DNE6016"",""JAKRWH010001008.1"")"
"Penicillium cf. chrysogenum strain S/N-308-OC-R5 S/N-308-OC-R5_contig_30, whole genome shotgun sequence",313,681,32%,3e-81,66.94,1318235,"=HYPERLINK(""https://www.ncbi.nlm.nih.gov/nucleotide/JAILXA010000030.1?report=genbank&log$=nucltop&blast_rank=186&RID=5W10DNE6016"",""JAILXA010000030.1"")"
"Penicillium rubens strain F8_6S_6F NODE_18_length_718668_cov_60.505581, whole genome shotgun sequence",313,681,32%,3e-81,66.94,718668,"=HYPERLINK(""https://www.ncbi.nlm.nih.gov/nucleotide/JAHAPB010000018.1?report=genbank&log$=nucltop&blast_rank=187&RID=5W10DNE6016"",""JAHAPB010000018.1"")"
"Penicillium rubens strain F8_6S_7F NODE_21_length_523688_cov_54.505925, whole genome shotgun sequence",313,681,32%,3e-81,66.94,523688,"=HYPERLINK(""https://www.ncbi.nlm.nih.gov/nucleotide/JAHAPA010000021.1?report=genbank&log$=nucltop&blast_rank=188&RID=5W10DNE6016"",""JAHAPA010000021.1"")"
"Penicillium chrysogenum strain F3_2F5_F NODE_1_length_2672893_cov_50.040288, whole genome shotgun sequence",313,681,32%,3e-81,66.94,2672893,"=HYPERLINK(""https://www.ncbi.nlm.nih.gov/nucleotide/JADBGZ010000001.1?report=genbank&log$=nucltop&blast_rank=189&RID=5W10DNE6016"",""JADBGZ010000001.1"")"
"Penicillium chrysogenum strain F3_2F4_F NODE_22_length_421097_cov_75.674507, whole genome shotgun sequence",313,681,32%,3e-81,66.94,421097,"=HYPERLINK(""https://www.ncbi.nlm.nih.gov/nucleotide/JADBGY010000022.1?report=genbank&log$=nucltop&blast_rank=190&RID=5W10DNE6016"",""JADBGY010000022.1"")"
"Penicillium chrysogenum strain F3_2F3_F NODE_19_length_579954_cov_57.729212, whole genome shotgun sequence",313,681,32%,3e-81,66.94,579954,"=HYPERLINK(""https://www.ncbi.nlm.nih.gov/nucleotide/JADBGX010000019.1?report=genbank&log$=nucltop&blast_rank=191&RID=5W10DNE6016"",""JADBGX010000019.1"")"
"Penicillium chrysogenum strain IF4SG-B1 NODE_12_length_939642_cov_58.108942, whole genome shotgun sequence",313,681,32%,3e-81,66.94,939642,"=HYPERLINK(""https://www.ncbi.nlm.nih.gov/nucleotide/JADBGU010000012.1?report=genbank&log$=nucltop&blast_rank=192&RID=5W10DNE6016"",""JADBGU010000012.1"")"
"Penicillium chrysogenum strain IF2SG-B2 NODE_10_length_1059699_cov_69.938736, whole genome shotgun sequence",313,681,32%,3e-81,66.94,1059699,"=HYPERLINK(""https://www.ncbi.nlm.nih.gov/nucleotide/JADBGT010000010.1?report=genbank&log$=nucltop&blast_rank=193&RID=5W10DNE6016"",""JADBGT010000010.1"")"
"Penicillium chrysogenum strain IF1SG-B2 NODE_2_length_1991132_cov_53.522227, whole genome shotgun sequence",313,681,32%,3e-81,66.94,1991132,"=HYPERLINK(""https://www.ncbi.nlm.nih.gov/nucleotide/JADBGS010000002.1?report=genbank&log$=nucltop&blast_rank=194&RID=5W10DNE6016"",""JADBGS010000002.1"")"
"Penicillium cf. chrysogenum strain S/N-302-OC-P1 S_N-302-OC-P1_contig_98, whole genome shotgun sequence",313,681,32%,3e-81,66.94,333560,"=HYPERLINK(""https://www.ncbi.nlm.nih.gov/nucleotide/JACVQW010000098.1?report=genbank&log$=nucltop&blast_rank=195&RID=5W10DNE6016"",""JACVQW010000098.1"")"
"Penicillium cf. chrysogenum strain S/N-302-OC-R3 S_N-302-OC-R3_contig_94, whole genome shotgun sequence",313,681,32%,3e-81,66.94,253042,"=HYPERLINK(""https://www.ncbi.nlm.nih.gov/nucleotide/JACVQT010000094.1?report=genbank&log$=nucltop&blast_rank=196&RID=5W10DNE6016"",""JACVQT010000094.1"")"
"Penicillium cf. chrysogenum strain S/N-308-OC-P1 S_N-308-OC-P1_contig_41, whole genome shotgun sequence",313,681,32%,3e-81,66.94,1318993,"=HYPERLINK(""https://www.ncbi.nlm.nih.gov/nucleotide/JACVQR010000041.1?report=genbank&log$=nucltop&blast_rank=197&RID=5W10DNE6016"",""JACVQR010000041.1"")"
"Penicillium chrysogenum strain IIF4SW-F3 NODE_7_length_220608_cov_5.024641, whole genome shotgun sequence",313,681,32%,3e-81,66.94,220608,"=HYPERLINK(""https://www.ncbi.nlm.nih.gov/nucleotide/JACTVK010000007.1?report=genbank&log$=nucltop&blast_rank=198&RID=5W10DNE6016"",""JACTVK010000007.1"")"
"Penicillium chrysogenum strain IF1SW-F3 NODE_1_length_1981516_cov_43.571147, whole genome shotgun sequence",313,686,32%,3e-81,66.94,1981516,"=HYPERLINK(""https://www.ncbi.nlm.nih.gov/nucleotide/JACSPG010000001.1?report=genbank&log$=nucltop&blast_rank=199&RID=5W10DNE6016"",""JACSPG010000001.1"")"
"Penicillium chrysogenum strain IF2SW-F4 NODE_1_length_1716602_cov_31.068150, whole genome shotgun sequence",313,681,32%,3e-81,66.94,1716602,"=HYPERLINK(""https://www.ncbi.nlm.nih.gov/nucleotide/JACSPE010000001.1?report=genbank&log$=nucltop&blast_rank=200&RID=5W10DNE6016"",""JACSPE010000001.1"")"
"Penicillium chrysogenum strain IF2SW-F5 NODE_11_length_718663_cov_62.299339, whole genome shotgun sequence",313,681,32%,3e-81,66.94,718663,"=HYPERLINK(""https://www.ncbi.nlm.nih.gov/nucleotide/JACSPD010000011.1?report=genbank&log$=nucltop&blast_rank=201&RID=5W10DNE6016"",""JACSPD010000011.1"")"
"Penicillium chrysogenum strain IF3SW-F3 NODE_13_length_718544_cov_32.150693, whole genome shotgun sequence",313,686,32%,3e-81,66.94,718544,"=HYPERLINK(""https://www.ncbi.nlm.nih.gov/nucleotide/JACSPB010000013.1?report=genbank&log$=nucltop&blast_rank=202&RID=5W10DNE6016"",""JACSPB010000013.1"")"
"Penicillium chrysogenum strain IF4SW-F1 NODE_12_length_718768_cov_40.939496, whole genome shotgun sequence",313,681,32%,3e-81,66.94,718768,"=HYPERLINK(""https://www.ncbi.nlm.nih.gov/nucleotide/JACSPA010000012.1?report=genbank&log$=nucltop&blast_rank=203&RID=5W10DNE6016"",""JACSPA010000012.1"")"
"Penicillium chrysogenum strain IF7SW-F1 NODE_23_length_523654_cov_55.064203, whole genome shotgun sequence",313,681,32%,3e-81,66.94,523654,"=HYPERLINK(""https://www.ncbi.nlm.nih.gov/nucleotide/JACSOZ010000023.1?report=genbank&log$=nucltop&blast_rank=204&RID=5W10DNE6016"",""JACSOZ010000023.1"")"
"Penicillium dipodomyicola strain IF7SW-F3 NODE_2_length_1658992_cov_34.164183, whole genome shotgun sequence",313,681,32%,3e-81,66.94,1658992,"=HYPERLINK(""https://www.ncbi.nlm.nih.gov/nucleotide/JACSOY010000002.1?report=genbank&log$=nucltop&blast_rank=205&RID=5W10DNE6016"",""JACSOY010000002.1"")"
"Penicillium griseoroseum strain IF7SW-F5 NODE_17_length_580021_cov_37.623393, whole genome shotgun sequence",313,681,32%,3e-81,66.94,580021,"=HYPERLINK(""https://www.ncbi.nlm.nih.gov/nucleotide/JACSOW010000017.1?report=genbank&log$=nucltop&blast_rank=206&RID=5W10DNE6016"",""JACSOW010000017.1"")"
"Penicillium polonicum strain IIF1SW-F3 NODE_9_length_1262860_cov_54.125377, whole genome shotgun sequence",313,681,32%,3e-81,66.94,1262860,"=HYPERLINK(""https://www.ncbi.nlm.nih.gov/nucleotide/JACSOV010000009.1?report=genbank&log$=nucltop&blast_rank=207&RID=5W10DNE6016"",""JACSOV010000009.1"")"
"Penicillium chrysogenum strain IIF3SW-F2 NODE_5_length_1315757_cov_36.562162, whole genome shotgun sequence",313,681,32%,3e-81,66.94,1315757,"=HYPERLINK(""https://www.ncbi.nlm.nih.gov/nucleotide/JACSOU010000005.1?report=genbank&log$=nucltop&blast_rank=208&RID=5W10DNE6016"",""JACSOU010000005.1"")"
"Penicillium griseoroseum strain IIF4SW-F4 NODE_15_length_580019_cov_61.740338, whole genome shotgun sequence",313,681,32%,3e-81,66.94,580019,"=HYPERLINK(""https://www.ncbi.nlm.nih.gov/nucleotide/JACSOT010000015.1?report=genbank&log$=nucltop&blast_rank=209&RID=5W10DNE6016"",""JACSOT010000015.1"")"
"Penicillium chrysogenum strain IIF8SW-F4 NODE_12_length_718881_cov_56.336437, whole genome shotgun sequence",313,681,32%,3e-81,66.94,718881,"=HYPERLINK(""https://www.ncbi.nlm.nih.gov/nucleotide/JACSON010000012.1?report=genbank&log$=nucltop&blast_rank=210&RID=5W10DNE6016"",""JACSON010000012.1"")"
"MAG TPA_asm: uncultured Penicillium genome assembly, contig: ERZ1030296.297, whole genome shotgun sequence",313,681,32%,3e-81,66.94,53133,"=HYPERLINK(""https://www.ncbi.nlm.nih.gov/nucleotide/CALCGA010000365.1?report=genbank&log$=nucltop&blast_rank=211&RID=5W10DNE6016"",""CALCGA010000365.1"")"
"Penicillium rubens genome assembly, contig: PRUB00004, whole genome shotgun sequence",313,681,32%,3e-81,66.94,1825565,"=HYPERLINK(""https://www.ncbi.nlm.nih.gov/nucleotide/CACPRF010000004.1?report=genbank&log$=nucltop&blast_rank=212&RID=5W10DNE6016"",""CACPRF010000004.1"")"
"Penicillium chrysogenum KF-25 Contig_103_, whole genome shotgun sequence",313,681,32%,3e-81,66.94,218265,"=HYPERLINK(""https://www.ncbi.nlm.nih.gov/nuccore/AZRB01000103"",""AZRB01000103.1"")"
"Penicillium chrysogenum strain R3406 ctg_11, whole genome shotgun sequence",309,678,32%,4e-80,67.11,958725,"=HYPERLINK(""https://www.ncbi.nlm.nih.gov/nucleotide/JAMAFG010000011.1?report=genbank&log$=nucltop&blast_rank=214&RID=5W10DNE6016"",""JAMAFG010000011.1"")"
"Penicillium chrysogenum strain S40-01 ctg_5, whole genome shotgun sequence",309,678,32%,4e-80,67.11,1420553,"=HYPERLINK(""https://www.ncbi.nlm.nih.gov/nucleotide/JAMAEX010000005.1?report=genbank&log$=nucltop&blast_rank=215&RID=5W10DNE6016"",""JAMAEX010000005.1"")"
"Penicillium chrysogenum strain PA3101 ctg_3, whole genome shotgun sequence",309,678,32%,4e-80,67.11,1420538,"=HYPERLINK(""https://www.ncbi.nlm.nih.gov/nucleotide/JAMAEF010000003.1?report=genbank&log$=nucltop&blast_rank=216&RID=5W10DNE6016"",""JAMAEF010000003.1"")"
"Penicillium chrysogenum strain PB3103 ctg_3, whole genome shotgun sequence",309,678,32%,4e-80,67.11,1587895,"=HYPERLINK(""https://www.ncbi.nlm.nih.gov/nucleotide/JAMAEA010000003.1?report=genbank&log$=nucltop&blast_rank=217&RID=5W10DNE6016"",""JAMAEA010000003.1"")"
"Penicillium chrysogenum strain PYS3203 ctg_6, whole genome shotgun sequence",309,678,32%,4e-80,67.11,1400776,"=HYPERLINK(""https://www.ncbi.nlm.nih.gov/nucleotide/JAMADY010000006.1?report=genbank&log$=nucltop&blast_rank=218&RID=5W10DNE6016"",""JAMADY010000006.1"")"
"Penicillium chrysogenum strain Y40-02 ctg_7, whole genome shotgun sequence",309,678,32%,4e-80,67.11,1492140,"=HYPERLINK(""https://www.ncbi.nlm.nih.gov/nucleotide/JAMADW010000007.1?report=genbank&log$=nucltop&blast_rank=219&RID=5W10DNE6016"",""JAMADW010000007.1"")"
"Penicillium chrysogenum strain PM3404 ctg_1, whole genome shotgun sequence",309,678,32%,4e-80,67.11,2403263,"=HYPERLINK(""https://www.ncbi.nlm.nih.gov/nucleotide/JAMACQ010000001.1?report=genbank&log$=nucltop&blast_rank=220&RID=5W10DNE6016"",""JAMACQ010000001.1"")"
"Penicillium chrysogenum strain PL40-01 ctg_2, whole genome shotgun sequence",309,678,32%,4e-80,67.11,1674343,"=HYPERLINK(""https://www.ncbi.nlm.nih.gov/nucleotide/JAMACJ010000002.1?report=genbank&log$=nucltop&blast_rank=221&RID=5W10DNE6016"",""JAMACJ010000002.1"")"
"Penicillium chrysogenum NCPC10086 contig115, whole genome shotgun sequence",308,681,32%,1e-79,66.86,1181736,"=HYPERLINK(""https://www.ncbi.nlm.nih.gov/nuccore/APKG01000112"",""APKG01000112.1"")"
"Penicillium chrysogenum strain IBT 17219 utg000002l:1.0-7114583.0:1.0-7118552.0, whole genome shotgun sequence",306,667,33%,4e-79,66.86,7118214,"=HYPERLINK(""https://www.ncbi.nlm.nih.gov/nucleotide/JAQJZU010000002.1?report=genbank&log$=nucltop&blast_rank=223&RID=5W10DNE6016"",""JAQJZU010000002.1"")"
"Penicillium chrysogenum strain IBT 19737 utg000010l_segment0_segment0, whole genome shotgun sequence",306,672,33%,4e-79,66.86,5197689,"=HYPERLINK(""https://www.ncbi.nlm.nih.gov/nucleotide/JAPVED010000011.1?report=genbank&log$=nucltop&blast_rank=224&RID=5W10DNE6016"",""JAPVED010000011.1"")"
"Penicillium chrysogenum strain IBT 35668 utg000005l_segment0_segment0, whole genome shotgun sequence",306,667,33%,4e-79,66.86,9532297,"=HYPERLINK(""https://www.ncbi.nlm.nih.gov/nucleotide/JAPQKU010000005.1?report=genbank&log$=nucltop&blast_rank=225&RID=5W10DNE6016"",""JAPQKU010000005.1"")"
"Penicillium chrysogenum strain IBT 3361 utg000001l:1.0-7429765.0:1.0-7433908.0, whole genome shotgun sequence",302,662,33%,5e-78,66.78,7433656,"=HYPERLINK(""https://www.ncbi.nlm.nih.gov/nucleotide/JAPVEB010000001.1?report=genbank&log$=nucltop&blast_rank=226&RID=5W10DNE6016"",""JAPVEB010000001.1"")"
"Penicillium decumbens strain NRRL 741 c00022_NODE_22.., whole genome shotgun sequence",302,743,39%,5e-78,65.93,379672,"=HYPERLINK(""https://www.ncbi.nlm.nih.gov/nucleotide/JAPDEZ010000022.1?report=genbank&log$=nucltop&blast_rank=227&RID=5W10DNE6016"",""JAPDEZ010000022.1"")"
"Penicillium chrysogenum strain IIF2*SW-F2 NODE_44_length_174527_cov_48.519708, whole genome shotgun sequence",302,662,33%,5e-78,66.78,174527,"=HYPERLINK(""https://www.ncbi.nlm.nih.gov/nucleotide/JADBGW010000044.1?report=genbank&log$=nucltop&blast_rank=228&RID=5W10DNE6016"",""JADBGW010000044.1"")"
"Penicillium griseoroseum strain IF3SW-F1 NODE_44_length_174577_cov_46.364567, whole genome shotgun sequence",302,662,33%,5e-78,66.78,174577,"=HYPERLINK(""https://www.ncbi.nlm.nih.gov/nucleotide/JACSPC010000044.1?report=genbank&log$=nucltop&blast_rank=229&RID=5W10DNE6016"",""JACSPC010000044.1"")"
"Penicillium dipodomyicola strain IIF7SW-F2 NODE_28_length_415905_cov_58.284589, whole genome shotgun sequence",302,662,33%,5e-78,66.78,415905,"=HYPERLINK(""https://www.ncbi.nlm.nih.gov/nucleotide/JACSOR010000028.1?report=genbank&log$=nucltop&blast_rank=230&RID=5W10DNE6016"",""JACSOR010000028.1"")"
"Penicillium dipodomyicola strain IIF7SW-F4 NODE_7_length_922623_cov_54.462978, whole genome shotgun sequence",302,662,33%,5e-78,66.78,922623,"=HYPERLINK(""https://www.ncbi.nlm.nih.gov/nucleotide/JACSOQ010000007.1?report=genbank&log$=nucltop&blast_rank=231&RID=5W10DNE6016"",""JACSOQ010000007.1"")"
"Penicillium decumbens strain FKII-L3-CM-DRAB1 NODE_37_length_210331_cov_40.135141, whole genome shotgun sequence",298,744,40%,6e-77,65.90,210331,"=HYPERLINK(""https://www.ncbi.nlm.nih.gov/nucleotide/JAKLNH010000037.1?report=genbank&log$=nucltop&blast_rank=232&RID=5W10DNE6016"",""JAKLNH010000037.1"")"
"Penicillium sclerotigenum genome assembly, contig: 177, whole genome shotgun sequence",296,555,23%,8e-76,67.04,393014,"=HYPERLINK(""https://www.ncbi.nlm.nih.gov/nucleotide/CAKMRK010000177.1?report=genbank&log$=nucltop&blast_rank=233&RID=5W10DNE6016"",""CAKMRK010000177.1"")"
"Talaromyces amestolkiae strain Y5901 ctg_498, whole genome shotgun sequence",294,624,33%,3e-75,66.14,993451,"=HYPERLINK(""https://www.ncbi.nlm.nih.gov/nucleotide/JAXQKG010000486.1?report=genbank&log$=nucltop&blast_rank=234&RID=5W10DNE6016"",""JAXQKG010000486.1"")"
"Penicillium cf. viridicatum strain IBT 20477 utg000009l_segment0_segment0, whole genome shotgun sequence",293,735,35%,3e-75,66.94,2818959,"=HYPERLINK(""https://www.ncbi.nlm.nih.gov/nucleotide/JAPQKQ010000009.1?report=genbank&log$=nucltop&blast_rank=235&RID=5W10DNE6016"",""JAPQKQ010000009.1"")"
"Talaromyces amestolkiae strain CIB scaffold23.1, whole genome shotgun sequence",289,619,33%,3e-74,66.06,583685,"=HYPERLINK(""https://www.ncbi.nlm.nih.gov/nuccore/MIKG01000023"",""MIKG01000023.1"")"
"Talaromyces amestolkiae strain P7603 ctg_768, whole genome shotgun sequence",289,624,33%,3e-74,66.06,446040,"=HYPERLINK(""https://www.ncbi.nlm.nih.gov/nucleotide/JAXQHG010000704.1?report=genbank&log$=nucltop&blast_rank=237&RID=5W10DNE6016"",""JAXQHG010000704.1"")"
"Talaromyces amestolkiae strain G173 c00008_NODE_8_.., whole genome shotgun sequence",289,619,33%,3e-74,66.06,1418372,"=HYPERLINK(""https://www.ncbi.nlm.nih.gov/nucleotide/JAPDKY010000008.1?report=genbank&log$=nucltop&blast_rank=238&RID=5W10DNE6016"",""JAPDKY010000008.1"")"
"Talaromyces amestolkiae strain X1601 ctg_10, whole genome shotgun sequence",289,619,33%,3e-74,66.06,1388421,"=HYPERLINK(""https://www.ncbi.nlm.nih.gov/nucleotide/JAMADG010000010.1?report=genbank&log$=nucltop&blast_rank=239&RID=5W10DNE6016"",""JAMADG010000010.1"")"
"Penicillium mononematosum strain IBT 11891 utg000005l:1.0-9366267.0:1.0-9372171.0, whole genome shotgun sequence",284,779,33%,1e-72,66.75,9371820,"=HYPERLINK(""https://www.ncbi.nlm.nih.gov/nucleotide/JAQJZX010000005.1?report=genbank&log$=nucltop&blast_rank=240&RID=5W10DNE6016"",""JAQJZX010000005.1"")"
"Penicillium bovifimosum strain IBT 22155 utg000002l_segment0_segment0, whole genome shotgun sequence",276,708,39%,7e-70,65.34,4904824,"=HYPERLINK(""https://www.ncbi.nlm.nih.gov/nucleotide/JAPQKL010000002.1?report=genbank&log$=nucltop&blast_rank=241&RID=5W10DNE6016"",""JAPQKL010000002.1"")"
"Aspergillus felis isolate CNM-CM7691 NODE_111_length_107208_cov_25.709542_pilon, whole genome shotgun sequence",262,622,35%,5e-66,65.77,107208,"=HYPERLINK(""https://www.ncbi.nlm.nih.gov/nucleotide/JACBAG010001817.1?report=genbank&log$=nucltop&blast_rank=242&RID=5W10DNE6016"",""JACBAG010001817.1"")"
"Aspergillus felis isolate CNM-CM5623 NODE_264_length_35854_cov_15.615860_pilon, whole genome shotgun sequence",262,630,35%,5e-66,65.77,35854,"=HYPERLINK(""https://www.ncbi.nlm.nih.gov/nucleotide/JACBAE010001142.1?report=genbank&log$=nucltop&blast_rank=243&RID=5W10DNE6016"",""JACBAE010001142.1"")"
"Penicillium paradoxum strain IBT 22861 utg000003l_segment0_segment0, whole genome shotgun sequence",260,688,36%,2e-65,65.01,5331884,"=HYPERLINK(""https://www.ncbi.nlm.nih.gov/nucleotide/JAQJAS010000003.1?report=genbank&log$=nucltop&blast_rank=244&RID=5W10DNE6016"",""JAQJAS010000003.1"")"
"Penicillium verrucosum strain BFE808 Contig863, whole genome shotgun sequence",239,514,30%,5e-59,66.02,31183,"=HYPERLINK(""https://www.ncbi.nlm.nih.gov/nuccore/LAKW02000854"",""LAKW02000854.1"")"
"Penicillium thymicola strain DAOM 180753 scaffold_94, whole genome shotgun sequence",232,496,30%,8e-57,66.12,75797,"=HYPERLINK(""https://www.ncbi.nlm.nih.gov/nuccore/LACB01000094"",""LACB01000094.1"")"
"Aspergillus ochraceoroseus IBT 24754 P175scaffold_5, whole genome shotgun sequence",216,461,15%,6e-52,71.89,2452524,"=HYPERLINK(""https://www.ncbi.nlm.nih.gov/nuccore/MSFN02000005"",""MSFN02000005.1"")"
"Aspergillus rambellii strain SRRC1468 contig00102, whole genome shotgun sequence",216,461,15%,6e-52,71.89,58279,"=HYPERLINK(""https://www.ncbi.nlm.nih.gov/nuccore/JZBS01002061"",""JZBS01002061.1"")"
"Aspergillus ochraceoroseus strain SRRC1432 contig00009, whole genome shotgun sequence",216,461,15%,6e-52,71.89,76765,"=HYPERLINK(""https://www.ncbi.nlm.nih.gov/nuccore/JYKN01000322"",""JYKN01000322.1"")"
"Penicillium bialowiezense strain A30 scaffold2_size6723373, whole genome shotgun sequence",204,389,25%,4e-48,64.80,6723373,"=HYPERLINK(""https://www.ncbi.nlm.nih.gov/nucleotide/JAKZFB010000002.1?report=genbank&log$=nucltop&blast_rank=250&RID=5W10DNE6016"",""JAKZFB010000002.1"")"



		


