Description,Max Score,Total Score,Query Cover,E value,Per. ident,Acc. Len,Accession  
"Penicillium brevicompactum strain FJII-L9-SW-P1 NODE_2_length_753946_cov_59.395447, whole genome shotgun sequence",2516,2516,100%,0.0,99.79,753946,"=HYPERLINK(""https://www.ncbi.nlm.nih.gov/nucleotide/JAKLMP010000002.1?report=genbank&log$=nucltop&blast_rank=1&RID=5W10YH7G013"",""JAKLMP010000002.1"")"
"Penicillium brevicompactum strain HOCR17 scaffold7, whole genome shotgun sequence",2438,2438,100%,0.0,98.51,3001875,"=HYPERLINK(""https://www.ncbi.nlm.nih.gov/nucleotide/JAHQJA010000005.1?report=genbank&log$=nucltop&blast_rank=2&RID=5W10YH7G013"",""JAHQJA010000005.1"")"
"Penicillium brevicompactum strain IBT 35675 utg000003l_segment0_segment0, whole genome shotgun sequence",2420,2420,100%,0.0,98.22,3142977,"=HYPERLINK(""https://www.ncbi.nlm.nih.gov/nucleotide/JAPZBR010000003.1?report=genbank&log$=nucltop&blast_rank=3&RID=5W10YH7G013"",""JAPZBR010000003.1"")"
"Penicillium brevicompactum strain IBT 35665 utg000003l_segment0_segment0, whole genome shotgun sequence",2299,2299,100%,0.0,96.36,5084571,"=HYPERLINK(""https://www.ncbi.nlm.nih.gov/nucleotide/JAPZBP010000004.1?report=genbank&log$=nucltop&blast_rank=4&RID=5W10YH7G013"",""JAPZBP010000004.1"")"
"Penicillium brevicompactum strain IBT 35673 utg000004l_segment0_segment0, whole genome shotgun sequence",2291,2291,99%,0.0,96.29,3085254,"=HYPERLINK(""https://www.ncbi.nlm.nih.gov/nucleotide/JAPZBQ010000004.1?report=genbank&log$=nucltop&blast_rank=5&RID=5W10YH7G013"",""JAPZBQ010000004.1"")"
"Penicillium sp. CF01 CF01_005.1, whole genome shotgun sequence",2289,2289,99%,0.0,96.29,3001461,"=HYPERLINK(""https://www.ncbi.nlm.nih.gov/nuccore/RFFF02000036"",""RFFF02000036.1"")"
"Penicillium sp. MA 6036 contig00163, whole genome shotgun sequence",1283,1283,99%,0.0,79.86,47640,"=HYPERLINK(""https://www.ncbi.nlm.nih.gov/nuccore/QAGG01000163"",""QAGG01000163.1"")"
"Penicillium bialowiezense strain A30 scaffold4_size3956477, whole genome shotgun sequence",1246,1246,99%,0.0,79.56,3956477,"=HYPERLINK(""https://www.ncbi.nlm.nih.gov/nucleotide/JAKZFB010000004.1?report=genbank&log$=nucltop&blast_rank=8&RID=5W10YH7G013"",""JAKZFB010000004.1"")"
"Penicillium sp. E22 NODE_254_length_44953_cov_8.620399, whole genome shotgun sequence",794,794,99%,0.0,72.86,44953,"=HYPERLINK(""https://www.ncbi.nlm.nih.gov/nucleotide/JASJUN010000254.1?report=genbank&log$=nucltop&blast_rank=9&RID=5W10YH7G013"",""JASJUN010000254.1"")"
"Penicillium samsonianum strain IBT 33392 utg000001l_segment0_segment0, whole genome shotgun sequence",794,794,99%,0.0,72.86,4827859,"=HYPERLINK(""https://www.ncbi.nlm.nih.gov/nucleotide/JAQJZT010000001.1?report=genbank&log$=nucltop&blast_rank=10&RID=5W10YH7G013"",""JAQJZT010000001.1"")"
"Penicillium egyptiacum genome assembly, contig: scaffold20, whole genome shotgun sequence",766,766,99%,0.0,72.60,2082417,"=HYPERLINK(""https://www.ncbi.nlm.nih.gov/nucleotide/CAJVRC010000839.1?report=genbank&log$=nucltop&blast_rank=11&RID=5W10YH7G013"",""CAJVRC010000839.1"")"
"Penicillium roqueforti strain CBS 147326 scaffold_017, whole genome shotgun sequence",750,750,98%,0.0,72.17,612442,"=HYPERLINK(""https://www.ncbi.nlm.nih.gov/nucleotide/JAKIJY010000025.1?report=genbank&log$=nucltop&blast_rank=12&RID=5W10YH7G013"",""JAKIJY010000025.1"")"
"Penicillium roqueforti strain CECT 2905 contig1497, whole genome shotgun sequence",741,741,98%,0.0,72.03,109702,"=HYPERLINK(""https://www.ncbi.nlm.nih.gov/nuccore/MSQC01000827"",""MSQC01000827.1"")"
"Penicillium roqueforti strain UASWS P1 Contig354, whole genome shotgun sequence",741,741,98%,0.0,72.03,122045,"=HYPERLINK(""https://www.ncbi.nlm.nih.gov/nuccore/JNNS01000353"",""JNNS01000353.1"")"
"Penicillium roqueforti strain DTO 002-I6 scaffold_010, whole genome shotgun sequence",741,741,98%,0.0,72.03,693789,"=HYPERLINK(""https://www.ncbi.nlm.nih.gov/nucleotide/JAKIKO010000015.1?report=genbank&log$=nucltop&blast_rank=15&RID=5W10YH7G013"",""JAKIKO010000015.1"")"
"Penicillium roqueforti strain DTO 006-G7 scaffold_020, whole genome shotgun sequence",741,741,98%,0.0,72.10,446814,"=HYPERLINK(""https://www.ncbi.nlm.nih.gov/nucleotide/JAKIKL010000021.1?report=genbank&log$=nucltop&blast_rank=16&RID=5W10YH7G013"",""JAKIKL010000021.1"")"
"Penicillium roqueforti strain CBS 147309 scaffold_07, whole genome shotgun sequence",741,741,98%,0.0,72.10,866875,"=HYPERLINK(""https://www.ncbi.nlm.nih.gov/nucleotide/JAKIKK010000008.1?report=genbank&log$=nucltop&blast_rank=17&RID=5W10YH7G013"",""JAKIKK010000008.1"")"
"Penicillium roqueforti strain CBS 147310 scaffold_07, whole genome shotgun sequence",741,741,98%,0.0,72.03,1083921,"=HYPERLINK(""https://www.ncbi.nlm.nih.gov/nucleotide/JAKIKJ010000009.1?report=genbank&log$=nucltop&blast_rank=18&RID=5W10YH7G013"",""JAKIKJ010000009.1"")"
"Penicillium roqueforti strain DTO 012-A9 scaffold_059, whole genome shotgun sequence",741,741,98%,0.0,72.03,150652,"=HYPERLINK(""https://www.ncbi.nlm.nih.gov/nucleotide/JAKIKH010000063.1?report=genbank&log$=nucltop&blast_rank=19&RID=5W10YH7G013"",""JAKIKH010000063.1"")"
"Penicillium roqueforti strain DTO 013-E5 scaffold_006, whole genome shotgun sequence",741,741,98%,0.0,72.03,989844,"=HYPERLINK(""https://www.ncbi.nlm.nih.gov/nucleotide/JAKIKG010000007.1?report=genbank&log$=nucltop&blast_rank=20&RID=5W10YH7G013"",""JAKIKG010000007.1"")"
"Penicillium roqueforti strain CBS 147311 scaffold_014, whole genome shotgun sequence",741,741,98%,0.0,72.03,518095,"=HYPERLINK(""https://www.ncbi.nlm.nih.gov/nucleotide/JAKIKF010000019.1?report=genbank&log$=nucltop&blast_rank=21&RID=5W10YH7G013"",""JAKIKF010000019.1"")"
"Penicillium roqueforti strain DTO 027-I6 scaffold_001, whole genome shotgun sequence",741,741,98%,0.0,72.03,2574289,"=HYPERLINK(""https://www.ncbi.nlm.nih.gov/nucleotide/JAKIKE010000002.1?report=genbank&log$=nucltop&blast_rank=22&RID=5W10YH7G013"",""JAKIKE010000002.1"")"
"Penicillium roqueforti strain DTO 032-C6 scaffold_057, whole genome shotgun sequence",741,741,98%,0.0,72.03,107530,"=HYPERLINK(""https://www.ncbi.nlm.nih.gov/nucleotide/JAKIKD010000057.1?report=genbank&log$=nucltop&blast_rank=23&RID=5W10YH7G013"",""JAKIKD010000057.1"")"
"Penicillium roqueforti strain DTO 039-G3 scaffold_10, whole genome shotgun sequence",741,741,98%,0.0,72.03,1081760,"=HYPERLINK(""https://www.ncbi.nlm.nih.gov/nucleotide/JAKIKC010000012.1?report=genbank&log$=nucltop&blast_rank=24&RID=5W10YH7G013"",""JAKIKC010000012.1"")"
"Penicillium roqueforti strain DTO 046-C5 scaffold_014, whole genome shotgun sequence",741,741,98%,0.0,72.03,732117,"=HYPERLINK(""https://www.ncbi.nlm.nih.gov/nucleotide/JAKIKB010000014.1?report=genbank&log$=nucltop&blast_rank=25&RID=5W10YH7G013"",""JAKIKB010000014.1"")"
"Penicillium roqueforti strain CBS 147317 scaffold_05, whole genome shotgun sequence",741,741,98%,0.0,72.03,1463688,"=HYPERLINK(""https://www.ncbi.nlm.nih.gov/nucleotide/JAKIKA010000007.1?report=genbank&log$=nucltop&blast_rank=26&RID=5W10YH7G013"",""JAKIKA010000007.1"")"
"Penicillium roqueforti strain CBS 147330 scaffold_005, whole genome shotgun sequence",741,741,98%,0.0,72.03,1057053,"=HYPERLINK(""https://www.ncbi.nlm.nih.gov/nucleotide/JAKIJX010000007.1?report=genbank&log$=nucltop&blast_rank=27&RID=5W10YH7G013"",""JAKIJX010000007.1"")"
"Penicillium roqueforti strain CBS 147333 scaffold_038, whole genome shotgun sequence",741,741,98%,0.0,72.03,251240,"=HYPERLINK(""https://www.ncbi.nlm.nih.gov/nucleotide/JAKIJV010000044.1?report=genbank&log$=nucltop&blast_rank=28&RID=5W10YH7G013"",""JAKIJV010000044.1"")"
"Penicillium roqueforti strain CBS 147338 scaffold_023, whole genome shotgun sequence",741,741,98%,0.0,72.03,353999,"=HYPERLINK(""https://www.ncbi.nlm.nih.gov/nucleotide/JAKIJU010000021.1?report=genbank&log$=nucltop&blast_rank=29&RID=5W10YH7G013"",""JAKIJU010000021.1"")"
"Penicillium roqueforti strain CBS 147339 scaffold_004, whole genome shotgun sequence",741,741,98%,0.0,72.03,1267634,"=HYPERLINK(""https://www.ncbi.nlm.nih.gov/nucleotide/JAKIJT010000005.1?report=genbank&log$=nucltop&blast_rank=30&RID=5W10YH7G013"",""JAKIJT010000005.1"")"
"Penicillium roqueforti strain CBS 147337 scaffold_017, whole genome shotgun sequence",741,741,98%,0.0,72.10,589670,"=HYPERLINK(""https://www.ncbi.nlm.nih.gov/nucleotide/JAKIJR010000017.1?report=genbank&log$=nucltop&blast_rank=31&RID=5W10YH7G013"",""JAKIJR010000017.1"")"
"Penicillium roqueforti strain DTO 006-G1 scaffold_004, whole genome shotgun sequence",741,741,98%,0.0,72.10,1190712,"=HYPERLINK(""https://www.ncbi.nlm.nih.gov/nucleotide/JAIWKP010000005.1?report=genbank&log$=nucltop&blast_rank=32&RID=5W10YH7G013"",""JAIWKP010000005.1"")"
"Penicillium roqueforti strain DTO 012-A1 scaffold_019, whole genome shotgun sequence",741,741,98%,0.0,72.03,507779,"=HYPERLINK(""https://www.ncbi.nlm.nih.gov/nucleotide/JAIWKO010000020.1?report=genbank&log$=nucltop&blast_rank=33&RID=5W10YH7G013"",""JAIWKO010000020.1"")"
"Penicillium roqueforti strain DTO 012-A8 scaffold_0065, whole genome shotgun sequence",741,741,98%,0.0,72.03,106896,"=HYPERLINK(""https://www.ncbi.nlm.nih.gov/nucleotide/JAIWKN010000066.1?report=genbank&log$=nucltop&blast_rank=34&RID=5W10YH7G013"",""JAIWKN010000066.1"")"
"Penicillium roqueforti strain DTO 013-F2 scaffold_027, whole genome shotgun sequence",741,741,98%,0.0,72.03,320526,"=HYPERLINK(""https://www.ncbi.nlm.nih.gov/nucleotide/JAIWKM010000029.1?report=genbank&log$=nucltop&blast_rank=35&RID=5W10YH7G013"",""JAIWKM010000029.1"")"
"Penicillium roqueforti strain CBS 147318 scaffold_06, whole genome shotgun sequence",741,741,98%,0.0,72.03,1251976,"=HYPERLINK(""https://www.ncbi.nlm.nih.gov/nucleotide/JAIWKL010000007.1?report=genbank&log$=nucltop&blast_rank=36&RID=5W10YH7G013"",""JAIWKL010000007.1"")"
"Penicillium roqueforti strain CBS 147372 scaffold_07, whole genome shotgun sequence",741,741,98%,0.0,72.10,1053536,"=HYPERLINK(""https://www.ncbi.nlm.nih.gov/nucleotide/JAIWKJ010000008.1?report=genbank&log$=nucltop&blast_rank=37&RID=5W10YH7G013"",""JAIWKJ010000008.1"")"
"Penicillium roqueforti strain CBS 147354 scaffold_009, whole genome shotgun sequence",741,741,98%,0.0,72.03,704020,"=HYPERLINK(""https://www.ncbi.nlm.nih.gov/nucleotide/JAIWKI010000010.1?report=genbank&log$=nucltop&blast_rank=38&RID=5W10YH7G013"",""JAIWKI010000010.1"")"
"Penicillium roqueforti strain LCP 96.3914a scaffold_010, whole genome shotgun sequence",741,741,98%,0.0,72.03,755013,"=HYPERLINK(""https://www.ncbi.nlm.nih.gov/nucleotide/JAIWKG010000011.1?report=genbank&log$=nucltop&blast_rank=39&RID=5W10YH7G013"",""JAIWKG010000011.1"")"
"Penicillium roqueforti strain LCP96 04111 scaffold_06, whole genome shotgun sequence",741,741,98%,0.0,72.03,863429,"=HYPERLINK(""https://www.ncbi.nlm.nih.gov/nucleotide/JABCSE010000007.1?report=genbank&log$=nucltop&blast_rank=40&RID=5W10YH7G013"",""JABCSE010000007.1"")"
"Penicillium roqueforti FM164 WGS project CBMR00000000 data, strain FM164, contig ProqFM164S05-21, whole genome shotgun sequence",741,741,98%,0.0,72.03,246380,"=HYPERLINK(""https://www.ncbi.nlm.nih.gov/nuccore/CBMR010000309"",""CBMR010000309.1"")"
"Penicillium roqueforti DNA, scaffold: scaffold_1, strain: JCM 22842, whole genome shotgun sequence",741,741,98%,0.0,72.03,5360957,"=HYPERLINK(""https://www.ncbi.nlm.nih.gov/nuccore/BCID01000002"",""BCID01000002.1"")"
"Penicillium roqueforti strain DTO 003-C3 scaffold_005, whole genome shotgun sequence",737,737,98%,0.0,71.96,906458,"=HYPERLINK(""https://www.ncbi.nlm.nih.gov/nucleotide/JAKIKN010000011.1?report=genbank&log$=nucltop&blast_rank=43&RID=5W10YH7G013"",""JAKIKN010000011.1"")"
"Penicillium roqueforti strain CBS 147308 scaffold_005, whole genome shotgun sequence",737,737,98%,0.0,71.96,900086,"=HYPERLINK(""https://www.ncbi.nlm.nih.gov/nucleotide/JAKIKM010000010.1?report=genbank&log$=nucltop&blast_rank=44&RID=5W10YH7G013"",""JAKIKM010000010.1"")"
"Penicillium roqueforti strain CBS 147325 scaffold_024, whole genome shotgun sequence",737,737,98%,0.0,71.96,406032,"=HYPERLINK(""https://www.ncbi.nlm.nih.gov/nucleotide/JAKIJZ010000025.1?report=genbank&log$=nucltop&blast_rank=45&RID=5W10YH7G013"",""JAKIJZ010000025.1"")"
"Penicillium psychrosexuale strain IBT 29551 utg000006l, whole genome shotgun sequence",732,732,99%,0.0,71.78,1698116,"=HYPERLINK(""https://www.ncbi.nlm.nih.gov/nucleotide/JAQJAT010000006.1?report=genbank&log$=nucltop&blast_rank=46&RID=5W10YH7G013"",""JAQJAT010000006.1"")"
"Penicillium roqueforti strain DTO 012-A7 scaffold_12, whole genome shotgun sequence",732,732,98%,0.0,71.89,855963,"=HYPERLINK(""https://www.ncbi.nlm.nih.gov/nucleotide/JAKIKI010000013.1?report=genbank&log$=nucltop&blast_rank=47&RID=5W10YH7G013"",""JAKIKI010000013.1"")"
"Penicillium roqueforti strain CBS 147331 scaffold_10, whole genome shotgun sequence",732,732,98%,0.0,71.89,992589,"=HYPERLINK(""https://www.ncbi.nlm.nih.gov/nucleotide/JAKIJW010000011.1?report=genbank&log$=nucltop&blast_rank=48&RID=5W10YH7G013"",""JAKIJW010000011.1"")"
"Penicillium roqueforti strain CBS 147332 scaffold_03, whole genome shotgun sequence",732,732,98%,0.0,71.89,2261135,"=HYPERLINK(""https://www.ncbi.nlm.nih.gov/nucleotide/JAIWKK010000004.1?report=genbank&log$=nucltop&blast_rank=49&RID=5W10YH7G013"",""JAIWKK010000004.1"")"
"Penicillium roqueforti strain CBS 147355 scaffold_06, whole genome shotgun sequence",728,728,98%,0.0,71.82,1471781,"=HYPERLINK(""https://www.ncbi.nlm.nih.gov/nucleotide/JAIWKH010000007.1?report=genbank&log$=nucltop&blast_rank=50&RID=5W10YH7G013"",""JAIWKH010000007.1"")"
"Aspergillus pseudoglaucus strain E42 NODE_2_length_1390792_cov_35.526446, whole genome shotgun sequence",696,696,94%,0.0,71.88,1390792,"=HYPERLINK(""https://www.ncbi.nlm.nih.gov/nucleotide/JBDODC010000002.1?report=genbank&log$=nucltop&blast_rank=51&RID=5W10YH7G013"",""JBDODC010000002.1"")"
"Aspergillus pseudoglaucus strain FJII-L3-SW-P1 NODE_19_length_251015_cov_19.786473, whole genome shotgun sequence",696,696,94%,0.0,71.88,251015,"=HYPERLINK(""https://www.ncbi.nlm.nih.gov/nucleotide/JAKLMM010000019.1?report=genbank&log$=nucltop&blast_rank=52&RID=5W10YH7G013"",""JAKLMM010000019.1"")"
"Penicillium carneum LCP05634 WGS project CBXS000000000 data, contig PcarLCP05634S0317-1, whole genome shotgun sequence",694,694,99%,0.0,71.28,6735,"=HYPERLINK(""https://www.ncbi.nlm.nih.gov/nuccore/CBXS010001483"",""CBXS010001483.1"")"
"Aspergillus brunneus strain CBS 112.26 S/N-202-OC-P1_contig_143, whole genome shotgun sequence",691,691,94%,0.0,71.81,223338,"=HYPERLINK(""https://www.ncbi.nlm.nih.gov/nucleotide/JAILXD010000142.1?report=genbank&log$=nucltop&blast_rank=54&RID=5W10YH7G013"",""JAILXD010000142.1"")"
"Aspergillus brunneus strain CBS 112.26 S/N-302-OC-R2_contig_56, whole genome shotgun sequence",691,691,94%,0.0,71.81,232216,"=HYPERLINK(""https://www.ncbi.nlm.nih.gov/nucleotide/JAILXB010000055.1?report=genbank&log$=nucltop&blast_rank=55&RID=5W10YH7G013"",""JAILXB010000055.1"")"
"Aspergillus leporis strain CBS 151.66 BDV29scaffold_85_Cont111, whole genome shotgun sequence",663,663,55%,0.0,78.89,152685,"=HYPERLINK(""https://www.ncbi.nlm.nih.gov/nuccore/SWBU01000111"",""SWBU01000111.1"")"
"Penicillium argentinense strain IBT 30761 utg000005l_segment0_segment0, whole genome shotgun sequence",657,657,97%,0.0,71.02,6382229,"=HYPERLINK(""https://www.ncbi.nlm.nih.gov/nucleotide/JAPQKI010000005.1?report=genbank&log$=nucltop&blast_rank=57&RID=5W10YH7G013"",""JAPQKI010000005.1"")"
"Penicillium sp. G339 c00007_NODE_7_.., whole genome shotgun sequence",653,653,94%,0.0,71.17,1097515,"=HYPERLINK(""https://www.ncbi.nlm.nih.gov/nucleotide/JAPDFJ010000007.1?report=genbank&log$=nucltop&blast_rank=58&RID=5W10YH7G013"",""JAPDFJ010000007.1"")"
"Paecilomyces niveus strain Cornell orchards no. 7 scaffold_150, whole genome shotgun sequence",637,637,94%,1e-179,70.71,119561,"=HYPERLINK(""https://www.ncbi.nlm.nih.gov/nuccore/QEIL01000151"",""QEIL01000151.1"")"
"Paecilomyces dactylethromorphus strain FRR 0699 NODE_25_length_558962_cov_41.678841, whole genome shotgun sequence",550,550,97%,4e-153,69.11,559060,"=HYPERLINK(""https://www.ncbi.nlm.nih.gov/nucleotide/JAPVCF010000023.1?report=genbank&log$=nucltop&blast_rank=60&RID=5W10YH7G013"",""JAPVCF010000023.1"")"
"Byssochlamys sp. AF001 NODE_3_length_4651098_cov_45.3959, whole genome shotgun sequence",538,538,94%,8e-150,69.09,4651098,"=HYPERLINK(""https://www.ncbi.nlm.nih.gov/nuccore/PNEM01000003"",""PNEM01000003.1"")"
"Paecilomyces dactylethromorphus strain FRR 5262 NODE_76_length_2862342_cov_63.869884, whole genome shotgun sequence",538,538,94%,8e-150,69.09,2862440,"=HYPERLINK(""https://www.ncbi.nlm.nih.gov/nucleotide/JAPVCE010000042.1?report=genbank&log$=nucltop&blast_rank=62&RID=5W10YH7G013"",""JAPVCE010000042.1"")"
"Aspergillus hancockii strain FRR 3425 scaffold_433, whole genome shotgun sequence",444,521,80%,4e-121,68.89,27726,"=HYPERLINK(""https://www.ncbi.nlm.nih.gov/nuccore/MBFL02000433"",""MBFL02000433.1"")"
"Penicillium parvum strain 4-14b Contig2, whole genome shotgun sequence",323,576,91%,1e-84,68.93,4360274,"=HYPERLINK(""https://www.ncbi.nlm.nih.gov/nucleotide/JAPJNL010000002.1?report=genbank&log$=nucltop&blast_rank=64&RID=5W10YH7G013"",""JAPJNL010000002.1"")"
"Aspergillus intermedius strain NRRL 82 c00079_NODE_79.., whole genome shotgun sequence",133,273,61%,1e-27,68.35,129868,"=HYPERLINK(""https://www.ncbi.nlm.nih.gov/nucleotide/JAPDEP010000079.1?report=genbank&log$=nucltop&blast_rank=65&RID=5W10YH7G013"",""JAPDEP010000079.1"")"
"Aspergillus sp. PYS4240 strain S1802E ctg_2, whole genome shotgun sequence",133,202,58%,1e-27,66.94,1047646,"=HYPERLINK(""https://www.ncbi.nlm.nih.gov/nucleotide/JAMAHM010000002.1?report=genbank&log$=nucltop&blast_rank=66&RID=5W10YH7G013"",""JAMAHM010000002.1"")"
"Aspergillus sp. S3505 strain S1801 ctg_1, whole genome shotgun sequence",133,202,58%,1e-27,66.94,1401711,"=HYPERLINK(""https://www.ncbi.nlm.nih.gov/nucleotide/JAMAHJ010000001.1?report=genbank&log$=nucltop&blast_rank=67&RID=5W10YH7G013"",""JAMAHJ010000001.1"")"
"Aspergillus amstelodami strain NRRL 89 c00059_NODE_59.., whole genome shotgun sequence",130,199,58%,1e-26,66.67,143979,"=HYPERLINK(""https://www.ncbi.nlm.nih.gov/nucleotide/JAPDEV010000059.1?report=genbank&log$=nucltop&blast_rank=68&RID=5W10YH7G013"",""JAPDEV010000059.1"")"
"Aspergillus sp. PYS4241 strain PYS4240 ctg_53, whole genome shotgun sequence",130,199,58%,1e-26,66.67,180455,"=HYPERLINK(""https://www.ncbi.nlm.nih.gov/nucleotide/JAMAHL010000053.1?report=genbank&log$=nucltop&blast_rank=69&RID=5W10YH7G013"",""JAMAHL010000053.1"")"
"Aspergillus sp. S1801 strain PYS4241 ctg_61, whole genome shotgun sequence",130,199,58%,1e-26,66.67,153356,"=HYPERLINK(""https://www.ncbi.nlm.nih.gov/nucleotide/JAMAHK010000061.1?report=genbank&log$=nucltop&blast_rank=70&RID=5W10YH7G013"",""JAMAHK010000061.1"")"
"Aspergillus sp. PYS4201 strain S3505 ctg_49, whole genome shotgun sequence",130,203,58%,1e-26,66.67,173935,"=HYPERLINK(""https://www.ncbi.nlm.nih.gov/nucleotide/JAMAHI010000049.1?report=genbank&log$=nucltop&blast_rank=71&RID=5W10YH7G013"",""JAMAHI010000049.1"")"
"Aspergillus sp. S1107B strain PYS4201 ctg_51, whole genome shotgun sequence",130,199,58%,1e-26,66.67,182212,"=HYPERLINK(""https://www.ncbi.nlm.nih.gov/nucleotide/JAMAHH010000051.1?report=genbank&log$=nucltop&blast_rank=72&RID=5W10YH7G013"",""JAMAHH010000051.1"")"
"Aspergillus sp. R2504 strain S1107B ctg_35, whole genome shotgun sequence",130,199,58%,1e-26,66.67,223963,"=HYPERLINK(""https://www.ncbi.nlm.nih.gov/nucleotide/JAMAHG010000035.1?report=genbank&log$=nucltop&blast_rank=73&RID=5W10YH7G013"",""JAMAHG010000035.1"")"
"Aspergillus montevidensis strain ZYD4 Contig4, whole genome shotgun sequence",130,199,58%,1e-26,66.67,3518363,"=HYPERLINK(""https://www.ncbi.nlm.nih.gov/nucleotide/JAJFZZ010000004.1?report=genbank&log$=nucltop&blast_rank=74&RID=5W10YH7G013"",""JAJFZZ010000004.1"")"
"Aspergillus intermedius strain E25 NODE_44_length_181100_cov_31.255353, whole genome shotgun sequence",124,268,61%,6e-25,67.79,181100,"=HYPERLINK(""https://www.ncbi.nlm.nih.gov/nucleotide/JBDODA010000044.1?report=genbank&log$=nucltop&blast_rank=75&RID=5W10YH7G013"",""JBDODA010000044.1"")"
"Penicillium concentricum strain IBT 3081 utg000006l_segment0_segment0, whole genome shotgun sequence",120,200,51%,7e-24,67.55,3838274,"=HYPERLINK(""https://www.ncbi.nlm.nih.gov/nucleotide/JAPZBT010000006.1?report=genbank&log$=nucltop&blast_rank=76&RID=5W10YH7G013"",""JAPZBT010000006.1"")"
"Penicillium arizonense strain CBS 141311 PENARI_contig010, whole genome shotgun sequence",114,196,36%,3e-22,73.87,1033882,"=HYPERLINK(""https://www.ncbi.nlm.nih.gov/nuccore/LXJU01000010"",""LXJU01000010.1"")"
"Penicillium nucicola strain IBT 29836 utg000010l, whole genome shotgun sequence",114,190,29%,3e-22,70.00,6604545,"=HYPERLINK(""https://www.ncbi.nlm.nih.gov/nucleotide/JAQJAQ010000010.1?report=genbank&log$=nucltop&blast_rank=78&RID=5W10YH7G013"",""JAQJAQ010000010.1"")"
"Aspergillus udagawae IFM 46972 DNA, scaffold_122, whole genome shotgun sequence",114,184,30%,3e-22,69.63,61711,"=HYPERLINK(""https://www.ncbi.nlm.nih.gov/nuccore/BLKC01000122"",""BLKC01000122.1"")"
"Aspergillus udagawae IFM 46973 DNA, scaffold_6, whole genome shotgun sequence",114,184,30%,3e-22,69.63,2626078,"=HYPERLINK(""https://www.ncbi.nlm.nih.gov/nuccore/BBXM02000006"",""BBXM02000006.1"")"
"Aspergillus baeticus strain NRRL 62501 c00002_NODE_2_.., whole genome shotgun sequence",113,180,25%,1e-21,75.44,1492632,"=HYPERLINK(""https://www.ncbi.nlm.nih.gov/nucleotide/JAPDEI010000002.1?report=genbank&log$=nucltop&blast_rank=81&RID=5W10YH7G013"",""JAPDEI010000002.1"")"
"Aspergillus persii strain NIBRFGC000004109 scaffold1, whole genome shotgun sequence",111,175,26%,3e-21,68.99,6575408,"=HYPERLINK(""https://www.ncbi.nlm.nih.gov/nuccore/NGZO01000001"",""NGZO01000001.1"")"
"Aspergillus sclerotiorum strain IFST Ascl1 NODE_250_length_35388_cov_178.614906, whole genome shotgun sequence",111,175,26%,3e-21,68.99,35388,"=HYPERLINK(""https://www.ncbi.nlm.nih.gov/nucleotide/JANFQX010000250.1?report=genbank&log$=nucltop&blast_rank=83&RID=5W10YH7G013"",""JANFQX010000250.1"")"
"Penicillium sp. E22 NODE_52_length_112057_cov_8.477379, whole genome shotgun sequence",109,109,21%,1e-20,68.61,112057,"=HYPERLINK(""https://www.ncbi.nlm.nih.gov/nucleotide/JASJUN010000052.1?report=genbank&log$=nucltop&blast_rank=84&RID=5W10YH7G013"",""JASJUN010000052.1"")"
"Aspergillus funiculosus strain NRRL 4744 c00017_NODE_17.., whole genome shotgun sequence",109,191,40%,1e-20,67.32,541282,"=HYPERLINK(""https://www.ncbi.nlm.nih.gov/nucleotide/JAPDEN010000017.1?report=genbank&log$=nucltop&blast_rank=85&RID=5W10YH7G013"",""JAPDEN010000017.1"")"
"Penicillium sp. OUCMDZ-019 Scaffold36, whole genome shotgun sequence",104,104,15%,5e-19,71.63,267027,"=HYPERLINK(""https://www.ncbi.nlm.nih.gov/nuccore/WTTZ01000036"",""WTTZ01000036.1"")"
"Talaromyces purpureogenus strain F6201Q ctg_638, whole genome shotgun sequence",104,104,25%,5e-19,66.12,999523,"=HYPERLINK(""https://www.ncbi.nlm.nih.gov/nucleotide/JAXQII010000585.1?report=genbank&log$=nucltop&blast_rank=87&RID=5W10YH7G013"",""JAXQII010000585.1"")"
"Talaromyces purpureogenus strain F6103 ctg_74, whole genome shotgun sequence",104,104,25%,5e-19,66.12,81441,"=HYPERLINK(""https://www.ncbi.nlm.nih.gov/nucleotide/JAXQIH010000074.1?report=genbank&log$=nucltop&blast_rank=88&RID=5W10YH7G013"",""JAXQIH010000074.1"")"
"Talaromyces purpureogenus strain YAFEF302 scaffold16, whole genome shotgun sequence",104,104,25%,5e-19,66.12,635929,"=HYPERLINK(""https://www.ncbi.nlm.nih.gov/nucleotide/JAVIAQ010000016.1?report=genbank&log$=nucltop&blast_rank=89&RID=5W10YH7G013"",""JAVIAQ010000016.1"")"
"Aspergillus sparsus strain NRRL 1933 c00091_NODE_91.., whole genome shotgun sequence",104,166,32%,5e-19,67.36,169143,"=HYPERLINK(""https://www.ncbi.nlm.nih.gov/nucleotide/JAPDES010000091.1?report=genbank&log$=nucltop&blast_rank=90&RID=5W10YH7G013"",""JAPDES010000091.1"")"
"Talaromyces funiculosus strain D2B1 ctg_5, whole genome shotgun sequence",104,104,12%,5e-19,72.53,1404011,"=HYPERLINK(""https://www.ncbi.nlm.nih.gov/nucleotide/JAMFOU010000005.1?report=genbank&log$=nucltop&blast_rank=91&RID=5W10YH7G013"",""JAMFOU010000005.1"")"
"Talaromyces sp. P2101 strain PF2101 ctg_28, whole genome shotgun sequence",104,104,25%,5e-19,66.12,390751,"=HYPERLINK(""https://www.ncbi.nlm.nih.gov/nucleotide/JAMAGD010000028.1?report=genbank&log$=nucltop&blast_rank=92&RID=5W10YH7G013"",""JAMAGD010000028.1"")"
"Talaromyces sp. PT2101 strain PF3502 ctg_10, whole genome shotgun sequence",104,104,25%,5e-19,66.12,996066,"=HYPERLINK(""https://www.ncbi.nlm.nih.gov/nucleotide/JAMAGC010000010.1?report=genbank&log$=nucltop&blast_rank=93&RID=5W10YH7G013"",""JAMAGC010000010.1"")"
"Talaromyces sp. PYS2103 strain P2101 ctg_13, whole genome shotgun sequence",104,104,25%,5e-19,66.12,691678,"=HYPERLINK(""https://www.ncbi.nlm.nih.gov/nucleotide/JAMAGB010000013.1?report=genbank&log$=nucltop&blast_rank=94&RID=5W10YH7G013"",""JAMAGB010000013.1"")"
"Talaromyces funiculosus strain PK3801 ctg_5, whole genome shotgun sequence",104,104,12%,5e-19,72.53,1232243,"=HYPERLINK(""https://www.ncbi.nlm.nih.gov/nucleotide/JAMADO010000005.1?report=genbank&log$=nucltop&blast_rank=95&RID=5W10YH7G013"",""JAMADO010000005.1"")"
"Talaromyces funiculosus strain D1B1 ctg_2, whole genome shotgun sequence",104,104,12%,5e-19,72.53,1638661,"=HYPERLINK(""https://www.ncbi.nlm.nih.gov/nucleotide/JAMADN010000002.1?report=genbank&log$=nucltop&blast_rank=96&RID=5W10YH7G013"",""JAMADN010000002.1"")"
"Talaromyces funiculosus strain R2203A ctg_6, whole genome shotgun sequence",104,104,12%,5e-19,72.53,1403059,"=HYPERLINK(""https://www.ncbi.nlm.nih.gov/nucleotide/JAMADM010000006.1?report=genbank&log$=nucltop&blast_rank=97&RID=5W10YH7G013"",""JAMADM010000006.1"")"
"Talaromyces funiculosus strain R1404 ctg_5, whole genome shotgun sequence",104,104,12%,5e-19,72.53,1633417,"=HYPERLINK(""https://www.ncbi.nlm.nih.gov/nucleotide/JAMADL010000005.1?report=genbank&log$=nucltop&blast_rank=98&RID=5W10YH7G013"",""JAMADL010000005.1"")"
"Talaromyces funiculosus strain PF3603 ctg_5, whole genome shotgun sequence",104,104,12%,5e-19,72.53,1402921,"=HYPERLINK(""https://www.ncbi.nlm.nih.gov/nucleotide/JAMADK010000005.1?report=genbank&log$=nucltop&blast_rank=99&RID=5W10YH7G013"",""JAMADK010000005.1"")"
"Talaromyces funiculosus strain D2P3 ctg_4, whole genome shotgun sequence",104,104,12%,5e-19,72.53,1403314,"=HYPERLINK(""https://www.ncbi.nlm.nih.gov/nucleotide/JAMADJ010000004.1?report=genbank&log$=nucltop&blast_rank=100&RID=5W10YH7G013"",""JAMADJ010000004.1"")"
"Talaromyces funiculosus strain R1212 ctg_8, whole genome shotgun sequence",104,104,12%,5e-19,72.53,1387834,"=HYPERLINK(""https://www.ncbi.nlm.nih.gov/nucleotide/JAMADI010000008.1?report=genbank&log$=nucltop&blast_rank=101&RID=5W10YH7G013"",""JAMADI010000008.1"")"
"Talaromyces funiculosus strain RG13M1 ctg_6, whole genome shotgun sequence",104,104,12%,5e-19,72.53,1633932,"=HYPERLINK(""https://www.ncbi.nlm.nih.gov/nucleotide/JAMADH010000006.1?report=genbank&log$=nucltop&blast_rank=102&RID=5W10YH7G013"",""JAMADH010000006.1"")"
"Talaromyces purpureogenus strain Q2 scaffold11, whole genome shotgun sequence",104,104,25%,5e-19,66.12,1166243,"=HYPERLINK(""https://www.ncbi.nlm.nih.gov/nucleotide/JABUIS010000011.1?report=genbank&log$=nucltop&blast_rank=103&RID=5W10YH7G013"",""JABUIS010000011.1"")"
"Penicillium mononematosum strain IBT 11891 utg000003l:1.0-8172316.0:1.0-8177699.0, whole genome shotgun sequence",102,196,51%,2e-18,66.57,8177327,"=HYPERLINK(""https://www.ncbi.nlm.nih.gov/nucleotide/JAQJZX010000003.1?report=genbank&log$=nucltop&blast_rank=104&RID=5W10YH7G013"",""JAQJZX010000003.1"")"
"Aspergillus aff. floccosus IMV 01167 jcf7180000027623, whole genome shotgun sequence",99.6,169,25%,2e-17,71.35,988538,"=HYPERLINK(""https://www.ncbi.nlm.nih.gov/nuccore/MSJE01000315"",""MSJE01000315.1"")"
"Talaromyces atroroseus strain IBT 11181 scaffold_0, whole genome shotgun sequence",99.6,99.6,13%,2e-17,71.94,3269259,"=HYPERLINK(""https://www.ncbi.nlm.nih.gov/nuccore/LFMY01000001"",""LFMY01000001.1"")"
"Penicillium sp. S1316 strain R2504 ctg_141, whole genome shotgun sequence",99.6,171,25%,2e-17,73.68,27345,"=HYPERLINK(""https://www.ncbi.nlm.nih.gov/nucleotide/JAMAHF010000141.1?report=genbank&log$=nucltop&blast_rank=107&RID=5W10YH7G013"",""JAMAHF010000141.1"")"
"Aspergillus nomius WGS project CBWY000000000 data, contig 10, whole genome shotgun sequence",96.9,96.9,21%,8e-17,67.22,62981,"=HYPERLINK(""https://www.ncbi.nlm.nih.gov/nuccore/CBWY010000010"",""CBWY010000010.1"")"
"Penicillium samsonianum strain IBT 33392 utg000002l_segment0_segment0, whole genome shotgun sequence",96.0,96.0,20%,3e-16,68.17,4453398,"=HYPERLINK(""https://www.ncbi.nlm.nih.gov/nucleotide/JAQJZT010000002.1?report=genbank&log$=nucltop&blast_rank=109&RID=5W10YH7G013"",""JAQJZT010000002.1"")"
"Aspergillus egyptiacus strain CBS 656.73 BJX61scaffold_159_Cont201, whole genome shotgun sequence",95.1,95.1,23%,3e-16,66.87,64910,"=HYPERLINK(""https://www.ncbi.nlm.nih.gov/nuccore/SWKD01000201"",""SWKD01000201.1"")"
"Penicillium fuscoglaucum FM041 WGS project CBXP000000000 data, contig PfusFM041S019-1, whole genome shotgun sequence",94.2,180,49%,9e-16,65.87,379672,"=HYPERLINK(""https://www.ncbi.nlm.nih.gov/nuccore/CBXP010000046"",""CBXP010000046.1"")"
"Aspergillus latus strain MM151978 NODE_13_length_703615_cov_27.7305_ID_6473188, whole genome shotgun sequence",92.4,172,32%,3e-15,67.79,703615,"=HYPERLINK(""https://www.ncbi.nlm.nih.gov/nuccore/VCRL01000017"",""VCRL01000017.1"")"
"Aspergillus latus strain NIH NODE_15_length_675899_cov_39.9057_ID_9225010, whole genome shotgun sequence",92.4,172,32%,3e-15,67.79,675899,"=HYPERLINK(""https://www.ncbi.nlm.nih.gov/nuccore/VCRK01000018"",""VCRK01000018.1"")"
"Aspergillus latus strain ASFU1710 NODE_312_length_62887_cov_30.4764_ID_162697, whole genome shotgun sequence",92.4,172,32%,3e-15,67.79,62887,"=HYPERLINK(""https://www.ncbi.nlm.nih.gov/nuccore/VCRJ01000312"",""VCRJ01000312.1"")"
"Aspergillus latus strain ASFU1908 NODE_2_length_351160_cov_40.1295_ID_160181, whole genome shotgun sequence",92.4,172,32%,3e-15,67.79,351160,"=HYPERLINK(""https://www.ncbi.nlm.nih.gov/nuccore/VCRI01000002"",""VCRI01000002.1"")"
"Aspergillus latus strain ASFU2033 NODE_23_length_399327_cov_21.038_ID_85350, whole genome shotgun sequence",92.4,172,32%,3e-15,67.79,399327,"=HYPERLINK(""https://www.ncbi.nlm.nih.gov/nuccore/VCRH01000023"",""VCRH01000023.1"")"
"Aspergillus spinulosporus strain 4060 NODE_85_length_63836_cov_22.3288_ID_30844, whole genome shotgun sequence",92.4,172,32%,3e-15,67.79,63836,"=HYPERLINK(""https://www.ncbi.nlm.nih.gov/nuccore/VCRF01000085"",""VCRF01000085.1"")"
"Aspergillus pseudonomiae strain IBT 12657 BDV32scaffold_32_Cont86, whole genome shotgun sequence",92.4,92.4,21%,3e-15,66.89,332018,"=HYPERLINK(""https://www.ncbi.nlm.nih.gov/nuccore/SWDY01000086"",""SWDY01000086.1"")"
"Aspergillus pseudonomiae strain CBS 119388 BDV37scaffold_10_Cont33, whole genome shotgun sequence",92.4,92.4,21%,3e-15,66.89,303247,"=HYPERLINK(""https://www.ncbi.nlm.nih.gov/nuccore/STFR01000033"",""STFR01000033.1"")"
"Aspergillus spinulosporus strain NRRL 2395 NODE_26_length_400749_cov_44.1572_ID_2200832, whole genome shotgun sequence",92.4,172,32%,3e-15,67.79,400749,"=HYPERLINK(""https://www.ncbi.nlm.nih.gov/nuccore/QPHH01000026"",""QPHH01000026.1"")"
"Aspergillus mulundensis strain DSM 5745 scaffold_2, whole genome shotgun sequence",92.4,92.4,23%,3e-15,66.67,3868151,"=HYPERLINK(""https://www.ncbi.nlm.nih.gov/nuccore/PVWQ01000003"",""PVWQ01000003.1"")"
"Aspergillus arachidicola strain CBS 117612 BDV24scaffold_164_Cont235, whole genome shotgun sequence",91.5,91.5,20%,3e-15,67.01,26309,"=HYPERLINK(""https://www.ncbi.nlm.nih.gov/nuccore/STFM01000235"",""STFM01000235.1"")"
"Aspergillus arachidicola strain CBS 117610 contig_373, whole genome shotgun sequence",91.5,91.5,20%,3e-15,67.01,21134,"=HYPERLINK(""https://www.ncbi.nlm.nih.gov/nuccore/NEXV01000541"",""NEXV01000541.1"")"
"Aspergillus nomiae NRRL 13137 contig00798, whole genome shotgun sequence",91.5,91.5,20%,3e-15,67.01,4636,"=HYPERLINK(""https://www.ncbi.nlm.nih.gov/nuccore/JNOM01000798"",""JNOM01000798.1"")"
"Aspergillus nomiae strain VU104 NODE_23_length_601890_cov_36.374741, whole genome shotgun sequence",91.5,91.5,20%,3e-15,67.01,601890,"=HYPERLINK(""https://www.ncbi.nlm.nih.gov/nucleotide/JARLUD010000023.1?report=genbank&log$=nucltop&blast_rank=125&RID=5W10YH7G013"",""JARLUD010000023.1"")"
"Penicillium desertorum strain IBT 17660 utg000008l:1.0-1921118.0:1.0-1922111.0, whole genome shotgun sequence",91.5,169,52%,3e-15,65.69,1922009,"=HYPERLINK(""https://www.ncbi.nlm.nih.gov/nucleotide/JAPWDO010000008.1?report=genbank&log$=nucltop&blast_rank=126&RID=5W10YH7G013"",""JAPWDO010000008.1"")"
"Penicillium vulpinum strain IBT 29486 PENVUL_contig006, whole genome shotgun sequence",90.6,90.6,21%,1e-14,66.67,877717,"=HYPERLINK(""https://www.ncbi.nlm.nih.gov/nuccore/MDYP01000006"",""MDYP01000006.1"")"
"Penicillium vulpinum strain IBT 29486 utg000001l_segment0_segment0, whole genome shotgun sequence",90.6,90.6,21%,1e-14,66.67,8559827,"=HYPERLINK(""https://www.ncbi.nlm.nih.gov/nucleotide/JAQKAQ010000001.1?report=genbank&log$=nucltop&blast_rank=128&RID=5W10YH7G013"",""JAQKAQ010000001.1"")"
"Penicillium vulpinum strain NRRL 1001 c00007_NODE_7_.., whole genome shotgun sequence",90.6,90.6,21%,1e-14,66.67,704636,"=HYPERLINK(""https://www.ncbi.nlm.nih.gov/nucleotide/JAPDFE010000007.1?report=genbank&log$=nucltop&blast_rank=129&RID=5W10YH7G013"",""JAPDFE010000007.1"")"
"Penicillium polonicum strain F7 chromosome I, whole genome shotgun sequence",89.7,175,48%,1e-14,65.60,11354315,"=HYPERLINK(""https://www.ncbi.nlm.nih.gov/nuccore/WBOJ01000001"",""WBOJ01000001.1"")"
"Penicillium sp. SPG-F15 9, whole genome shotgun sequence",89.7,175,49%,1e-14,65.60,1375978,"=HYPERLINK(""https://www.ncbi.nlm.nih.gov/nuccore/PUHX02000009"",""PUHX02000009.1"")"
"Penicillium sp. BW_162_3FA 162_FA_TTAGGC.R1_(paired)_contig_450, whole genome shotgun sequence",89.7,175,49%,1e-14,65.60,76047,"=HYPERLINK(""https://www.ncbi.nlm.nih.gov/nuccore/MUGJ01000450"",""MUGJ01000450.1"")"
"Aspergillus haitiensis strain NRRL 4568 c00012_NODE_12.., whole genome shotgun sequence",89.7,89.7,26%,1e-14,66.05,736042,"=HYPERLINK(""https://www.ncbi.nlm.nih.gov/nucleotide/JAPDEO010000012.1?report=genbank&log$=nucltop&blast_rank=133&RID=5W10YH7G013"",""JAPDEO010000012.1"")"
"Penicillium polonicum strain CGMCC 3.15272 NODE_159_length_71183_cov_139.230696, whole genome shotgun sequence",89.7,175,48%,1e-14,65.60,71183,"=HYPERLINK(""https://www.ncbi.nlm.nih.gov/nucleotide/JANFQU010000159.1?report=genbank&log$=nucltop&blast_rank=134&RID=5W10YH7G013"",""JANFQU010000159.1"")"
"Penicillium polonicum strain PB2502 ctg_24, whole genome shotgun sequence",89.7,175,48%,1e-14,65.60,411251,"=HYPERLINK(""https://www.ncbi.nlm.nih.gov/nucleotide/JAMFOP010000024.1?report=genbank&log$=nucltop&blast_rank=135&RID=5W10YH7G013"",""JAMFOP010000024.1"")"
"Penicillium polonicum strain R2416 ctg_29, whole genome shotgun sequence",89.7,175,48%,1e-14,65.60,338497,"=HYPERLINK(""https://www.ncbi.nlm.nih.gov/nucleotide/JAMFOO010000029.1?report=genbank&log$=nucltop&blast_rank=136&RID=5W10YH7G013"",""JAMFOO010000029.1"")"
"Penicillium polonicum strain PM3203 ctg_31, whole genome shotgun sequence",89.7,175,48%,1e-14,65.60,331641,"=HYPERLINK(""https://www.ncbi.nlm.nih.gov/nucleotide/JAMFON010000031.1?report=genbank&log$=nucltop&blast_rank=137&RID=5W10YH7G013"",""JAMFON010000031.1"")"
"Penicillium camemberti strain FM013=LCP06093 Pcam_S02, whole genome shotgun sequence",89.7,175,49%,1e-14,65.60,3219035,"=HYPERLINK(""https://www.ncbi.nlm.nih.gov/nucleotide/JACXYV010000002.1?report=genbank&log$=nucltop&blast_rank=138&RID=5W10YH7G013"",""JACXYV010000002.1"")"
"Penicillium biforme FM169 WGS project CBXO000000000 data, contig PbifFM169S027-1, whole genome shotgun sequence",89.7,175,49%,1e-14,65.60,307175,"=HYPERLINK(""https://www.ncbi.nlm.nih.gov/nuccore/CBXO010000066"",""CBXO010000066.1"")"
"Penicillium camemberti FM 013 WGS project CBVV000000000 data, contig PcamFM013S003-35, whole genome shotgun sequence",89.7,175,49%,1e-14,65.60,24556,"=HYPERLINK(""https://www.ncbi.nlm.nih.gov/nuccore/CBVV010000130"",""CBVV010000130.1"")"
"Aspergillus latus strain NRRL 200 NODE_208_length_62532_cov_52.5264_ID_8229804, whole genome shotgun sequence",87.8,168,32%,4e-14,67.45,62532,"=HYPERLINK(""https://www.ncbi.nlm.nih.gov/nuccore/VCRM01000210"",""VCRM01000210.1"")"
"Talaromyces sp. X2403 strain PX2406 ctg_7, whole genome shotgun sequence",87.8,87.8,16%,4e-14,69.04,1426427,"=HYPERLINK(""https://www.ncbi.nlm.nih.gov/nucleotide/JAMAGH010000007.1?report=genbank&log$=nucltop&blast_rank=142&RID=5W10YH7G013"",""JAMAGH010000007.1"")"
"Talaromyces sp. PM2405 strain R2405 ctg_28, whole genome shotgun sequence",87.8,87.8,16%,4e-14,69.04,402783,"=HYPERLINK(""https://www.ncbi.nlm.nih.gov/nucleotide/JAMAGG010000028.1?report=genbank&log$=nucltop&blast_rank=143&RID=5W10YH7G013"",""JAMAGG010000028.1"")"
"Talaromyces sp. PF2101 strain X2403 ctg_28, whole genome shotgun sequence",87.8,87.8,16%,4e-14,69.04,402909,"=HYPERLINK(""https://www.ncbi.nlm.nih.gov/nucleotide/JAMAGF010000028.1?report=genbank&log$=nucltop&blast_rank=144&RID=5W10YH7G013"",""JAMAGF010000028.1"")"
"Aspergillus indologenus CBS 114.80 BP00scaffold_39_Cont176, whole genome shotgun sequence",86.0,86.0,28%,1e-13,66.17,83775,"=HYPERLINK(""https://www.ncbi.nlm.nih.gov/nuccore/PSTB01000176"",""PSTB01000176.1"")"
"Aspergillus ustus strain 3.3904 AUSC_69, whole genome shotgun sequence",85.1,165,53%,5e-13,64.52,279164,"=HYPERLINK(""https://www.ncbi.nlm.nih.gov/nuccore/JOMC01000069"",""JOMC01000069.1"")"
"Aspergillus tanneri strain NIH1004 ctg7180000128620, whole genome shotgun sequence",84.2,84.2,21%,5e-13,66.67,202553,"=HYPERLINK(""https://www.ncbi.nlm.nih.gov/nuccore/SRRN01000403"",""SRRN01000403.1"")"
"Aspergillus tanneri strain NIH1004 185, whole genome shotgun sequence",84.2,84.2,21%,5e-13,66.67,49965,"=HYPERLINK(""https://www.ncbi.nlm.nih.gov/nuccore/SOSA01000185"",""SOSA01000185.1"")"
"Aspergillus tanneri strain NIH1004 AapTan_3_pilon_pilon_pilon, whole genome shotgun sequence",84.2,84.2,21%,5e-13,66.67,4691755,"=HYPERLINK(""https://www.ncbi.nlm.nih.gov/nuccore/QUQM01000003"",""QUQM01000003.1"")"
"Penicillium caseifulvum strain FKI-L3-CM-P1 NODE_32_length_279057_cov_26.470313, whole genome shotgun sequence",84.2,166,38%,5e-13,65.93,279057,"=HYPERLINK(""https://www.ncbi.nlm.nih.gov/nucleotide/JAKLNB010000032.1?report=genbank&log$=nucltop&blast_rank=150&RID=5W10YH7G013"",""JAKLNB010000032.1"")"
"Penicillium fuscoglaucum strain FJII-L5-SW-P3 NODE_29_length_284816_cov_44.321526, whole genome shotgun sequence",84.2,166,38%,5e-13,65.93,284816,"=HYPERLINK(""https://www.ncbi.nlm.nih.gov/nucleotide/JAKLMO010000029.1?report=genbank&log$=nucltop&blast_rank=151&RID=5W10YH7G013"",""JAKLMO010000029.1"")"
"Penicillium caseifulvum strain FJII-L4-SW-DR1 NODE_39_length_207918_cov_46.196246, whole genome shotgun sequence",84.2,166,38%,5e-13,65.93,207918,"=HYPERLINK(""https://www.ncbi.nlm.nih.gov/nucleotide/JAKLMG010000039.1?report=genbank&log$=nucltop&blast_rank=152&RID=5W10YH7G013"",""JAKLMG010000039.1"")"
"Penicillium palitans strain F6_4S_1A_F NODE_22_length_436129_cov_44.563989, whole genome shotgun sequence",84.2,166,38%,5e-13,65.93,436129,"=HYPERLINK(""https://www.ncbi.nlm.nih.gov/nucleotide/JAHARM010000022.1?report=genbank&log$=nucltop&blast_rank=153&RID=5W10YH7G013"",""JAHARM010000022.1"")"
"Penicillium palitans strain F6_4S_1B_F NODE_20_length_409552_cov_44.736226, whole genome shotgun sequence",84.2,166,38%,5e-13,65.93,409552,"=HYPERLINK(""https://www.ncbi.nlm.nih.gov/nucleotide/JAHARL010000020.1?report=genbank&log$=nucltop&blast_rank=154&RID=5W10YH7G013"",""JAHARL010000020.1"")"
"Penicillium palitans strain F6_4S_1C_F NODE_21_length_414924_cov_47.227014, whole genome shotgun sequence",84.2,166,38%,5e-13,65.93,414924,"=HYPERLINK(""https://www.ncbi.nlm.nih.gov/nucleotide/JAHARK010000021.1?report=genbank&log$=nucltop&blast_rank=155&RID=5W10YH7G013"",""JAHARK010000021.1"")"
"Penicillium palitans strain F6_6S_1_F NODE_9_length_605662_cov_49.624622, whole genome shotgun sequence",84.2,166,38%,5e-13,65.93,605662,"=HYPERLINK(""https://www.ncbi.nlm.nih.gov/nucleotide/JAHARA010000009.1?report=genbank&log$=nucltop&blast_rank=156&RID=5W10YH7G013"",""JAHARA010000009.1"")"
"Penicillium palitans strain F6_7S_1A_F NODE_10_length_607724_cov_44.267282, whole genome shotgun sequence",84.2,166,38%,5e-13,65.93,607724,"=HYPERLINK(""https://www.ncbi.nlm.nih.gov/nucleotide/JAHAQR010000010.1?report=genbank&log$=nucltop&blast_rank=157&RID=5W10YH7G013"",""JAHAQR010000010.1"")"
"Penicillium palitans strain F6_7S_1C_F NODE_10_length_607708_cov_53.613530, whole genome shotgun sequence",84.2,166,38%,5e-13,65.93,607708,"=HYPERLINK(""https://www.ncbi.nlm.nih.gov/nucleotide/JAHAQQ010000010.1?report=genbank&log$=nucltop&blast_rank=158&RID=5W10YH7G013"",""JAHAQQ010000010.1"")"
"Penicillium palitans strain F6_8S_1A_F NODE_31_length_314107_cov_43.934704, whole genome shotgun sequence",84.2,166,38%,5e-13,65.93,314107,"=HYPERLINK(""https://www.ncbi.nlm.nih.gov/nucleotide/JAHAQI010000031.1?report=genbank&log$=nucltop&blast_rank=159&RID=5W10YH7G013"",""JAHAQI010000031.1"")"
"Penicillium palitans strain F6_8S_1C_F NODE_23_length_409559_cov_42.918702, whole genome shotgun sequence",84.2,166,38%,5e-13,65.93,409559,"=HYPERLINK(""https://www.ncbi.nlm.nih.gov/nucleotide/JAHAQH010000023.1?report=genbank&log$=nucltop&blast_rank=160&RID=5W10YH7G013"",""JAHAQH010000023.1"")"
"Penicillium palitans strain F8_6S_2F NODE_20_length_407362_cov_53.704396, whole genome shotgun sequence",84.2,166,38%,5e-13,65.93,407362,"=HYPERLINK(""https://www.ncbi.nlm.nih.gov/nucleotide/JAHAPD010000020.1?report=genbank&log$=nucltop&blast_rank=161&RID=5W10YH7G013"",""JAHAPD010000020.1"")"
"Penicillium palitans strain F8_6S_5F NODE_11_length_607729_cov_57.603218, whole genome shotgun sequence",84.2,166,38%,5e-13,65.93,607729,"=HYPERLINK(""https://www.ncbi.nlm.nih.gov/nucleotide/JAHAPC010000011.1?report=genbank&log$=nucltop&blast_rank=162&RID=5W10YH7G013"",""JAHAPC010000011.1"")"
"Penicillium palitans strain F8_6S-1F NODE_13_length_498559_cov_41.964320, whole genome shotgun sequence",84.2,166,38%,5e-13,65.93,498559,"=HYPERLINK(""https://www.ncbi.nlm.nih.gov/nucleotide/JAHAOZ010000013.1?report=genbank&log$=nucltop&blast_rank=163&RID=5W10YH7G013"",""JAHAOZ010000013.1"")"
"Penicillium palitans strain F8_6S-3F NODE_31_length_315318_cov_46.192134, whole genome shotgun sequence",84.2,166,38%,5e-13,65.93,315318,"=HYPERLINK(""https://www.ncbi.nlm.nih.gov/nucleotide/JAHAOY010000031.1?report=genbank&log$=nucltop&blast_rank=164&RID=5W10YH7G013"",""JAHAOY010000031.1"")"
"Penicillium palitans strain F8_6S-4F NODE_10_length_605534_cov_47.594085, whole genome shotgun sequence",84.2,166,38%,5e-13,65.93,605534,"=HYPERLINK(""https://www.ncbi.nlm.nih.gov/nucleotide/JAHAOX010000010.1?report=genbank&log$=nucltop&blast_rank=165&RID=5W10YH7G013"",""JAHAOX010000010.1"")"
"Penicillium fuscoglaucum strain VS AB I KN 5 VS_AB_I_KN_5_5858649910000046.1, whole genome shotgun sequence",84.2,166,38%,5e-13,65.93,379400,"=HYPERLINK(""https://www.ncbi.nlm.nih.gov/nucleotide/JAETFU010000046.1?report=genbank&log$=nucltop&blast_rank=166&RID=5W10YH7G013"",""JAETFU010000046.1"")"
"Penicillium fuscoglaucum strain S/N-202-OC-P2 S_N-202-OC-P2_5858649910000046.1, whole genome shotgun sequence",84.2,166,38%,5e-13,65.93,379574,"=HYPERLINK(""https://www.ncbi.nlm.nih.gov/nucleotide/JAETFT010000046.1?report=genbank&log$=nucltop&blast_rank=167&RID=5W10YH7G013"",""JAETFT010000046.1"")"
"Penicillium camemberti strain F3_3F1_F NODE_40_length_248838_cov_42.155670, whole genome shotgun sequence",84.2,166,38%,5e-13,65.93,248838,"=HYPERLINK(""https://www.ncbi.nlm.nih.gov/nucleotide/JADBHB010000040.1?report=genbank&log$=nucltop&blast_rank=168&RID=5W10YH7G013"",""JADBHB010000040.1"")"
"Penicillium camemberti strain IF2SW-F1 NODE_20_length_409564_cov_42.941744, whole genome shotgun sequence",84.2,166,38%,5e-13,65.93,409564,"=HYPERLINK(""https://www.ncbi.nlm.nih.gov/nucleotide/JACSPF010000020.1?report=genbank&log$=nucltop&blast_rank=169&RID=5W10YH7G013"",""JACSPF010000020.1"")"
"Penicillium camemberti strain IIF8SW-F2 NODE_10_length_607776_cov_42.221578, whole genome shotgun sequence",84.2,166,38%,5e-13,65.93,607776,"=HYPERLINK(""https://www.ncbi.nlm.nih.gov/nucleotide/JACSOP010000010.1?report=genbank&log$=nucltop&blast_rank=170&RID=5W10YH7G013"",""JACSOP010000010.1"")"
"Penicillium camemberti strain IIF8SW-F3 NODE_21_length_409550_cov_40.697553, whole genome shotgun sequence",84.2,166,38%,5e-13,65.93,409550,"=HYPERLINK(""https://www.ncbi.nlm.nih.gov/nucleotide/JACSOO010000021.1?report=genbank&log$=nucltop&blast_rank=171&RID=5W10YH7G013"",""JACSOO010000021.1"")"
"Aspergillus bombycis strain NRRL26010 contig00009, whole genome shotgun sequence",83.3,83.3,21%,2e-12,66.22,448803,"=HYPERLINK(""https://www.ncbi.nlm.nih.gov/nuccore/LYCR01000009"",""LYCR01000009.1"")"
"Talaromyces sp. PF3502 strain PM2405 ctg_8, whole genome shotgun sequence",83.3,83.3,16%,2e-12,68.62,1547124,"=HYPERLINK(""https://www.ncbi.nlm.nih.gov/nucleotide/JAMAGE010000008.1?report=genbank&log$=nucltop&blast_rank=173&RID=5W10YH7G013"",""JAMAGE010000008.1"")"
"Penicillium salamii genome assembly, contig: NODE_9_length_559671_cov_20.297975, whole genome shotgun sequence",82.4,82.4,27%,2e-12,65.19,559671,"=HYPERLINK(""https://www.ncbi.nlm.nih.gov/nucleotide/CAJVPH010000415.1?report=genbank&log$=nucltop&blast_rank=174&RID=5W10YH7G013"",""CAJVPH010000415.1"")"
"Penicillium salamii genome assembly, contig: NODE_2_length_1046653_cov_24.611601, whole genome shotgun sequence",82.4,82.4,27%,2e-12,65.19,1046653,"=HYPERLINK(""https://www.ncbi.nlm.nih.gov/nucleotide/CAJVPD010000222.1?report=genbank&log$=nucltop&blast_rank=175&RID=5W10YH7G013"",""CAJVPD010000222.1"")"
"Penicillium salamii genome assembly, contig: NODE_11_length_559638_cov_26.432942, whole genome shotgun sequence",82.4,82.4,27%,2e-12,65.19,559638,"=HYPERLINK(""https://www.ncbi.nlm.nih.gov/nucleotide/CAJVNX010000022.1?report=genbank&log$=nucltop&blast_rank=176&RID=5W10YH7G013"",""CAJVNX010000022.1"")"
"Aspergillus glaucus CBS 516.65 ASPGLscaffold_31_Cont338, whole genome shotgun sequence",80.6,80.6,14%,6e-12,69.70,79862,"=HYPERLINK(""https://www.ncbi.nlm.nih.gov/nuccore/LSTL01000338"",""LSTL01000338.1"")"
"Penicillium manginii strain IBT 31320 utg000009l:1.0-3297300.0:1.0-3298630.0, whole genome shotgun sequence",80.6,80.6,11%,6e-12,71.43,3298229,"=HYPERLINK(""https://www.ncbi.nlm.nih.gov/nucleotide/JAQJAP010000009.1?report=genbank&log$=nucltop&blast_rank=178&RID=5W10YH7G013"",""JAQJAP010000009.1"")"
"Aspergillus proliferans strain E30 NODE_210_length_50533_cov_27.074475, whole genome shotgun sequence",77.9,77.9,14%,7e-11,69.65,50533,"=HYPERLINK(""https://www.ncbi.nlm.nih.gov/nucleotide/JBDODB010000210.1?report=genbank&log$=nucltop&blast_rank=179&RID=5W10YH7G013"",""JBDODB010000210.1"")"
"Aspergillus hortae strain MCA7 NODE_15_length_706793_cov_29.869027, whole genome shotgun sequence",77.0,77.0,13%,7e-11,69.70,706793,"=HYPERLINK(""https://www.ncbi.nlm.nih.gov/nucleotide/JASVVZ010000033.1?report=genbank&log$=nucltop&blast_rank=180&RID=5W10YH7G013"",""JASVVZ010000033.1"")"
"Aspergillus lentulus strain CNM-CM8927 NODE_26_length_246342_cov_36.782884_pilon, whole genome shotgun sequence",77.0,77.0,6%,7e-11,78.26,246346,"=HYPERLINK(""https://www.ncbi.nlm.nih.gov/nucleotide/JAAAPU010000026.1?report=genbank&log$=nucltop&blast_rank=181&RID=5W10YH7G013"",""JAAAPU010000026.1"")"
"Aspergillus lentulus strain CNM-CM6936 NODE_6_length_371938_cov_35.349923_pilon, whole genome shotgun sequence",77.0,77.0,6%,7e-11,78.26,371938,"=HYPERLINK(""https://www.ncbi.nlm.nih.gov/nucleotide/JAAAPQ010000006.1?report=genbank&log$=nucltop&blast_rank=182&RID=5W10YH7G013"",""JAAAPQ010000006.1"")"
"Penicillium bialowiezense strain A30 scaffold2_size6723373, whole genome shotgun sequence",76.1,76.1,15%,2e-10,67.41,6723373,"=HYPERLINK(""https://www.ncbi.nlm.nih.gov/nucleotide/JAKZFB010000002.1?report=genbank&log$=nucltop&blast_rank=183&RID=5W10YH7G013"",""JAKZFB010000002.1"")"
"Penicillium angulare strain IBT 30069 utg000001l_segment0_segment0, whole genome shotgun sequence",75.2,75.2,15%,2e-10,69.16,3841196,"=HYPERLINK(""https://www.ncbi.nlm.nih.gov/nucleotide/JAPQKH010000001.1?report=genbank&log$=nucltop&blast_rank=184&RID=5W10YH7G013"",""JAPQKH010000001.1"")"
"Aspergillus latus strain NRRL 200 NODE_26_length_579400_cov_53.2556_ID_8186113, whole genome shotgun sequence",74.3,74.3,14%,9e-10,68.50,579400,"=HYPERLINK(""https://www.ncbi.nlm.nih.gov/nuccore/VCRM01000026"",""VCRM01000026.1"")"
"Aspergillus latus strain MM151978 NODE_134_length_130182_cov_25.0674_ID_6492871, whole genome shotgun sequence",74.3,74.3,14%,9e-10,68.50,130182,"=HYPERLINK(""https://www.ncbi.nlm.nih.gov/nuccore/VCRL01000146"",""VCRL01000146.1"")"
"Aspergillus latus strain NIH NODE_34_length_485097_cov_42.0964_ID_9295418_2, whole genome shotgun sequence",74.3,74.3,14%,9e-10,68.50,441873,"=HYPERLINK(""https://www.ncbi.nlm.nih.gov/nuccore/VCRK01000043"",""VCRK01000043.1"")"
"Aspergillus latus strain ASFU1710 NODE_169_length_122464_cov_35.7558_ID_137353, whole genome shotgun sequence",74.3,74.3,14%,9e-10,68.50,122464,"=HYPERLINK(""https://www.ncbi.nlm.nih.gov/nuccore/VCRJ01000169"",""VCRJ01000169.1"")"
"Aspergillus latus strain ASFU1908 NODE_135_length_107782_cov_31.8399_ID_202843, whole genome shotgun sequence",74.3,74.3,14%,9e-10,68.50,107782,"=HYPERLINK(""https://www.ncbi.nlm.nih.gov/nuccore/VCRI01000135"",""VCRI01000135.1"")"
"Aspergillus latus strain ASFU2033 NODE_161_length_121743_cov_21.007_ID_86954, whole genome shotgun sequence",74.3,74.3,14%,9e-10,68.50,121743,"=HYPERLINK(""https://www.ncbi.nlm.nih.gov/nuccore/VCRH01000161"",""VCRH01000161.1"")"
"Aspergillus latus strain MO46149 NODE_97_length_164866_cov_18.8668_ID_501306, whole genome shotgun sequence",74.3,74.3,14%,9e-10,68.50,164866,"=HYPERLINK(""https://www.ncbi.nlm.nih.gov/nuccore/VCRG01000097"",""VCRG01000097.1"")"
"Aspergillus spinulosporus strain 4060 NODE_27_length_352195_cov_16.9173_ID_13536, whole genome shotgun sequence",74.3,74.3,14%,9e-10,68.50,352195,"=HYPERLINK(""https://www.ncbi.nlm.nih.gov/nuccore/VCRF01000027"",""VCRF01000027.1"")"
"Aspergillus spinulosporus strain NRRL 2395 NODE_6_length_1325595_cov_40.6203_ID_2196687, whole genome shotgun sequence",74.3,74.3,14%,9e-10,68.50,1325595,"=HYPERLINK(""https://www.ncbi.nlm.nih.gov/nuccore/QPHH01000006"",""QPHH01000006.1"")"
"Aspergillus eucalypticola CBS 122712 BO83scaffold_9, whole genome shotgun sequence",74.3,74.3,19%,9e-10,66.67,1191294,"=HYPERLINK(""https://www.ncbi.nlm.nih.gov/nuccore/MSFU01000009"",""MSFU01000009.1"")"
"Aspergillus tubingensis CBS 134.48 ASPTUscaffold_8_Cont48, whole genome shotgun sequence",74.3,74.3,19%,9e-10,66.67,950487,"=HYPERLINK(""https://www.ncbi.nlm.nih.gov/nuccore/LJXU01000048"",""LJXU01000048.1"")"
"Penicillium fructuariae-cellae strain LH_A412 NODE_11_length_563634_cov_53.955139, whole genome shotgun sequence",74.3,74.3,15%,9e-10,67.43,563634,"=HYPERLINK(""https://www.ncbi.nlm.nih.gov/nucleotide/JAWLSY010000011.1?report=genbank&log$=nucltop&blast_rank=196&RID=5W10YH7G013"",""JAWLSY010000011.1"")"
"Penicillium goetzii strain LH_A469 NODE_1_length_1114806_cov_45.619919, whole genome shotgun sequence",74.3,74.3,15%,9e-10,67.43,1114806,"=HYPERLINK(""https://www.ncbi.nlm.nih.gov/nucleotide/JAWLST010000001.1?report=genbank&log$=nucltop&blast_rank=197&RID=5W10YH7G013"",""JAWLST010000001.1"")"
"Aspergillus tubingensis strain HFAT15 Contig10, whole genome shotgun sequence",74.3,74.3,19%,9e-10,66.67,958795,"=HYPERLINK(""https://www.ncbi.nlm.nih.gov/nucleotide/JARWMU010000010.1?report=genbank&log$=nucltop&blast_rank=198&RID=5W10YH7G013"",""JARWMU010000010.1"")"
"Aspergillus tubingensis strain JS3-P2 JS3-P2_BLWE01000003.1, whole genome shotgun sequence",74.3,74.3,19%,9e-10,66.67,4272840,"=HYPERLINK(""https://www.ncbi.nlm.nih.gov/nucleotide/JACVQM010000003.1?report=genbank&log$=nucltop&blast_rank=199&RID=5W10YH7G013"",""JACVQM010000003.1"")"
"Aspergillus tubingensis genome assembly, contig: Scaffold_21, whole genome shotgun sequence",74.3,74.3,19%,9e-10,66.67,731796,"=HYPERLINK(""https://www.ncbi.nlm.nih.gov/nuccore/FUKH01000021"",""FUKH01000021.1"")"
"Penicillium sp. OUCMDZ-019 Scaffold6, whole genome shotgun sequence",73.4,145,23%,9e-10,68.00,614960,"=HYPERLINK(""https://www.ncbi.nlm.nih.gov/nuccore/WTTZ01000006"",""WTTZ01000006.1"")"
"Aspergillus alliaceus strain FRR 5400 scaffold_374, whole genome shotgun sequence",73.4,73.4,9%,9e-10,72.31,28571,"=HYPERLINK(""https://www.ncbi.nlm.nih.gov/nuccore/SPNV01000374"",""SPNV01000374.1"")"
"Aspergillus nidulans strain 5mAN CM5298 c00079_NODE_79.., whole genome shotgun sequence",73.4,73.4,6%,9e-10,76.84,68123,"=HYPERLINK(""https://www.ncbi.nlm.nih.gov/nucleotide/JAPDKT010000079.1?report=genbank&log$=nucltop&blast_rank=203&RID=5W10YH7G013"",""JAPDKT010000079.1"")"
"Aspergillus nidulans strain R2309 ctg_38, whole genome shotgun sequence",73.4,73.4,6%,9e-10,76.84,288163,"=HYPERLINK(""https://www.ncbi.nlm.nih.gov/nucleotide/JAMFML010000038.1?report=genbank&log$=nucltop&blast_rank=204&RID=5W10YH7G013"",""JAMFML010000038.1"")"
"Aspergillus nidulans strain MO80069 Contig_27, whole genome shotgun sequence",73.4,73.4,6%,9e-10,76.84,1672233,"=HYPERLINK(""https://www.ncbi.nlm.nih.gov/nucleotide/JAAFYM010000027.1?report=genbank&log$=nucltop&blast_rank=205&RID=5W10YH7G013"",""JAAFYM010000027.1"")"
"Aspergillus nidulans strain SP-2605-48 Contig_21, whole genome shotgun sequence",73.4,73.4,6%,9e-10,76.84,1564974,"=HYPERLINK(""https://www.ncbi.nlm.nih.gov/nucleotide/JAAFYL010000021.1?report=genbank&log$=nucltop&blast_rank=206&RID=5W10YH7G013"",""JAAFYL010000021.1"")"
"Aspergillus nidulans FGSC A4 chromosome VI ANcontig1.54, whole genome shotgun sequence",73.4,73.4,6%,9e-10,76.84,183474,"=HYPERLINK(""https://www.ncbi.nlm.nih.gov/nuccore/AACD01000054"",""AACD01000054.1"")"
"Aspergillus flavus strain La3279 La3279_708_length_23713_cov_17.996246, whole genome shotgun sequence",72.5,72.5,9%,3e-09,72.44,23777,"=HYPERLINK(""https://www.ncbi.nlm.nih.gov/nuccore/VYXK01000686"",""VYXK01000686.1"")"
"Aspergillus latus strain NRRL 200 NODE_39_length_412235_cov_35.2031_ID_8191004, whole genome shotgun sequence",72.5,138,13%,3e-09,81.94,412235,"=HYPERLINK(""https://www.ncbi.nlm.nih.gov/nuccore/VCRM01000040"",""VCRM01000040.1"")"
"Aspergillus latus strain MM151978 NODE_41_length_444154_cov_27.3452_ID_6480244, whole genome shotgun sequence",72.5,138,13%,3e-09,81.94,444154,"=HYPERLINK(""https://www.ncbi.nlm.nih.gov/nuccore/VCRL01000046"",""VCRL01000046.1"")"
"Aspergillus latus strain NIH NODE_47_length_400658_cov_43.1941_ID_9232571, whole genome shotgun sequence",72.5,138,13%,3e-09,81.94,400658,"=HYPERLINK(""https://www.ncbi.nlm.nih.gov/nuccore/VCRK01000057"",""VCRK01000057.1"")"
"Aspergillus latus strain ASFU1710 NODE_200_length_104302_cov_30.2852_ID_195409, whole genome shotgun sequence",72.5,138,13%,3e-09,81.94,104302,"=HYPERLINK(""https://www.ncbi.nlm.nih.gov/nuccore/VCRJ01000200"",""VCRJ01000200.1"")"
"Aspergillus latus strain ASFU1908 NODE_98_length_123388_cov_32.0221_ID_245183, whole genome shotgun sequence",72.5,138,13%,3e-09,81.94,123388,"=HYPERLINK(""https://www.ncbi.nlm.nih.gov/nuccore/VCRI01000098"",""VCRI01000098.1"")"
"Aspergillus latus strain ASFU2033 NODE_141_length_141192_cov_20.1582_ID_96313, whole genome shotgun sequence",72.5,138,13%,3e-09,81.94,141192,"=HYPERLINK(""https://www.ncbi.nlm.nih.gov/nuccore/VCRH01000141"",""VCRH01000141.1"")"
"Aspergillus latus strain MO46149 NODE_122_length_141145_cov_19.0929_ID_130089, whole genome shotgun sequence",72.5,138,13%,3e-09,81.94,141145,"=HYPERLINK(""https://www.ncbi.nlm.nih.gov/nuccore/VCRG01000122"",""VCRG01000122.1"")"
"Aspergillus flavus strain AF70 NODE_1195, whole genome shotgun sequence",72.5,72.5,9%,3e-09,72.44,25280,"=HYPERLINK(""https://www.ncbi.nlm.nih.gov/nuccore/NLCM01000296"",""NLCM01000296.1"")"
"Aspergillus turcosus strain HMR AF 1038 NODE_65, whole genome shotgun sequence",72.5,72.5,9%,3e-09,73.28,119222,"=HYPERLINK(""https://www.ncbi.nlm.nih.gov/nuccore/NIDN02000065"",""NIDN02000065.1"")"
"Aspergillus flavus AF70 622, whole genome shotgun sequence",72.5,72.5,9%,3e-09,72.44,14176,"=HYPERLINK(""https://www.ncbi.nlm.nih.gov/nuccore/JZDT01000536"",""JZDT01000536.1"")"
"Aspergillus flavus strain OK-A-8-1-S NODE_255_ID_509:1-50066, whole genome shotgun sequence",72.5,72.5,9%,3e-09,72.44,50065,"=HYPERLINK(""https://www.ncbi.nlm.nih.gov/nucleotide/JANAYQ010000255.1?report=genbank&log$=nucltop&blast_rank=219&RID=5W10YH7G013"",""JANAYQ010000255.1"")"
"Aspergillus chevalieri strain PG3604 ctg_23, whole genome shotgun sequence",72.5,72.5,6%,3e-09,77.17,181978,"=HYPERLINK(""https://www.ncbi.nlm.nih.gov/nucleotide/JALZYN010000023.1?report=genbank&log$=nucltop&blast_rank=220&RID=5W10YH7G013"",""JALZYN010000023.1"")"
"Aspergillus chevalieri strain P2701V1 ctg_20, whole genome shotgun sequence",72.5,72.5,6%,3e-09,77.17,274380,"=HYPERLINK(""https://www.ncbi.nlm.nih.gov/nucleotide/JALZYM010000020.1?report=genbank&log$=nucltop&blast_rank=221&RID=5W10YH7G013"",""JALZYM010000020.1"")"
"Aspergillus oryzae isolate KSW16 chromosome 1 SW16Contig0019, whole genome shotgun sequence",72.5,72.5,9%,3e-09,72.44,27472,"=HYPERLINK(""https://www.ncbi.nlm.nih.gov/nucleotide/JADAXJ010000019.1?report=genbank&log$=nucltop&blast_rank=222&RID=5W10YH7G013"",""JADAXJ010000019.1"")"
"Aspergillus flavus strain 07-C-3-5-5 MOD1-USDA_576_328_length_26867_cov_36.188018, whole genome shotgun sequence",72.5,72.5,9%,3e-09,72.44,26867,"=HYPERLINK(""https://www.ncbi.nlm.nih.gov/nucleotide/JABVYT010000327.1?report=genbank&log$=nucltop&blast_rank=223&RID=5W10YH7G013"",""JABVYT010000327.1"")"
"Aspergillus quadrilineatus strain NRRL 201 isolate USDA NODE_25_length_322855_cov_235.138241_trimmed, whole genome shotgun sequence",72.5,72.5,5%,3e-09,81.94,322855,"=HYPERLINK(""https://www.ncbi.nlm.nih.gov/nucleotide/JAAXYA010000025.1?report=genbank&log$=nucltop&blast_rank=224&RID=5W10YH7G013"",""JAAXYA010000025.1"")"
"Aspergillus chevalieri DNA, scaffold: scaffold_8, strain: JCM 23047, whole genome shotgun sequence",72.5,72.5,6%,3e-09,77.17,1202464,"=HYPERLINK(""https://www.ncbi.nlm.nih.gov/nuccore/BCIE01000009"",""BCIE01000009.1"")"
"Penicillium cataractarum strain IBT 29864 utg000002l, whole genome shotgun sequence",71.6,71.6,13%,3e-09,68.04,7021194,"=HYPERLINK(""https://www.ncbi.nlm.nih.gov/nucleotide/JAPZBS010000002.1?report=genbank&log$=nucltop&blast_rank=226&RID=5W10YH7G013"",""JAPZBS010000002.1"")"
"Aspergillus haitiensis strain NRRL 4568 c00007_NODE_7_.., whole genome shotgun sequence",71.6,71.6,17%,3e-09,67.06,874714,"=HYPERLINK(""https://www.ncbi.nlm.nih.gov/nucleotide/JAPDEO010000007.1?report=genbank&log$=nucltop&blast_rank=227&RID=5W10YH7G013"",""JAPDEO010000007.1"")"
"Aspergillus tanneri strain NIH1004 ctg7180000128578, whole genome shotgun sequence",70.7,70.7,15%,1e-08,67.91,45928,"=HYPERLINK(""https://www.ncbi.nlm.nih.gov/nuccore/SRRN01000361"",""SRRN01000361.1"")"
"Aspergillus tanneri strain NIH1004 224, whole genome shotgun sequence",70.7,70.7,15%,1e-08,67.91,44809,"=HYPERLINK(""https://www.ncbi.nlm.nih.gov/nuccore/SOSA01000224"",""SOSA01000224.1"")"
"Aspergillus tanneri strain NIH1004 AapTan_2_pilon_pilon_pilon, whole genome shotgun sequence",70.7,70.7,15%,1e-08,67.91,5928792,"=HYPERLINK(""https://www.ncbi.nlm.nih.gov/nuccore/QUQM01000002"",""QUQM01000002.1"")"
"Aspergillus niger strain PG2406 ctg_2, whole genome shotgun sequence",69.8,69.8,19%,1e-08,66.30,4079524,"=HYPERLINK(""https://www.ncbi.nlm.nih.gov/nucleotide/JAMFNO010000002.1?report=genbank&log$=nucltop&blast_rank=231&RID=5W10YH7G013"",""JAMFNO010000002.1"")"
"Aspergillus niger strain BSC-1 NODE_2_length_3219736_cov_47.980953, whole genome shotgun sequence",69.8,69.8,19%,1e-08,66.30,3219736,"=HYPERLINK(""https://www.ncbi.nlm.nih.gov/nucleotide/JAKIWZ010000002.1?report=genbank&log$=nucltop&blast_rank=232&RID=5W10YH7G013"",""JAKIWZ010000002.1"")"
"Aspergillus tubingensis strain JS3-R1 JS3-R1_BLWE01000003.1, whole genome shotgun sequence",69.8,69.8,19%,1e-08,66.30,4272823,"=HYPERLINK(""https://www.ncbi.nlm.nih.gov/nucleotide/JACVQO010000003.1?report=genbank&log$=nucltop&blast_rank=233&RID=5W10YH7G013"",""JACVQO010000003.1"")"
"Penicillium cf. griseofulvum strain IBT 17755 utg000002l_segment0_segment0, whole genome shotgun sequence",68.9,68.9,9%,4e-08,72.87,7395908,"=HYPERLINK(""https://www.ncbi.nlm.nih.gov/nucleotide/JAPZBY010000002.1?report=genbank&log$=nucltop&blast_rank=234&RID=5W10YH7G013"",""JAPZBY010000002.1"")"
"Penicillium cf. griseofulvum strain IBT 16848 utg000002l_segment0_segment0, whole genome shotgun sequence",68.9,68.9,9%,4e-08,72.87,4351597,"=HYPERLINK(""https://www.ncbi.nlm.nih.gov/nucleotide/JAPZBX010000002.1?report=genbank&log$=nucltop&blast_rank=235&RID=5W10YH7G013"",""JAPZBX010000002.1"")"
"Talaromyces stipitatus ATCC 10500 gcontig_1105507294415, whole genome shotgun sequence",68.9,68.9,10%,4e-08,70.75,303186,"=HYPERLINK(""https://www.ncbi.nlm.nih.gov/nuccore/ABAS01000029"",""ABAS01000029.1"")"
"Talaromyces marneffei strain PUMCH_TM1901 scaffold12578, whole genome shotgun sequence",68.0,68.0,5%,4e-08,79.22,1038,"=HYPERLINK(""https://www.ncbi.nlm.nih.gov/nuccore/WNWX01012562"",""WNWX01012562.1"")"
"Aspergillus flavus strain E1201 E1201_(paired)_trimmed_(paired)_contig_48, whole genome shotgun sequence",68.0,68.0,9%,4e-08,71.65,286342,"=HYPERLINK(""https://www.ncbi.nlm.nih.gov/nuccore/SKBW01000048"",""SKBW01000048.1"")"
"Aspergillus turcosus strain HMR AF 23 NODE_177, whole genome shotgun sequence",68.0,68.0,9%,4e-08,72.52,61604,"=HYPERLINK(""https://www.ncbi.nlm.nih.gov/nuccore/NKHV02000178"",""NKHV02000178.1"")"
"Aspergillus hortae strain MCA8 NODE_4_length_2024687_cov_28.131174, whole genome shotgun sequence",68.0,68.0,13%,4e-08,68.69,2024687,"=HYPERLINK(""https://www.ncbi.nlm.nih.gov/nucleotide/JASVVY010000035.1?report=genbank&log$=nucltop&blast_rank=240&RID=5W10YH7G013"",""JASVVY010000035.1"")"
"Aspergillus hortae strain MCA10 NODE_9_length_1154095_cov_27.631955, whole genome shotgun sequence",68.0,68.0,13%,4e-08,68.69,1154095,"=HYPERLINK(""https://www.ncbi.nlm.nih.gov/nucleotide/JASVVX010000041.1?report=genbank&log$=nucltop&blast_rank=241&RID=5W10YH7G013"",""JASVVX010000041.1"")"
"Aspergillus flavus strain FL-A-22-2 NODE_41_ID_81:1-206686, whole genome shotgun sequence",68.0,68.0,9%,4e-08,71.65,206685,"=HYPERLINK(""https://www.ncbi.nlm.nih.gov/nucleotide/JANBAK010000041.1?report=genbank&log$=nucltop&blast_rank=242&RID=5W10YH7G013"",""JANBAK010000041.1"")"
"Aspergillus flavus strain OK-B-7-1-1 NODE_27_ID_53:1-275811, whole genome shotgun sequence",68.0,68.0,9%,4e-08,71.65,275810,"=HYPERLINK(""https://www.ncbi.nlm.nih.gov/nucleotide/JANAYK010000027.1?report=genbank&log$=nucltop&blast_rank=243&RID=5W10YH7G013"",""JANAYK010000027.1"")"
"Aspergillus flavus strain OK-B-17-1-1 NODE_47_ID_93:1-200563, whole genome shotgun sequence",68.0,68.0,9%,4e-08,71.65,200562,"=HYPERLINK(""https://www.ncbi.nlm.nih.gov/nucleotide/JANAYH010000047.1?report=genbank&log$=nucltop&blast_rank=244&RID=5W10YH7G013"",""JANAYH010000047.1"")"
"Aspergillus oryzae strain 3.042 3.042_Scaffold1, whole genome shotgun sequence",68.0,68.0,9%,4e-08,71.65,6621566,"=HYPERLINK(""https://www.ncbi.nlm.nih.gov/nucleotide/JAKMAL010000001.1?report=genbank&log$=nucltop&blast_rank=245&RID=5W10YH7G013"",""JAKMAL010000001.1"")"
"Aspergillus quadricinctus strain FKII-L3-BK-DRAB1 NODE_40_length_291990_cov_35.081408, whole genome shotgun sequence",68.0,68.0,9%,4e-08,72.52,291990,"=HYPERLINK(""https://www.ncbi.nlm.nih.gov/nucleotide/JAKLNT010000040.1?report=genbank&log$=nucltop&blast_rank=246&RID=5W10YH7G013"",""JAKLNT010000040.1"")"
"Aspergillus quadricinctus strain FKII-L3-BK-DR1 NODE_39_length_296348_cov_29.930503, whole genome shotgun sequence",68.0,68.0,9%,4e-08,72.52,296348,"=HYPERLINK(""https://www.ncbi.nlm.nih.gov/nucleotide/JAKLNQ010000039.1?report=genbank&log$=nucltop&blast_rank=247&RID=5W10YH7G013"",""JAKLNQ010000039.1"")"
"Aspergillus fumigatiaffinis strain CNM-CM6457 NODE_64_length_158802_cov_32.632155_pilon, whole genome shotgun sequence",68.0,68.0,6%,4e-08,76.09,158802,"=HYPERLINK(""https://www.ncbi.nlm.nih.gov/nucleotide/JAAAPW010000064.1?report=genbank&log$=nucltop&blast_rank=248&RID=5W10YH7G013"",""JAAAPW010000064.1"")"
"Aspergillus fumigatiaffinis strain CNM-CM5878 NODE_160_length_73416_cov_28.159577_pilon, whole genome shotgun sequence",68.0,68.0,6%,4e-08,76.09,73416,"=HYPERLINK(""https://www.ncbi.nlm.nih.gov/nucleotide/JAAAPV010000160.1?report=genbank&log$=nucltop&blast_rank=249&RID=5W10YH7G013"",""JAAAPV010000160.1"")"
"Aspergillus oryzae 100-8 Contig138, whole genome shotgun sequence",68.0,68.0,9%,4e-08,71.65,28132,"=HYPERLINK(""https://www.ncbi.nlm.nih.gov/nuccore/AMCJ01000091"",""AMCJ01000091.1"")"
"Aspergillus oryzae 3.042 Contig161.1, whole genome shotgun sequence",68.0,68.0,9%,4e-08,71.65,50636,"=HYPERLINK(""https://www.ncbi.nlm.nih.gov/nuccore/AKHY01000124"",""AKHY01000124.1"")"
"Aspergillus sclerotiicarbonarius CBS 121057 BO78scaffold_95_Cont201, whole genome shotgun sequence",67.1,67.1,7%,1e-07,74.75,126867,"=HYPERLINK(""https://www.ncbi.nlm.nih.gov/nuccore/PSSZ01000201"",""PSSZ01000201.1"")"
"Penicillium sp. MA 6036 contig00050, whole genome shotgun sequence",66.2,66.2,15%,1e-07,67.11,184237,"=HYPERLINK(""https://www.ncbi.nlm.nih.gov/nuccore/QAGG01000050"",""QAGG01000050.1"")"
"Talaromyces pinophilus strain NRRL 3647 c00003_NODE_3_.., whole genome shotgun sequence",66.2,66.2,7%,1e-07,73.58,1793958,"=HYPERLINK(""https://www.ncbi.nlm.nih.gov/nucleotide/JAPDFH010000003.1?report=genbank&log$=nucltop&blast_rank=254&RID=5W10YH7G013"",""JAPDFH010000003.1"")"
"Talaromyces pinophilus strain NRRL 3503 c00002_NODE_2_.., whole genome shotgun sequence",66.2,66.2,7%,1e-07,73.58,1793951,"=HYPERLINK(""https://www.ncbi.nlm.nih.gov/nucleotide/JAPDFG010000002.1?report=genbank&log$=nucltop&blast_rank=255&RID=5W10YH7G013"",""JAPDFG010000002.1"")"
"Aspergillus chevalieri strain PG3604 ctg_61, whole genome shotgun sequence",66.2,66.2,7%,1e-07,74.76,116125,"=HYPERLINK(""https://www.ncbi.nlm.nih.gov/nucleotide/JALZYN010000061.1?report=genbank&log$=nucltop&blast_rank=256&RID=5W10YH7G013"",""JALZYN010000061.1"")"
"Aspergillus chevalieri strain P2701V1 ctg_61, whole genome shotgun sequence",66.2,66.2,7%,1e-07,74.76,147205,"=HYPERLINK(""https://www.ncbi.nlm.nih.gov/nucleotide/JALZYM010000061.1?report=genbank&log$=nucltop&blast_rank=257&RID=5W10YH7G013"",""JALZYM010000061.1"")"
"Aspergillus chevalieri DNA, scaffold: scaffold_25, strain: JCM 23047, whole genome shotgun sequence",66.2,66.2,7%,1e-07,74.76,217066,"=HYPERLINK(""https://www.ncbi.nlm.nih.gov/nuccore/BCIE01000026"",""BCIE01000026.1"")"
"Penicillium verrucosum strain BFE808 Contig1028, whole genome shotgun sequence",64.4,127,22%,5e-07,66.36,68913,"=HYPERLINK(""https://www.ncbi.nlm.nih.gov/nuccore/LAKW02001019"",""LAKW02001019.1"")"
"Talaromyces proteolyticus strain PMI_201 BGW36scaffold_2, whole genome shotgun sequence",64.4,64.4,20%,5e-07,65.66,3369521,"=HYPERLINK(""https://www.ncbi.nlm.nih.gov/nucleotide/JAJTJA010000002.1?report=genbank&log$=nucltop&blast_rank=260&RID=5W10YH7G013"",""JAJTJA010000002.1"")"
"Aspergillus sparsus strain NRRL 1933 c00050_NODE_50.., whole genome shotgun sequence",63.5,63.5,4%,2e-06,82.26,294565,"=HYPERLINK(""https://www.ncbi.nlm.nih.gov/nucleotide/JAPDES010000050.1?report=genbank&log$=nucltop&blast_rank=261&RID=5W10YH7G013"",""JAPDES010000050.1"")"
"Elaphomyces granulatus strain OSC145934 Elaphomyces_granulatus_contig_400, whole genome shotgun sequence",62.6,62.6,5%,2e-06,76.19,21876,"=HYPERLINK(""https://www.ncbi.nlm.nih.gov/nuccore/NPHW01002369"",""NPHW01002369.1"")"
"Penicillium arizonense strain CBS 141311 PENARI_contig030, whole genome shotgun sequence",62.6,62.6,11%,2e-06,69.05,256873,"=HYPERLINK(""https://www.ncbi.nlm.nih.gov/nuccore/LXJU01000030"",""LXJU01000030.1"")"
"Penicillium nordicum strain DAOMC 185683 scaffold_41, whole genome shotgun sequence",62.6,62.6,6%,2e-06,75.28,148962,"=HYPERLINK(""https://www.ncbi.nlm.nih.gov/nuccore/LHQQ01000041"",""LHQQ01000041.1"")"
"Penicillium nordicum strain UASWS BFE487 Contig832, whole genome shotgun sequence",62.6,62.6,6%,2e-06,75.28,117209,"=HYPERLINK(""https://www.ncbi.nlm.nih.gov/nuccore/JNNR01000832"",""JNNR01000832.1"")"
"Aspergillus ruber strain E2 NODE_13_length_188653_cov_38.326035, whole genome shotgun sequence",62.6,62.6,11%,2e-06,68.29,188653,"=HYPERLINK(""https://www.ncbi.nlm.nih.gov/nucleotide/JBDOCZ010000013.1?report=genbank&log$=nucltop&blast_rank=266&RID=5W10YH7G013"",""JBDOCZ010000013.1"")"
"Penicillium sp. E22 NODE_74_length_95538_cov_9.128602, whole genome shotgun sequence",62.6,62.6,11%,2e-06,69.05,95538,"=HYPERLINK(""https://www.ncbi.nlm.nih.gov/nucleotide/JASJUN010000074.1?report=genbank&log$=nucltop&blast_rank=267&RID=5W10YH7G013"",""JASJUN010000074.1"")"
"Penicillium verrucosum strain IBT 35672 utg000003l_segment0_segment0, whole genome shotgun sequence",62.6,62.6,6%,2e-06,75.28,5088248,"=HYPERLINK(""https://www.ncbi.nlm.nih.gov/nucleotide/JAQKAO010000003.1?report=genbank&log$=nucltop&blast_rank=268&RID=5W10YH7G013"",""JAQKAO010000003.1"")"
"Penicillium cf. griseofulvum strain IBT 16849 utg000004l_segment0_segment0, whole genome shotgun sequence",62.6,62.6,9%,2e-06,72.31,2232118,"=HYPERLINK(""https://www.ncbi.nlm.nih.gov/nucleotide/JAPQKP010000004.1?report=genbank&log$=nucltop&blast_rank=269&RID=5W10YH7G013"",""JAPQKP010000004.1"")"
"Penicillium verrucosum strain IFST Pver1 NODE_180_length_54642_cov_195.535370, whole genome shotgun sequence",62.6,62.6,6%,2e-06,75.28,54642,"=HYPERLINK(""https://www.ncbi.nlm.nih.gov/nucleotide/JANFQS010000180.1?report=genbank&log$=nucltop&blast_rank=270&RID=5W10YH7G013"",""JANFQS010000180.1"")"
"Penicillium verrucosum strain IFST Pver2 NODE_100_length_81653_cov_280.648187, whole genome shotgun sequence",62.6,62.6,6%,2e-06,75.28,81653,"=HYPERLINK(""https://www.ncbi.nlm.nih.gov/nucleotide/JANFQR010000100.1?report=genbank&log$=nucltop&blast_rank=271&RID=5W10YH7G013"",""JANFQR010000100.1"")"



		


