Description,Max Score,Total Score,Query Cover,E value,Per. ident,Acc. Len,Accession  
"Penicillium brevicompactum strain FJII-L9-SW-P1 NODE_2_length_753946_cov_59.395447, whole genome shotgun sequence",2051,2051,100%,0.0,100.00,753946,"=HYPERLINK(""https://www.ncbi.nlm.nih.gov/nucleotide/JAKLMP010000002.1?report=genbank&log$=nucltop&blast_rank=1&RID=5W0ZEMU9016"",""JAKLMP010000002.1"")"
"Penicillium brevicompactum strain HOCR17 scaffold7, whole genome shotgun sequence",1822,1822,100%,0.0,95.52,3001875,"=HYPERLINK(""https://www.ncbi.nlm.nih.gov/nucleotide/JAHQJA010000005.1?report=genbank&log$=nucltop&blast_rank=2&RID=5W0ZEMU9016"",""JAHQJA010000005.1"")"
"Penicillium sp. CF01 CF01_005.1, whole genome shotgun sequence",1818,1818,100%,0.0,95.43,3001461,"=HYPERLINK(""https://www.ncbi.nlm.nih.gov/nuccore/RFFF02000036"",""RFFF02000036.1"")"
"Penicillium brevicompactum strain IBT 35673 utg000004l_segment0_segment0, whole genome shotgun sequence",1804,1804,100%,0.0,95.17,3085254,"=HYPERLINK(""https://www.ncbi.nlm.nih.gov/nucleotide/JAPZBQ010000004.1?report=genbank&log$=nucltop&blast_rank=4&RID=5W0ZEMU9016"",""JAPZBQ010000004.1"")"
"Penicillium brevicompactum strain IBT 35665 utg000003l_segment0_segment0, whole genome shotgun sequence",1804,1804,100%,0.0,95.17,5084571,"=HYPERLINK(""https://www.ncbi.nlm.nih.gov/nucleotide/JAPZBP010000004.1?report=genbank&log$=nucltop&blast_rank=5&RID=5W0ZEMU9016"",""JAPZBP010000004.1"")"
"Penicillium brevicompactum strain IBT 35675 utg000003l_segment0_segment0, whole genome shotgun sequence",1791,1791,100%,0.0,94.91,3142977,"=HYPERLINK(""https://www.ncbi.nlm.nih.gov/nucleotide/JAPZBR010000003.1?report=genbank&log$=nucltop&blast_rank=6&RID=5W0ZEMU9016"",""JAPZBR010000003.1"")"
"Penicillium bialowiezense strain A30 scaffold4_size3956477, whole genome shotgun sequence",1232,1232,97%,0.0,84.68,3956477,"=HYPERLINK(""https://www.ncbi.nlm.nih.gov/nucleotide/JAKZFB010000004.1?report=genbank&log$=nucltop&blast_rank=7&RID=5W0ZEMU9016"",""JAKZFB010000004.1"")"
"Penicillium sp. MA 6036 contig00163, whole genome shotgun sequence",1205,1205,97%,0.0,84.22,47640,"=HYPERLINK(""https://www.ncbi.nlm.nih.gov/nuccore/QAGG01000163"",""QAGG01000163.1"")"
"Penicillium sp. E22 NODE_254_length_44953_cov_8.620399, whole genome shotgun sequence",700,700,97%,0.0,74.49,44953,"=HYPERLINK(""https://www.ncbi.nlm.nih.gov/nucleotide/JASJUN010000254.1?report=genbank&log$=nucltop&blast_rank=9&RID=5W0ZEMU9016"",""JASJUN010000254.1"")"
"Penicillium samsonianum strain IBT 33392 utg000001l_segment0_segment0, whole genome shotgun sequence",700,700,97%,0.0,74.49,4827859,"=HYPERLINK(""https://www.ncbi.nlm.nih.gov/nucleotide/JAQJZT010000001.1?report=genbank&log$=nucltop&blast_rank=10&RID=5W0ZEMU9016"",""JAQJZT010000001.1"")"
"Penicillium egyptiacum genome assembly, contig: scaffold20, whole genome shotgun sequence",688,688,97%,0.0,74.33,2082417,"=HYPERLINK(""https://www.ncbi.nlm.nih.gov/nucleotide/CAJVRC010000839.1?report=genbank&log$=nucltop&blast_rank=11&RID=5W0ZEMU9016"",""CAJVRC010000839.1"")"
"Penicillium carneum LCP05634 WGS project CBXS000000000 data, contig PcarLCP05634S0317-2, whole genome shotgun sequence",673,673,96%,0.0,74.33,13651,"=HYPERLINK(""https://www.ncbi.nlm.nih.gov/nuccore/CBXS010001484"",""CBXS010001484.1"")"
"Penicillium roqueforti strain CECT 2905 contig1497, whole genome shotgun sequence",660,660,96%,0.0,74.06,109702,"=HYPERLINK(""https://www.ncbi.nlm.nih.gov/nuccore/MSQC01000827"",""MSQC01000827.1"")"
"Penicillium roqueforti strain DTO 003-C3 scaffold_005, whole genome shotgun sequence",660,660,96%,0.0,74.06,906458,"=HYPERLINK(""https://www.ncbi.nlm.nih.gov/nucleotide/JAKIKN010000011.1?report=genbank&log$=nucltop&blast_rank=14&RID=5W0ZEMU9016"",""JAKIKN010000011.1"")"
"Penicillium roqueforti strain CBS 147308 scaffold_005, whole genome shotgun sequence",660,660,96%,0.0,74.06,900086,"=HYPERLINK(""https://www.ncbi.nlm.nih.gov/nucleotide/JAKIKM010000010.1?report=genbank&log$=nucltop&blast_rank=15&RID=5W0ZEMU9016"",""JAKIKM010000010.1"")"
"Penicillium roqueforti strain CBS 147310 scaffold_07, whole genome shotgun sequence",660,660,96%,0.0,74.06,1083921,"=HYPERLINK(""https://www.ncbi.nlm.nih.gov/nucleotide/JAKIKJ010000009.1?report=genbank&log$=nucltop&blast_rank=16&RID=5W0ZEMU9016"",""JAKIKJ010000009.1"")"
"Penicillium roqueforti strain DTO 012-A9 scaffold_059, whole genome shotgun sequence",660,660,96%,0.0,74.06,150652,"=HYPERLINK(""https://www.ncbi.nlm.nih.gov/nucleotide/JAKIKH010000063.1?report=genbank&log$=nucltop&blast_rank=17&RID=5W0ZEMU9016"",""JAKIKH010000063.1"")"
"Penicillium roqueforti strain DTO 027-I6 scaffold_001, whole genome shotgun sequence",660,660,96%,0.0,74.06,2574289,"=HYPERLINK(""https://www.ncbi.nlm.nih.gov/nucleotide/JAKIKE010000002.1?report=genbank&log$=nucltop&blast_rank=18&RID=5W0ZEMU9016"",""JAKIKE010000002.1"")"
"Penicillium roqueforti strain DTO 039-G3 scaffold_10, whole genome shotgun sequence",660,660,96%,0.0,74.06,1081760,"=HYPERLINK(""https://www.ncbi.nlm.nih.gov/nucleotide/JAKIKC010000012.1?report=genbank&log$=nucltop&blast_rank=19&RID=5W0ZEMU9016"",""JAKIKC010000012.1"")"
"Penicillium roqueforti strain CBS 147326 scaffold_017, whole genome shotgun sequence",660,660,96%,0.0,74.06,612442,"=HYPERLINK(""https://www.ncbi.nlm.nih.gov/nucleotide/JAKIJY010000025.1?report=genbank&log$=nucltop&blast_rank=20&RID=5W0ZEMU9016"",""JAKIJY010000025.1"")"
"Penicillium roqueforti strain CBS 147330 scaffold_005, whole genome shotgun sequence",660,660,96%,0.0,74.06,1057053,"=HYPERLINK(""https://www.ncbi.nlm.nih.gov/nucleotide/JAKIJX010000007.1?report=genbank&log$=nucltop&blast_rank=21&RID=5W0ZEMU9016"",""JAKIJX010000007.1"")"
"Penicillium roqueforti strain CBS 147333 scaffold_038, whole genome shotgun sequence",660,660,96%,0.0,74.06,251240,"=HYPERLINK(""https://www.ncbi.nlm.nih.gov/nucleotide/JAKIJV010000044.1?report=genbank&log$=nucltop&blast_rank=22&RID=5W0ZEMU9016"",""JAKIJV010000044.1"")"
"Penicillium roqueforti strain CBS 147318 scaffold_06, whole genome shotgun sequence",660,660,96%,0.0,74.06,1251976,"=HYPERLINK(""https://www.ncbi.nlm.nih.gov/nucleotide/JAIWKL010000007.1?report=genbank&log$=nucltop&blast_rank=23&RID=5W0ZEMU9016"",""JAIWKL010000007.1"")"
"Penicillium roqueforti strain LCP 96.3914a scaffold_010, whole genome shotgun sequence",660,660,96%,0.0,74.06,755013,"=HYPERLINK(""https://www.ncbi.nlm.nih.gov/nucleotide/JAIWKG010000011.1?report=genbank&log$=nucltop&blast_rank=24&RID=5W0ZEMU9016"",""JAIWKG010000011.1"")"
"Penicillium roqueforti strain LCP96 04111 scaffold_06, whole genome shotgun sequence",660,660,96%,0.0,74.06,863429,"=HYPERLINK(""https://www.ncbi.nlm.nih.gov/nucleotide/JABCSE010000007.1?report=genbank&log$=nucltop&blast_rank=25&RID=5W0ZEMU9016"",""JABCSE010000007.1"")"
"Penicillium roqueforti DNA, scaffold: scaffold_1, strain: JCM 22842, whole genome shotgun sequence",660,660,96%,0.0,74.06,5360957,"=HYPERLINK(""https://www.ncbi.nlm.nih.gov/nuccore/BCID01000002"",""BCID01000002.1"")"
"Penicillium psychrosexuale strain IBT 29551 utg000006l, whole genome shotgun sequence",658,658,96%,0.0,73.81,1698116,"=HYPERLINK(""https://www.ncbi.nlm.nih.gov/nucleotide/JAQJAT010000006.1?report=genbank&log$=nucltop&blast_rank=27&RID=5W0ZEMU9016"",""JAQJAT010000006.1"")"
"Paecilomyces niveus strain Cornell orchards no. 7 scaffold_150, whole genome shotgun sequence",656,656,93%,0.0,74.21,119561,"=HYPERLINK(""https://www.ncbi.nlm.nih.gov/nuccore/QEIL01000151"",""QEIL01000151.1"")"
"Penicillium roqueforti strain UASWS P1 Contig354, whole genome shotgun sequence",655,655,96%,0.0,73.97,122045,"=HYPERLINK(""https://www.ncbi.nlm.nih.gov/nuccore/JNNS01000353"",""JNNS01000353.1"")"
"Penicillium roqueforti strain DTO 002-I6 scaffold_010, whole genome shotgun sequence",655,655,96%,0.0,73.97,693789,"=HYPERLINK(""https://www.ncbi.nlm.nih.gov/nucleotide/JAKIKO010000015.1?report=genbank&log$=nucltop&blast_rank=30&RID=5W0ZEMU9016"",""JAKIKO010000015.1"")"
"Penicillium roqueforti strain CBS 147309 scaffold_07, whole genome shotgun sequence",655,655,96%,0.0,73.97,866875,"=HYPERLINK(""https://www.ncbi.nlm.nih.gov/nucleotide/JAKIKK010000008.1?report=genbank&log$=nucltop&blast_rank=31&RID=5W0ZEMU9016"",""JAKIKK010000008.1"")"
"Penicillium roqueforti strain DTO 013-E5 scaffold_006, whole genome shotgun sequence",655,655,96%,0.0,73.97,989844,"=HYPERLINK(""https://www.ncbi.nlm.nih.gov/nucleotide/JAKIKG010000007.1?report=genbank&log$=nucltop&blast_rank=32&RID=5W0ZEMU9016"",""JAKIKG010000007.1"")"
"Penicillium roqueforti strain CBS 147311 scaffold_014, whole genome shotgun sequence",655,655,96%,0.0,73.97,518095,"=HYPERLINK(""https://www.ncbi.nlm.nih.gov/nucleotide/JAKIKF010000019.1?report=genbank&log$=nucltop&blast_rank=33&RID=5W0ZEMU9016"",""JAKIKF010000019.1"")"
"Penicillium roqueforti strain DTO 032-C6 scaffold_057, whole genome shotgun sequence",655,655,96%,0.0,73.97,107530,"=HYPERLINK(""https://www.ncbi.nlm.nih.gov/nucleotide/JAKIKD010000057.1?report=genbank&log$=nucltop&blast_rank=34&RID=5W0ZEMU9016"",""JAKIKD010000057.1"")"
"Penicillium roqueforti strain DTO 046-C5 scaffold_014, whole genome shotgun sequence",655,655,96%,0.0,73.97,732117,"=HYPERLINK(""https://www.ncbi.nlm.nih.gov/nucleotide/JAKIKB010000014.1?report=genbank&log$=nucltop&blast_rank=35&RID=5W0ZEMU9016"",""JAKIKB010000014.1"")"
"Penicillium roqueforti strain CBS 147317 scaffold_05, whole genome shotgun sequence",655,655,96%,0.0,73.97,1463688,"=HYPERLINK(""https://www.ncbi.nlm.nih.gov/nucleotide/JAKIKA010000007.1?report=genbank&log$=nucltop&blast_rank=36&RID=5W0ZEMU9016"",""JAKIKA010000007.1"")"
"Penicillium roqueforti strain CBS 147325 scaffold_024, whole genome shotgun sequence",655,655,96%,0.0,73.97,406032,"=HYPERLINK(""https://www.ncbi.nlm.nih.gov/nucleotide/JAKIJZ010000025.1?report=genbank&log$=nucltop&blast_rank=37&RID=5W0ZEMU9016"",""JAKIJZ010000025.1"")"
"Penicillium roqueforti strain CBS 147338 scaffold_023, whole genome shotgun sequence",655,655,96%,0.0,73.97,353999,"=HYPERLINK(""https://www.ncbi.nlm.nih.gov/nucleotide/JAKIJU010000021.1?report=genbank&log$=nucltop&blast_rank=38&RID=5W0ZEMU9016"",""JAKIJU010000021.1"")"
"Penicillium roqueforti strain CBS 147339 scaffold_004, whole genome shotgun sequence",655,655,96%,0.0,73.97,1267634,"=HYPERLINK(""https://www.ncbi.nlm.nih.gov/nucleotide/JAKIJT010000005.1?report=genbank&log$=nucltop&blast_rank=39&RID=5W0ZEMU9016"",""JAKIJT010000005.1"")"
"Penicillium roqueforti strain DTO 012-A1 scaffold_019, whole genome shotgun sequence",655,655,96%,0.0,73.97,507779,"=HYPERLINK(""https://www.ncbi.nlm.nih.gov/nucleotide/JAIWKO010000020.1?report=genbank&log$=nucltop&blast_rank=40&RID=5W0ZEMU9016"",""JAIWKO010000020.1"")"
"Penicillium roqueforti strain DTO 012-A8 scaffold_0065, whole genome shotgun sequence",655,655,96%,0.0,73.97,106896,"=HYPERLINK(""https://www.ncbi.nlm.nih.gov/nucleotide/JAIWKN010000066.1?report=genbank&log$=nucltop&blast_rank=41&RID=5W0ZEMU9016"",""JAIWKN010000066.1"")"
"Penicillium roqueforti strain DTO 013-F2 scaffold_027, whole genome shotgun sequence",655,655,96%,0.0,73.97,320526,"=HYPERLINK(""https://www.ncbi.nlm.nih.gov/nucleotide/JAIWKM010000029.1?report=genbank&log$=nucltop&blast_rank=42&RID=5W0ZEMU9016"",""JAIWKM010000029.1"")"
"Penicillium roqueforti strain CBS 147372 scaffold_07, whole genome shotgun sequence",655,655,96%,0.0,73.97,1053536,"=HYPERLINK(""https://www.ncbi.nlm.nih.gov/nucleotide/JAIWKJ010000008.1?report=genbank&log$=nucltop&blast_rank=43&RID=5W0ZEMU9016"",""JAIWKJ010000008.1"")"
"Penicillium roqueforti strain CBS 147354 scaffold_009, whole genome shotgun sequence",655,655,96%,0.0,73.97,704020,"=HYPERLINK(""https://www.ncbi.nlm.nih.gov/nucleotide/JAIWKI010000010.1?report=genbank&log$=nucltop&blast_rank=44&RID=5W0ZEMU9016"",""JAIWKI010000010.1"")"
"Penicillium roqueforti FM164 WGS project CBMR00000000 data, strain FM164, contig ProqFM164S05-21, whole genome shotgun sequence",655,655,96%,0.0,73.97,246380,"=HYPERLINK(""https://www.ncbi.nlm.nih.gov/nuccore/CBMR010000309"",""CBMR010000309.1"")"
"Penicillium roqueforti strain DTO 006-G7 scaffold_020, whole genome shotgun sequence",651,651,96%,0.0,73.88,446814,"=HYPERLINK(""https://www.ncbi.nlm.nih.gov/nucleotide/JAKIKL010000021.1?report=genbank&log$=nucltop&blast_rank=46&RID=5W0ZEMU9016"",""JAKIKL010000021.1"")"
"Penicillium roqueforti strain DTO 012-A7 scaffold_12, whole genome shotgun sequence",651,651,96%,0.0,73.88,855963,"=HYPERLINK(""https://www.ncbi.nlm.nih.gov/nucleotide/JAKIKI010000013.1?report=genbank&log$=nucltop&blast_rank=47&RID=5W0ZEMU9016"",""JAKIKI010000013.1"")"
"Penicillium roqueforti strain CBS 147331 scaffold_10, whole genome shotgun sequence",651,651,96%,0.0,73.88,992589,"=HYPERLINK(""https://www.ncbi.nlm.nih.gov/nucleotide/JAKIJW010000011.1?report=genbank&log$=nucltop&blast_rank=48&RID=5W0ZEMU9016"",""JAKIJW010000011.1"")"
"Penicillium roqueforti strain CBS 147337 scaffold_017, whole genome shotgun sequence",651,651,96%,0.0,73.88,589670,"=HYPERLINK(""https://www.ncbi.nlm.nih.gov/nucleotide/JAKIJR010000017.1?report=genbank&log$=nucltop&blast_rank=49&RID=5W0ZEMU9016"",""JAKIJR010000017.1"")"
"Penicillium roqueforti strain DTO 006-G1 scaffold_004, whole genome shotgun sequence",651,651,96%,0.0,73.88,1190712,"=HYPERLINK(""https://www.ncbi.nlm.nih.gov/nucleotide/JAIWKP010000005.1?report=genbank&log$=nucltop&blast_rank=50&RID=5W0ZEMU9016"",""JAIWKP010000005.1"")"
"Penicillium roqueforti strain CBS 147332 scaffold_03, whole genome shotgun sequence",651,651,96%,0.0,73.88,2261135,"=HYPERLINK(""https://www.ncbi.nlm.nih.gov/nucleotide/JAIWKK010000004.1?report=genbank&log$=nucltop&blast_rank=51&RID=5W0ZEMU9016"",""JAIWKK010000004.1"")"
"Penicillium roqueforti strain CBS 147355 scaffold_06, whole genome shotgun sequence",642,642,96%,0.0,73.70,1471781,"=HYPERLINK(""https://www.ncbi.nlm.nih.gov/nucleotide/JAIWKH010000007.1?report=genbank&log$=nucltop&blast_rank=52&RID=5W0ZEMU9016"",""JAIWKH010000007.1"")"
"Aspergillus pseudoglaucus strain FJII-L3-SW-P1 NODE_19_length_251015_cov_19.786473, whole genome shotgun sequence",635,635,92%,1e-178,73.72,251015,"=HYPERLINK(""https://www.ncbi.nlm.nih.gov/nucleotide/JAKLMM010000019.1?report=genbank&log$=nucltop&blast_rank=53&RID=5W0ZEMU9016"",""JAKLMM010000019.1"")"
"Aspergillus brunneus strain CBS 112.26 S/N-202-OC-P1_contig_143, whole genome shotgun sequence",635,635,92%,1e-178,73.72,223338,"=HYPERLINK(""https://www.ncbi.nlm.nih.gov/nucleotide/JAILXD010000142.1?report=genbank&log$=nucltop&blast_rank=54&RID=5W0ZEMU9016"",""JAILXD010000142.1"")"
"Aspergillus brunneus strain CBS 112.26 S/N-302-OC-R2_contig_56, whole genome shotgun sequence",635,635,92%,1e-178,73.72,232216,"=HYPERLINK(""https://www.ncbi.nlm.nih.gov/nucleotide/JAILXB010000055.1?report=genbank&log$=nucltop&blast_rank=55&RID=5W0ZEMU9016"",""JAILXB010000055.1"")"
"Aspergillus pseudoglaucus strain E42 NODE_2_length_1390792_cov_35.526446, whole genome shotgun sequence",626,626,92%,5e-176,73.53,1390792,"=HYPERLINK(""https://www.ncbi.nlm.nih.gov/nucleotide/JBDODC010000002.1?report=genbank&log$=nucltop&blast_rank=56&RID=5W0ZEMU9016"",""JBDODC010000002.1"")"
"Penicillium parvum strain 4-14b Contig2, whole genome shotgun sequence",455,455,93%,5e-125,69.91,4360274,"=HYPERLINK(""https://www.ncbi.nlm.nih.gov/nucleotide/JAPJNL010000002.1?report=genbank&log$=nucltop&blast_rank=57&RID=5W0ZEMU9016"",""JAPJNL010000002.1"")"
"Penicillium arizonense strain CBS 141311 PENARI_contig010, whole genome shotgun sequence",337,337,93%,4e-89,67.53,1033882,"=HYPERLINK(""https://www.ncbi.nlm.nih.gov/nuccore/LXJU01000010"",""LXJU01000010.1"")"
"Penicillium nucicola strain IBT 29836 utg000010l, whole genome shotgun sequence",323,323,91%,8e-85,67.74,6604545,"=HYPERLINK(""https://www.ncbi.nlm.nih.gov/nucleotide/JAQJAQ010000010.1?report=genbank&log$=nucltop&blast_rank=59&RID=5W0ZEMU9016"",""JAQJAQ010000010.1"")"
"Aspergillus latus strain NRRL 200 NODE_208_length_62532_cov_52.5264_ID_8229804, whole genome shotgun sequence",306,306,74%,6e-80,68.07,62532,"=HYPERLINK(""https://www.ncbi.nlm.nih.gov/nuccore/VCRM01000210"",""VCRM01000210.1"")"
"Aspergillus latus strain MM151978 NODE_13_length_703615_cov_27.7305_ID_6473188, whole genome shotgun sequence",306,306,74%,6e-80,68.07,703615,"=HYPERLINK(""https://www.ncbi.nlm.nih.gov/nuccore/VCRL01000017"",""VCRL01000017.1"")"
"Aspergillus latus strain NIH NODE_15_length_675899_cov_39.9057_ID_9225010, whole genome shotgun sequence",306,306,74%,6e-80,68.07,675899,"=HYPERLINK(""https://www.ncbi.nlm.nih.gov/nuccore/VCRK01000018"",""VCRK01000018.1"")"
"Aspergillus latus strain ASFU1710 NODE_312_length_62887_cov_30.4764_ID_162697, whole genome shotgun sequence",306,306,74%,6e-80,68.07,62887,"=HYPERLINK(""https://www.ncbi.nlm.nih.gov/nuccore/VCRJ01000312"",""VCRJ01000312.1"")"
"Aspergillus latus strain ASFU1908 NODE_2_length_351160_cov_40.1295_ID_160181, whole genome shotgun sequence",306,306,74%,6e-80,68.07,351160,"=HYPERLINK(""https://www.ncbi.nlm.nih.gov/nuccore/VCRI01000002"",""VCRI01000002.1"")"
"Aspergillus latus strain ASFU2033 NODE_23_length_399327_cov_21.038_ID_85350, whole genome shotgun sequence",306,306,74%,6e-80,68.07,399327,"=HYPERLINK(""https://www.ncbi.nlm.nih.gov/nuccore/VCRH01000023"",""VCRH01000023.1"")"
"Aspergillus spinulosporus strain 4060 NODE_85_length_63836_cov_22.3288_ID_30844, whole genome shotgun sequence",306,306,74%,6e-80,68.07,63836,"=HYPERLINK(""https://www.ncbi.nlm.nih.gov/nuccore/VCRF01000085"",""VCRF01000085.1"")"
"Aspergillus spinulosporus strain NRRL 2395 NODE_26_length_400749_cov_44.1572_ID_2200832, whole genome shotgun sequence",306,306,74%,6e-80,68.07,400749,"=HYPERLINK(""https://www.ncbi.nlm.nih.gov/nuccore/QPHH01000026"",""QPHH01000026.1"")"
"Aspergillus hancockii strain FRR 3425 scaffold_641, whole genome shotgun sequence",274,274,51%,4e-70,70.62,10272,"=HYPERLINK(""https://www.ncbi.nlm.nih.gov/nuccore/MBFL02000641"",""MBFL02000641.1"")"
"Aspergillus aff. floccosus IMV 01167 jcf7180000027623, whole genome shotgun sequence",261,261,73%,2e-66,67.79,988538,"=HYPERLINK(""https://www.ncbi.nlm.nih.gov/nuccore/MSJE01000315"",""MSJE01000315.1"")"
"Aspergillus udagawae IFM 46972 DNA, scaffold_122, whole genome shotgun sequence",225,225,47%,2e-55,69.72,61711,"=HYPERLINK(""https://www.ncbi.nlm.nih.gov/nuccore/BLKC01000122"",""BLKC01000122.1"")"
"Aspergillus udagawae IFM 46973 DNA, scaffold_6, whole genome shotgun sequence",225,225,47%,2e-55,69.72,2626078,"=HYPERLINK(""https://www.ncbi.nlm.nih.gov/nuccore/BBXM02000006"",""BBXM02000006.1"")"
"Aspergillus baeticus strain NRRL 62501 c00002_NODE_2_.., whole genome shotgun sequence",213,300,71%,1e-51,68.93,1492632,"=HYPERLINK(""https://www.ncbi.nlm.nih.gov/nucleotide/JAPDEI010000002.1?report=genbank&log$=nucltop&blast_rank=72&RID=5W0ZEMU9016"",""JAPDEI010000002.1"")"
"Penicillium sp. S1316 strain R2504 ctg_59, whole genome shotgun sequence",208,291,71%,1e-50,68.75,254364,"=HYPERLINK(""https://www.ncbi.nlm.nih.gov/nucleotide/JAMAHF010000059.1?report=genbank&log$=nucltop&blast_rank=73&RID=5W0ZEMU9016"",""JAMAHF010000059.1"")"
"Penicillium corylophilum strain F5_1S_1A_F NODE_4_length_2234448_cov_79.447604, whole genome shotgun sequence",206,206,33%,4e-50,72.03,2234448,"=HYPERLINK(""https://www.ncbi.nlm.nih.gov/nucleotide/JAGUQL010000004.1?report=genbank&log$=nucltop&blast_rank=74&RID=5W0ZEMU9016"",""JAGUQL010000004.1"")"
"Penicillium corylophilum strain F5_1S_1B_F NODE_1_length_4093289_cov_61.283743, whole genome shotgun sequence",206,206,33%,4e-50,72.03,4093289,"=HYPERLINK(""https://www.ncbi.nlm.nih.gov/nucleotide/JAGUQK010000001.1?report=genbank&log$=nucltop&blast_rank=75&RID=5W0ZEMU9016"",""JAGUQK010000001.1"")"
"Byssochlamys sp. AF001 NODE_3_length_4651098_cov_45.3959, whole genome shotgun sequence",191,191,35%,3e-45,70.97,4651098,"=HYPERLINK(""https://www.ncbi.nlm.nih.gov/nuccore/PNEM01000003"",""PNEM01000003.1"")"
"Paecilomyces dactylethromorphus strain FRR 0699 NODE_25_length_558962_cov_41.678841, whole genome shotgun sequence",191,191,35%,3e-45,70.97,559060,"=HYPERLINK(""https://www.ncbi.nlm.nih.gov/nucleotide/JAPVCF010000023.1?report=genbank&log$=nucltop&blast_rank=77&RID=5W0ZEMU9016"",""JAPVCF010000023.1"")"
"Paecilomyces dactylethromorphus strain FRR 5262 NODE_76_length_2862342_cov_63.869884, whole genome shotgun sequence",191,191,35%,3e-45,70.97,2862440,"=HYPERLINK(""https://www.ncbi.nlm.nih.gov/nucleotide/JAPVCE010000042.1?report=genbank&log$=nucltop&blast_rank=78&RID=5W0ZEMU9016"",""JAPVCE010000042.1"")"
"Penicillium roqueforti strain CECT 2905 contig1143, whole genome shotgun sequence",158,158,13%,2e-35,82.89,29818,"=HYPERLINK(""https://www.ncbi.nlm.nih.gov/nuccore/MSQC01000628"",""MSQC01000628.1"")"
"Penicillium roqueforti FM164 WGS project CBMR00000000 data, strain FM164, contig ProqFM164S03-37, whole genome shotgun sequence",158,158,13%,2e-35,82.89,29950,"=HYPERLINK(""https://www.ncbi.nlm.nih.gov/nuccore/CBMR010000228"",""CBMR010000228.1"")"
"Aspergillus sp. ATCC 12892 Aspergillus_oryzae_ATCC12892_contig_145, whole genome shotgun sequence",113,113,36%,7e-22,66.43,242169,"=HYPERLINK(""https://www.ncbi.nlm.nih.gov/nuccore/NVQI01000144"",""NVQI01000144.1"")"
"Aspergillus candidus strain CBS 102.13 BDW47scaffold_4_Cont13, whole genome shotgun sequence",112,112,12%,3e-21,77.08,395595,"=HYPERLINK(""https://www.ncbi.nlm.nih.gov/nuccore/PKFS01000013"",""PKFS01000013.1"")"
"Aspergillus parasiticus strain PWE36 NODE_768_length_13367_cov_21.7666, whole genome shotgun sequence",109,109,36%,9e-21,66.18,13347,"=HYPERLINK(""https://www.ncbi.nlm.nih.gov/nuccore/WELH01001400"",""WELH01001400.1"")"
"Aspergillus parasiticus strain CBS 117618 BDV34scaffold_12_Cont24, whole genome shotgun sequence",109,109,36%,9e-21,66.18,600378,"=HYPERLINK(""https://www.ncbi.nlm.nih.gov/nuccore/SWCZ01000024"",""SWCZ01000024.1"")"
"Aspergillus transmontanensis strain CBS 130015 BDV41scaffold_96_Cont159, whole genome shotgun sequence",109,109,36%,9e-21,66.18,141019,"=HYPERLINK(""https://www.ncbi.nlm.nih.gov/nuccore/STFK01000159"",""STFK01000159.1"")"
"Aspergillus parasiticus strain E1348 E1348_paired_contig_68, whole genome shotgun sequence",109,109,36%,9e-21,66.18,679582,"=HYPERLINK(""https://www.ncbi.nlm.nih.gov/nuccore/SJFE01000068"",""SJFE01000068.1"")"
"Aspergillus parasiticus strain E1319 E1319_(paired)_trimmed_(paired)_contig_54, whole genome shotgun sequence",109,109,36%,9e-21,66.18,289220,"=HYPERLINK(""https://www.ncbi.nlm.nih.gov/nuccore/SJFB01000054"",""SJFB01000054.1"")"
"Aspergillus parasiticus SU-1 715, whole genome shotgun sequence",109,109,36%,9e-21,66.18,37156,"=HYPERLINK(""https://www.ncbi.nlm.nih.gov/nuccore/JZEE01000699"",""JZEE01000699.1"")"
"Aspergillus parasiticus SU-1 contig_002084, whole genome shotgun sequence",109,109,36%,9e-21,66.18,2073,"=HYPERLINK(""https://www.ncbi.nlm.nih.gov/nuccore/JMUG01002084"",""JMUG01002084.1"")"
"Aspergillus parasiticus isolate MRI410 chromosome 7 A_parasit_contig_25, whole genome shotgun sequence",109,109,36%,9e-21,66.18,2656761,"=HYPERLINK(""https://www.ncbi.nlm.nih.gov/nucleotide/JAMRJN010000020.1?report=genbank&log$=nucltop&blast_rank=90&RID=5W0ZEMU9016"",""JAMRJN010000020.1"")"
"Aspergillus flavus strain DMIN NODE_61, whole genome shotgun sequence",109,109,36%,9e-21,66.18,120094,"=HYPERLINK(""https://www.ncbi.nlm.nih.gov/nucleotide/JALMFT010000053.1?report=genbank&log$=nucltop&blast_rank=91&RID=5W0ZEMU9016"",""JALMFT010000053.1"")"
"Aspergillus sojae TK-85 DNA, contig23, whole genome shotgun sequence",109,109,36%,9e-21,66.18,2478219,"=HYPERLINK(""https://www.ncbi.nlm.nih.gov/nuccore/BJBL01000023"",""BJBL01000023.1"")"
"Aspergillus sojae TK-84 DNA, contig27, whole genome shotgun sequence",109,109,36%,9e-21,66.18,2478411,"=HYPERLINK(""https://www.ncbi.nlm.nih.gov/nuccore/BJBK01000027"",""BJBK01000027.1"")"
"Aspergillus sojae TK-83 DNA, contig17, whole genome shotgun sequence",109,109,36%,9e-21,66.18,3077674,"=HYPERLINK(""https://www.ncbi.nlm.nih.gov/nuccore/BJBJ01000017"",""BJBJ01000017.1"")"
"Aspergillus sojae NBRC 4239 DNA, contig: contig065, whole genome shotgun sequence",109,109,36%,9e-21,66.18,310624,"=HYPERLINK(""https://www.ncbi.nlm.nih.gov/nuccore/BACA02000065"",""BACA02000065.1"")"
"Aspergillus parasiticus strain 68-5 Contig0283, whole genome shotgun sequence",106,106,36%,1e-19,66.59,37121,"=HYPERLINK(""https://www.ncbi.nlm.nih.gov/nuccore/LOAP01000283"",""LOAP01000283.1"")"
"Aspergillus sergii strain CBS 130017 BDV39scaffold_111_Cont158, whole genome shotgun sequence",104,104,36%,4e-19,65.94,90808,"=HYPERLINK(""https://www.ncbi.nlm.nih.gov/nuccore/STFL01000158"",""STFL01000158.1"")"
"Aspergillus parasiticus strain E1443 E1443_(paired)_trimmed_(paired)_contig_31, whole genome shotgun sequence",104,104,36%,4e-19,65.94,334372,"=HYPERLINK(""https://www.ncbi.nlm.nih.gov/nuccore/SJFK01000031"",""SJFK01000031.1"")"
"Aspergillus parasiticus strain MM36 NODE_16, whole genome shotgun sequence",104,104,36%,4e-19,65.94,922529,"=HYPERLINK(""https://www.ncbi.nlm.nih.gov/nucleotide/JAWDVE010000016.1?report=genbank&log$=nucltop&blast_rank=99&RID=5W0ZEMU9016"",""JAWDVE010000016.1"")"
"Penicillium pancosmium isolate MUM 23.27 NODE_3_length_343989_cov_83.173911, whole genome shotgun sequence",92.4,92.4,12%,2e-15,74.64,343989,"=HYPERLINK(""https://www.ncbi.nlm.nih.gov/nucleotide/JAVMSB010000003.1?report=genbank&log$=nucltop&blast_rank=100&RID=5W0ZEMU9016"",""JAVMSB010000003.1"")"
"Aspergillus cvjetkovicii strain NRRL 227 c00003_NODE_3_.., whole genome shotgun sequence",92.4,92.4,8%,2e-15,80.61,1841359,"=HYPERLINK(""https://www.ncbi.nlm.nih.gov/nucleotide/JAPDKS010000003.1?report=genbank&log$=nucltop&blast_rank=101&RID=5W0ZEMU9016"",""JAPDKS010000003.1"")"
"Aspergillus sp. MA 6041 strain Y3614 ctg_2, whole genome shotgun sequence",92.4,92.4,8%,2e-15,80.61,3818237,"=HYPERLINK(""https://www.ncbi.nlm.nih.gov/nucleotide/JAMFNV010000002.1?report=genbank&log$=nucltop&blast_rank=102&RID=5W0ZEMU9016"",""JAMFNV010000002.1"")"
"Aspergillus sp. 2663 0000002, whole genome shotgun sequence",87.8,87.8,8%,3e-14,79.59,2177299,"=HYPERLINK(""https://www.ncbi.nlm.nih.gov/nuccore/WOYA01000002"",""WOYA01000002.1"")"
"Aspergillus sp. MA 6041 strain PYS3901 ctg_4, whole genome shotgun sequence",87.8,87.8,8%,3e-14,79.59,2293055,"=HYPERLINK(""https://www.ncbi.nlm.nih.gov/nucleotide/JAMFNU010000004.1?report=genbank&log$=nucltop&blast_rank=104&RID=5W0ZEMU9016"",""JAMFNU010000004.1"")"
"Aspergillus sp. PA3604 ctg_3, whole genome shotgun sequence",87.8,87.8,8%,3e-14,79.59,1470146,"=HYPERLINK(""https://www.ncbi.nlm.nih.gov/nucleotide/JAMABJ010000003.1?report=genbank&log$=nucltop&blast_rank=105&RID=5W0ZEMU9016"",""JAMABJ010000003.1"")"
"Aspergillus sp. B3605 ctg_2, whole genome shotgun sequence",87.8,87.8,8%,3e-14,79.59,3912203,"=HYPERLINK(""https://www.ncbi.nlm.nih.gov/nucleotide/JAMABE010000002.1?report=genbank&log$=nucltop&blast_rank=106&RID=5W0ZEMU9016"",""JAMABE010000002.1"")"
"Aspergillus sp. S3602 ctg_4, whole genome shotgun sequence",87.8,87.8,8%,3e-14,79.59,2263623,"=HYPERLINK(""https://www.ncbi.nlm.nih.gov/nucleotide/JAMABD010000004.1?report=genbank&log$=nucltop&blast_rank=107&RID=5W0ZEMU9016"",""JAMABD010000004.1"")"
"Aspergillus sp. R1430 ctg_2, whole genome shotgun sequence",87.8,87.8,8%,3e-14,79.59,3175353,"=HYPERLINK(""https://www.ncbi.nlm.nih.gov/nucleotide/JAMABC010000002.1?report=genbank&log$=nucltop&blast_rank=108&RID=5W0ZEMU9016"",""JAMABC010000002.1"")"
"Aspergillus sp. 2NF923 ctg_2, whole genome shotgun sequence",87.8,87.8,8%,3e-14,79.59,3860608,"=HYPERLINK(""https://www.ncbi.nlm.nih.gov/nucleotide/JAMABA010000002.1?report=genbank&log$=nucltop&blast_rank=109&RID=5W0ZEMU9016"",""JAMABA010000002.1"")"
"Aspergillus sp. 2NF925 ctg_1, whole genome shotgun sequence",87.8,87.8,8%,3e-14,79.59,3916823,"=HYPERLINK(""https://www.ncbi.nlm.nih.gov/nucleotide/JAMAAY010000001.1?report=genbank&log$=nucltop&blast_rank=110&RID=5W0ZEMU9016"",""JAMAAY010000001.1"")"
"Aspergillus sp. B3601 ctg_3, whole genome shotgun sequence",87.8,87.8,8%,3e-14,79.59,2931676,"=HYPERLINK(""https://www.ncbi.nlm.nih.gov/nucleotide/JAMAAV010000003.1?report=genbank&log$=nucltop&blast_rank=111&RID=5W0ZEMU9016"",""JAMAAV010000003.1"")"
"Aspergillus sp. S3605 ctg_3, whole genome shotgun sequence",87.8,87.8,8%,3e-14,79.59,2342117,"=HYPERLINK(""https://www.ncbi.nlm.nih.gov/nucleotide/JAMAAU010000003.1?report=genbank&log$=nucltop&blast_rank=112&RID=5W0ZEMU9016"",""JAMAAU010000003.1"")"
"Aspergillus sp. 2NF922 ctg_1, whole genome shotgun sequence",87.8,87.8,8%,3e-14,79.59,3666913,"=HYPERLINK(""https://www.ncbi.nlm.nih.gov/nucleotide/JAMAAT010000001.1?report=genbank&log$=nucltop&blast_rank=113&RID=5W0ZEMU9016"",""JAMAAT010000001.1"")"
"Aspergillus jensenii strain C4_18042019 NODE_2_length_1423040_cov_21.857647, whole genome shotgun sequence",85.1,85.1,6%,4e-13,85.14,1423040,"=HYPERLINK(""https://www.ncbi.nlm.nih.gov/nucleotide/JAJAED010000002.1?report=genbank&log$=nucltop&blast_rank=114&RID=5W0ZEMU9016"",""JAJAED010000002.1"")"
"Aspergillus sp. MA 6037 contig00360, whole genome shotgun sequence",83.3,83.3,8%,1e-12,78.57,27111,"=HYPERLINK(""https://www.ncbi.nlm.nih.gov/nuccore/QAGH01000360"",""QAGH01000360.1"")"
"Aspergillus creber strain HOSP050413_5_135 NODE_7_length_1091077_cov_18.144392_1, whole genome shotgun sequence",83.3,83.3,8%,1e-12,78.57,1091077,"=HYPERLINK(""https://www.ncbi.nlm.nih.gov/nucleotide/JAJAEB010000007.1?report=genbank&log$=nucltop&blast_rank=116&RID=5W0ZEMU9016"",""JAJAEB010000007.1"")"
"Aspergillus sydowii CBS 593.65 ASPSYscaffold_2_Cont126, whole genome shotgun sequence",82.4,82.4,7%,1e-12,82.50,155940,"=HYPERLINK(""https://www.ncbi.nlm.nih.gov/nuccore/MRCH01000126"",""MRCH01000126.1"")"
"Aspergillus costiformis strain LH_A226 NODE_15_length_783751_cov_39.400777, whole genome shotgun sequence",82.4,82.4,7%,1e-12,82.50,783751,"=HYPERLINK(""https://www.ncbi.nlm.nih.gov/nucleotide/JAWLTF010000015.1?report=genbank&log$=nucltop&blast_rank=118&RID=5W0ZEMU9016"",""JAWLTF010000015.1"")"
"Aspergillus tennesseensis strain LH_A417 NODE_1_length_1783852_cov_65.006416, whole genome shotgun sequence",82.4,82.4,7%,1e-12,82.50,1783852,"=HYPERLINK(""https://www.ncbi.nlm.nih.gov/nucleotide/JAWLSW010000001.1?report=genbank&log$=nucltop&blast_rank=119&RID=5W0ZEMU9016"",""JAWLSW010000001.1"")"
"Aspergillus sp. M3606 ctg_1, whole genome shotgun sequence",82.4,82.4,7%,1e-12,82.50,1840086,"=HYPERLINK(""https://www.ncbi.nlm.nih.gov/nucleotide/JALZZM010000001.1?report=genbank&log$=nucltop&blast_rank=120&RID=5W0ZEMU9016"",""JALZZM010000001.1"")"
"Aspergillus sp. S4402 ctg_1, whole genome shotgun sequence",82.4,82.4,7%,1e-12,82.50,1834074,"=HYPERLINK(""https://www.ncbi.nlm.nih.gov/nucleotide/JALZZK010000001.1?report=genbank&log$=nucltop&blast_rank=121&RID=5W0ZEMU9016"",""JALZZK010000001.1"")"
"Aspergillus sp. M3605 ctg_1, whole genome shotgun sequence",82.4,82.4,7%,1e-12,82.50,1780426,"=HYPERLINK(""https://www.ncbi.nlm.nih.gov/nucleotide/JALZZI010000001.1?report=genbank&log$=nucltop&blast_rank=122&RID=5W0ZEMU9016"",""JALZZI010000001.1"")"
"Aspergillus sp. S4401N ctg_1, whole genome shotgun sequence",82.4,82.4,7%,1e-12,82.50,1834085,"=HYPERLINK(""https://www.ncbi.nlm.nih.gov/nucleotide/JALZZH010000001.1?report=genbank&log$=nucltop&blast_rank=123&RID=5W0ZEMU9016"",""JALZZH010000001.1"")"
"Aspergillus versicolor strain ATCC 9577 S/N-202-OC-R1_contig_12, whole genome shotgun sequence",82.4,82.4,7%,1e-12,82.50,544421,"=HYPERLINK(""https://www.ncbi.nlm.nih.gov/nucleotide/JAILXC010000012.1?report=genbank&log$=nucltop&blast_rank=124&RID=5W0ZEMU9016"",""JAILXC010000012.1"")"
"Aspergillus sp. S2111Y ctg_10, whole genome shotgun sequence",78.8,78.8,8%,2e-11,77.55,1080663,"=HYPERLINK(""https://www.ncbi.nlm.nih.gov/nucleotide/JAMABB010000010.1?report=genbank&log$=nucltop&blast_rank=125&RID=5W0ZEMU9016"",""JAMABB010000010.1"")"
"Aspergillus sp. S2101G ctg_3, whole genome shotgun sequence",78.8,78.8,8%,2e-11,77.55,2322771,"=HYPERLINK(""https://www.ncbi.nlm.nih.gov/nucleotide/JAMAAX010000003.1?report=genbank&log$=nucltop&blast_rank=126&RID=5W0ZEMU9016"",""JAMAAX010000003.1"")"
"Aspergillus sp. S2111G.1 ctg_4, whole genome shotgun sequence",78.8,78.8,8%,2e-11,77.55,1668771,"=HYPERLINK(""https://www.ncbi.nlm.nih.gov/nucleotide/JAMAAW010000004.1?report=genbank&log$=nucltop&blast_rank=127&RID=5W0ZEMU9016"",""JAMAAW010000004.1"")"
"Aspergillus sp. PG3606C ctg_4, whole genome shotgun sequence",78.8,78.8,8%,2e-11,77.55,2315261,"=HYPERLINK(""https://www.ncbi.nlm.nih.gov/nucleotide/JAMAAS010000004.1?report=genbank&log$=nucltop&blast_rank=128&RID=5W0ZEMU9016"",""JAMAAS010000004.1"")"
"Aspergillus puulaauensis strain AS33 33-2_Scaffold37, whole genome shotgun sequence",78.8,78.8,8%,2e-11,77.55,273876,"=HYPERLINK(""https://www.ncbi.nlm.nih.gov/nucleotide/JAIOTX010000037.1?report=genbank&log$=nucltop&blast_rank=129&RID=5W0ZEMU9016"",""JAIOTX010000037.1"")"
"Aspergillus versicolor strain D5 ctg000001_pilon_pilon_pilon_pilon, whole genome shotgun sequence",77.9,77.9,7%,5e-11,81.25,5021057,"=HYPERLINK(""https://www.ncbi.nlm.nih.gov/nucleotide/JAQYUX010000002.1?report=genbank&log$=nucltop&blast_rank=130&RID=5W0ZEMU9016"",""JAQYUX010000002.1"")"
"Aspergillus sp. PM3604 strain PG3605 ctg_4, whole genome shotgun sequence",77.9,77.9,7%,5e-11,81.25,843273,"=HYPERLINK(""https://www.ncbi.nlm.nih.gov/nucleotide/JAMFNW010000004.1?report=genbank&log$=nucltop&blast_rank=131&RID=5W0ZEMU9016"",""JAMFNW010000004.1"")"
"Aspergillus sp. S2805 ctg_1, whole genome shotgun sequence",77.9,77.9,7%,5e-11,81.25,3043060,"=HYPERLINK(""https://www.ncbi.nlm.nih.gov/nucleotide/JAMAHU010000001.1?report=genbank&log$=nucltop&blast_rank=132&RID=5W0ZEMU9016"",""JAMAHU010000001.1"")"
"Aspergillus sp. S1902Y strain PM3604 ctg_26, whole genome shotgun sequence",77.9,77.9,7%,5e-11,81.25,395377,"=HYPERLINK(""https://www.ncbi.nlm.nih.gov/nucleotide/JAMAHT010000026.1?report=genbank&log$=nucltop&blast_rank=133&RID=5W0ZEMU9016"",""JAMAHT010000026.1"")"
"Aspergillus sp. F3603 strain S1902Y ctg_91, whole genome shotgun sequence",77.9,77.9,7%,5e-11,81.25,101317,"=HYPERLINK(""https://www.ncbi.nlm.nih.gov/nucleotide/JAMAHS010000091.1?report=genbank&log$=nucltop&blast_rank=134&RID=5W0ZEMU9016"",""JAMAHS010000091.1"")"
"Aspergillus sp. R3607 strain F3603 ctg_1, whole genome shotgun sequence",77.9,77.9,7%,5e-11,81.25,3140298,"=HYPERLINK(""https://www.ncbi.nlm.nih.gov/nucleotide/JAMAHR010000001.1?report=genbank&log$=nucltop&blast_rank=135&RID=5W0ZEMU9016"",""JAMAHR010000001.1"")"
"Aspergillus sp. R2305 strain R3607 ctg_59, whole genome shotgun sequence",77.9,77.9,7%,5e-11,81.25,173632,"=HYPERLINK(""https://www.ncbi.nlm.nih.gov/nucleotide/JAMAHQ010000059.1?report=genbank&log$=nucltop&blast_rank=136&RID=5W0ZEMU9016"",""JAMAHQ010000059.1"")"
"Aspergillus protuberus strain HOSP050413_4_129 NODE_5_length_1579286_cov_23.776353, whole genome shotgun sequence",77.9,77.9,7%,5e-11,81.25,1579286,"=HYPERLINK(""https://www.ncbi.nlm.nih.gov/nucleotide/JAJAEC010000005.1?report=genbank&log$=nucltop&blast_rank=137&RID=5W0ZEMU9016"",""JAJAEC010000005.1"")"
"Aspergillus sp. MA 6041 contig00005, whole genome shotgun sequence",76.1,76.1,6%,2e-10,82.43,589349,"=HYPERLINK(""https://www.ncbi.nlm.nih.gov/nuccore/QAGJ01000005"",""QAGJ01000005.1"")"
"Aspergillus fructus strain NRRL 239 c00006_NODE_6_.., whole genome shotgun sequence",76.1,76.1,8%,2e-10,76.77,1677664,"=HYPERLINK(""https://www.ncbi.nlm.nih.gov/nucleotide/JAPDEM010000006.1?report=genbank&log$=nucltop&blast_rank=139&RID=5W0ZEMU9016"",""JAPDEM010000006.1"")"
"Aspergillus sp. R2506 ctg_1, whole genome shotgun sequence",76.1,76.1,6%,2e-10,82.43,4935468,"=HYPERLINK(""https://www.ncbi.nlm.nih.gov/nucleotide/JAMAAZ010000001.1?report=genbank&log$=nucltop&blast_rank=140&RID=5W0ZEMU9016"",""JAMAAZ010000001.1"")"
"Aspergillus sp. PM3601 ctg_2, whole genome shotgun sequence",76.1,76.1,6%,2e-10,82.43,2895241,"=HYPERLINK(""https://www.ncbi.nlm.nih.gov/nucleotide/JAMAAR010000002.1?report=genbank&log$=nucltop&blast_rank=141&RID=5W0ZEMU9016"",""JAMAAR010000002.1"")"
"Aspergillus diversus strain NRRL 5074 c00032_NODE_32.., whole genome shotgun sequence",75.2,75.2,4%,2e-10,92.16,421583,"=HYPERLINK(""https://www.ncbi.nlm.nih.gov/nucleotide/JAPDKZ010000032.1?report=genbank&log$=nucltop&blast_rank=142&RID=5W0ZEMU9016"",""JAPDKZ010000032.1"")"
"Aspergillus amoenus strain UdeA_Aid1 SAMN11259652_scaffold_107, whole genome shotgun sequence",74.3,74.3,8%,7e-10,76.53,96270,"=HYPERLINK(""https://www.ncbi.nlm.nih.gov/nuccore/VTSW01000007"",""VTSW01000007.1"")"
"Aspergillus versicolor CBS 583.65 ASPVEscaffold_1_Cont8, whole genome shotgun sequence",74.3,74.3,8%,7e-10,76.53,376945,"=HYPERLINK(""https://www.ncbi.nlm.nih.gov/nuccore/MRBN01000008"",""MRBN01000008.1"")"
"Aspergillus carlsbadensis strain CBS 123894 BJY00scaffold_103_Cont161, whole genome shotgun sequence",73.4,73.4,7%,7e-10,80.00,116711,"=HYPERLINK(""https://www.ncbi.nlm.nih.gov/nuccore/SWKC01000161"",""SWKC01000161.1"")"
"Aspergillus calidoustus strain FKII-L3-BK-PAB1 NODE_16_length_736128_cov_24.227975, whole genome shotgun sequence",71.6,71.6,7%,2e-09,77.53,736128,"=HYPERLINK(""https://www.ncbi.nlm.nih.gov/nucleotide/JAKLNR010000016.1?report=genbank&log$=nucltop&blast_rank=146&RID=5W0ZEMU9016"",""JAKLNR010000016.1"")"
"Aspergillus calidoustus strain FKII-L2-CM-PAB1 NODE_3_length_1514826_cov_25.749869, whole genome shotgun sequence",71.6,71.6,7%,2e-09,77.53,1514826,"=HYPERLINK(""https://www.ncbi.nlm.nih.gov/nucleotide/JAKLNM010000003.1?report=genbank&log$=nucltop&blast_rank=147&RID=5W0ZEMU9016"",""JAKLNM010000003.1"")"
"Aspergillus calidoustus strain FKII-L2-CM-DR1 NODE_37_length_377166_cov_30.862945, whole genome shotgun sequence",71.6,71.6,7%,2e-09,77.53,377166,"=HYPERLINK(""https://www.ncbi.nlm.nih.gov/nucleotide/JAKLNK010000037.1?report=genbank&log$=nucltop&blast_rank=148&RID=5W0ZEMU9016"",""JAKLNK010000037.1"")"
"Aspergillus calidoustus strain FKI-L3-BK-DRAB1 NODE_4_length_992161_cov_23.327111, whole genome shotgun sequence",71.6,71.6,7%,2e-09,77.53,992161,"=HYPERLINK(""https://www.ncbi.nlm.nih.gov/nucleotide/JAKLMT010000004.1?report=genbank&log$=nucltop&blast_rank=149&RID=5W0ZEMU9016"",""JAKLMT010000004.1"")"
"Aspergillus calidoustus genome assembly Acal_Allpaths_LG, scaffold SCAF8, whole genome shotgun sequence",71.6,71.6,7%,2e-09,77.53,1828511,"=HYPERLINK(""https://www.ncbi.nlm.nih.gov/nuccore/CDMC01000008"",""CDMC01000008.1"")"
"Aspergillus amoenus strain S2904 ctg_32, whole genome shotgun sequence",70.7,70.7,7%,8e-09,79.01,318498,"=HYPERLINK(""https://www.ncbi.nlm.nih.gov/nucleotide/JAMABK010000032.1?report=genbank&log$=nucltop&blast_rank=151&RID=5W0ZEMU9016"",""JAMABK010000032.1"")"
"Aspergillus cavernicola strain NRRL 6327 c00138_NODE_13.., whole genome shotgun sequence",69.8,69.8,8%,8e-09,75.51,67260,"=HYPERLINK(""https://www.ncbi.nlm.nih.gov/nucleotide/JAPDEK010000138.1?report=genbank&log$=nucltop&blast_rank=152&RID=5W0ZEMU9016"",""JAPDEK010000138.1"")"
"Penicillium sp. IBT 16267x utg000011l_segment0_segment0, whole genome shotgun sequence",68.9,68.9,13%,3e-08,72.61,5071699,"=HYPERLINK(""https://www.ncbi.nlm.nih.gov/nucleotide/JAQJZQ010000007.1?report=genbank&log$=nucltop&blast_rank=153&RID=5W0ZEMU9016"",""JAQJZQ010000007.1"")"
"Talaromyces sp. F31 contig_41, whole genome shotgun sequence",68.0,68.0,7%,3e-08,78.02,7092199,"=HYPERLINK(""https://www.ncbi.nlm.nih.gov/nucleotide/JAYXSF010000034.1?report=genbank&log$=nucltop&blast_rank=154&RID=5W0ZEMU9016"",""JAYXSF010000034.1"")"
"Penicillium bialowiezense strain A30 scaffold5_size2191713, whole genome shotgun sequence",68.0,68.0,6%,3e-08,80.56,2191713,"=HYPERLINK(""https://www.ncbi.nlm.nih.gov/nucleotide/JAKZFB010000005.1?report=genbank&log$=nucltop&blast_rank=155&RID=5W0ZEMU9016"",""JAKZFB010000005.1"")"
"Aspergillus latus strain NRRL 200 NODE_38_length_414531_cov_35.6449_ID_8190176, whole genome shotgun sequence",67.1,67.1,7%,1e-07,76.40,414531,"=HYPERLINK(""https://www.ncbi.nlm.nih.gov/nuccore/VCRM01000039"",""VCRM01000039.1"")"
"Aspergillus latus strain MM151978 NODE_7_length_1000113_cov_27.8871_ID_6471916, whole genome shotgun sequence",67.1,67.1,7%,1e-07,76.40,1000113,"=HYPERLINK(""https://www.ncbi.nlm.nih.gov/nuccore/VCRL01000010"",""VCRL01000010.1"")"
"Aspergillus latus strain NIH NODE_44_length_414438_cov_41.6026_ID_9231788, whole genome shotgun sequence",67.1,67.1,7%,1e-07,76.40,414438,"=HYPERLINK(""https://www.ncbi.nlm.nih.gov/nuccore/VCRK01000054"",""VCRK01000054.1"")"
"Aspergillus latus strain ASFU1710 NODE_31_length_273420_cov_29.6297_ID_140084, whole genome shotgun sequence",67.1,67.1,7%,1e-07,76.40,273420,"=HYPERLINK(""https://www.ncbi.nlm.nih.gov/nuccore/VCRJ01000031"",""VCRJ01000031.1"")"
"Aspergillus latus strain ASFU1908 NODE_211_length_87946_cov_29.3436_ID_810597, whole genome shotgun sequence",67.1,67.1,7%,1e-07,76.40,87946,"=HYPERLINK(""https://www.ncbi.nlm.nih.gov/nuccore/VCRI01000211"",""VCRI01000211.1"")"
"Aspergillus latus strain ASFU2033 NODE_93_length_188264_cov_19.7895_ID_119872, whole genome shotgun sequence",67.1,67.1,7%,1e-07,76.40,188264,"=HYPERLINK(""https://www.ncbi.nlm.nih.gov/nuccore/VCRH01000093"",""VCRH01000093.1"")"
"Aspergillus latus strain MO46149 NODE_44_length_241988_cov_19.1136_ID_131500, whole genome shotgun sequence",67.1,67.1,7%,1e-07,76.40,241988,"=HYPERLINK(""https://www.ncbi.nlm.nih.gov/nuccore/VCRG01000044"",""VCRG01000044.1"")"
"Talaromyces amestolkiae strain CIB scaffold6.1, whole genome shotgun sequence",67.1,67.1,16%,1e-07,68.85,1587042,"=HYPERLINK(""https://www.ncbi.nlm.nih.gov/nuccore/MIKG01000006"",""MIKG01000006.1"")"
"Aspergillus ustus strain 3.3904 AUSC_200, whole genome shotgun sequence",67.1,67.1,7%,1e-07,76.40,159461,"=HYPERLINK(""https://www.ncbi.nlm.nih.gov/nuccore/JOMC01000195"",""JOMC01000195.1"")"
"Talaromyces amestolkiae strain G173 c00013_NODE_13.., whole genome shotgun sequence",67.1,67.1,16%,1e-07,68.85,1060128,"=HYPERLINK(""https://www.ncbi.nlm.nih.gov/nucleotide/JAPDKY010000013.1?report=genbank&log$=nucltop&blast_rank=165&RID=5W0ZEMU9016"",""JAPDKY010000013.1"")"
"Talaromyces amestolkiae strain X1601 ctg_7, whole genome shotgun sequence",67.1,67.1,16%,1e-07,68.85,2555221,"=HYPERLINK(""https://www.ncbi.nlm.nih.gov/nucleotide/JAMADG010000007.1?report=genbank&log$=nucltop&blast_rank=166&RID=5W0ZEMU9016"",""JAMADG010000007.1"")"
"Aspergillus calidoustus strain FKII-L3-BK-DRAB4 NODE_39_length_428747_cov_29.957151, whole genome shotgun sequence",67.1,67.1,7%,1e-07,76.40,428747,"=HYPERLINK(""https://www.ncbi.nlm.nih.gov/nucleotide/JAKLNS010000039.1?report=genbank&log$=nucltop&blast_rank=167&RID=5W0ZEMU9016"",""JAKLNS010000039.1"")"
"Aspergillus sp. ADI1 NODE_17_length_692831_cov_44.924048, whole genome shotgun sequence",67.1,67.1,7%,1e-07,76.40,692831,"=HYPERLINK(""https://www.ncbi.nlm.nih.gov/nucleotide/JAHXQV010000017.1?report=genbank&log$=nucltop&blast_rank=168&RID=5W0ZEMU9016"",""JAHXQV010000017.1"")"
"Aspergillus quadrilineatus strain NRRL 201 isolate USDA NODE_226_length_8181_cov_213.119200_trimmed, whole genome shotgun sequence",67.1,67.1,7%,1e-07,76.40,8181,"=HYPERLINK(""https://www.ncbi.nlm.nih.gov/nucleotide/JAAXYA010000226.1?report=genbank&log$=nucltop&blast_rank=169&RID=5W0ZEMU9016"",""JAAXYA010000226.1"")"
"Penicillium longicatenatum strain IBT 33191 utg000007l_segment0_segment0, whole genome shotgun sequence",66.2,66.2,11%,1e-07,74.29,3707402,"=HYPERLINK(""https://www.ncbi.nlm.nih.gov/nucleotide/JAQJAI010000007.1?report=genbank&log$=nucltop&blast_rank=170&RID=5W0ZEMU9016"",""JAQJAI010000007.1"")"
"Talaromyces amestolkiae strain Y5901 ctg_491, whole genome shotgun sequence",65.3,65.3,10%,3e-07,74.38,795039,"=HYPERLINK(""https://www.ncbi.nlm.nih.gov/nucleotide/JAXQKG010000479.1?report=genbank&log$=nucltop&blast_rank=171&RID=5W0ZEMU9016"",""JAXQKG010000479.1"")"
"Talaromyces amestolkiae strain P7603 ctg_785, whole genome shotgun sequence",65.3,65.3,10%,3e-07,74.38,1018300,"=HYPERLINK(""https://www.ncbi.nlm.nih.gov/nucleotide/JAXQHG010000721.1?report=genbank&log$=nucltop&blast_rank=172&RID=5W0ZEMU9016"",""JAXQHG010000721.1"")"
"Aspergillus sydowii strain BOBA1 NODE_268_length_35774_cov_8.757571, whole genome shotgun sequence",64.4,64.4,7%,3e-07,77.50,35774,"=HYPERLINK(""https://www.ncbi.nlm.nih.gov/nuccore/WUTQ01000268"",""WUTQ01000268.1"")"
"Aspergillus sydowii strain Fsh102 Contig39_1, whole genome shotgun sequence",64.4,64.4,7%,3e-07,77.50,262500,"=HYPERLINK(""https://www.ncbi.nlm.nih.gov/nuccore/SMUT01000065"",""SMUT01000065.1"")"
"Aspergillus sp. Z5 contig1_scaffold1, whole genome shotgun sequence",64.4,64.4,7%,3e-07,77.50,257185,"=HYPERLINK(""https://www.ncbi.nlm.nih.gov/nuccore/LDZW01000001"",""LDZW01000001.1"")"
"Aspergillus versicolor strain LH_A329 NODE_2_length_3247041_cov_51.852000, whole genome shotgun sequence",64.4,64.4,7%,3e-07,77.50,3247041,"=HYPERLINK(""https://www.ncbi.nlm.nih.gov/nucleotide/JAWLSN010000002.1?report=genbank&log$=nucltop&blast_rank=176&RID=5W0ZEMU9016"",""JAWLSN010000002.1"")"
"Aspergillus sydowii strain MNP-2 ctg1, whole genome shotgun sequence",64.4,64.4,7%,3e-07,77.50,5687656,"=HYPERLINK(""https://www.ncbi.nlm.nih.gov/nucleotide/JAQTHS010000001.1?report=genbank&log$=nucltop&blast_rank=177&RID=5W0ZEMU9016"",""JAQTHS010000001.1"")"
"Aspergillus sp. Z5 strain PG40-03 ctg_3, whole genome shotgun sequence",64.4,64.4,7%,3e-07,77.50,3734591,"=HYPERLINK(""https://www.ncbi.nlm.nih.gov/nucleotide/JAMFMN010000003.1?report=genbank&log$=nucltop&blast_rank=178&RID=5W0ZEMU9016"",""JAMFMN010000003.1"")"
"Aspergillus sp. Z5 strain S4102 ctg_3, whole genome shotgun sequence",64.4,64.4,7%,3e-07,77.50,2420106,"=HYPERLINK(""https://www.ncbi.nlm.nih.gov/nucleotide/JAMFMM010000003.1?report=genbank&log$=nucltop&blast_rank=179&RID=5W0ZEMU9016"",""JAMFMM010000003.1"")"
"Aspergillus sp. PH3601 ctg_1, whole genome shotgun sequence",64.4,64.4,7%,3e-07,77.50,4150891,"=HYPERLINK(""https://www.ncbi.nlm.nih.gov/nucleotide/JALZZR010000001.1?report=genbank&log$=nucltop&blast_rank=180&RID=5W0ZEMU9016"",""JALZZR010000001.1"")"
"Aspergillus sp. PB4105 ctg_2, whole genome shotgun sequence",64.4,64.4,7%,3e-07,77.50,3212270,"=HYPERLINK(""https://www.ncbi.nlm.nih.gov/nucleotide/JALZZQ010000002.1?report=genbank&log$=nucltop&blast_rank=181&RID=5W0ZEMU9016"",""JALZZQ010000002.1"")"
"Aspergillus sp. R3602 ctg_2, whole genome shotgun sequence",64.4,64.4,7%,3e-07,77.50,2709312,"=HYPERLINK(""https://www.ncbi.nlm.nih.gov/nucleotide/JALZZP010000002.1?report=genbank&log$=nucltop&blast_rank=182&RID=5W0ZEMU9016"",""JALZZP010000002.1"")"
"Aspergillus sp. PA40-03 ctg_3, whole genome shotgun sequence",64.4,64.4,7%,3e-07,77.50,3183028,"=HYPERLINK(""https://www.ncbi.nlm.nih.gov/nucleotide/JALZZO010000003.1?report=genbank&log$=nucltop&blast_rank=183&RID=5W0ZEMU9016"",""JALZZO010000003.1"")"
"Aspergillus sp. PM3602 ctg_1, whole genome shotgun sequence",64.4,64.4,7%,3e-07,77.50,5019509,"=HYPERLINK(""https://www.ncbi.nlm.nih.gov/nucleotide/JALZZN010000001.1?report=genbank&log$=nucltop&blast_rank=184&RID=5W0ZEMU9016"",""JALZZN010000001.1"")"
"Aspergillus sp. PH2503 ctg_3, whole genome shotgun sequence",64.4,64.4,7%,3e-07,77.50,3655177,"=HYPERLINK(""https://www.ncbi.nlm.nih.gov/nucleotide/JALZZL010000003.1?report=genbank&log$=nucltop&blast_rank=185&RID=5W0ZEMU9016"",""JALZZL010000003.1"")"
"Aspergillus sp. PK2410 ctg_4, whole genome shotgun sequence",64.4,64.4,7%,3e-07,77.50,1604106,"=HYPERLINK(""https://www.ncbi.nlm.nih.gov/nucleotide/JALZZJ010000004.1?report=genbank&log$=nucltop&blast_rank=186&RID=5W0ZEMU9016"",""JALZZJ010000004.1"")"
"Aspergillus sp. PYS2105 ctg_1, whole genome shotgun sequence",64.4,64.4,7%,3e-07,77.50,2347838,"=HYPERLINK(""https://www.ncbi.nlm.nih.gov/nucleotide/JALZZG010000001.1?report=genbank&log$=nucltop&blast_rank=187&RID=5W0ZEMU9016"",""JALZZG010000001.1"")"
"Aspergillus sp. S2103 ctg_6, whole genome shotgun sequence",64.4,64.4,7%,3e-07,77.50,1555514,"=HYPERLINK(""https://www.ncbi.nlm.nih.gov/nucleotide/JALZZF010000006.1?report=genbank&log$=nucltop&blast_rank=188&RID=5W0ZEMU9016"",""JALZZF010000006.1"")"
"Aspergillus sp. S1702 ctg_3, whole genome shotgun sequence",64.4,64.4,7%,3e-07,77.50,2508379,"=HYPERLINK(""https://www.ncbi.nlm.nih.gov/nucleotide/JALZZE010000003.1?report=genbank&log$=nucltop&blast_rank=189&RID=5W0ZEMU9016"",""JALZZE010000003.1"")"
"Aspergillus sp. F3605 ctg_19, whole genome shotgun sequence",64.4,64.4,7%,3e-07,77.50,730649,"=HYPERLINK(""https://www.ncbi.nlm.nih.gov/nucleotide/JALZZD010000019.1?report=genbank&log$=nucltop&blast_rank=190&RID=5W0ZEMU9016"",""JALZZD010000019.1"")"
"Aspergillus sp. PB4106 ctg_2, whole genome shotgun sequence",64.4,64.4,7%,3e-07,77.50,3213993,"=HYPERLINK(""https://www.ncbi.nlm.nih.gov/nucleotide/JALZZC010000002.1?report=genbank&log$=nucltop&blast_rank=191&RID=5W0ZEMU9016"",""JALZZC010000002.1"")"
"Aspergillus sp. F3604 ctg_3, whole genome shotgun sequence",64.4,64.4,7%,3e-07,77.50,1967416,"=HYPERLINK(""https://www.ncbi.nlm.nih.gov/nucleotide/JALZZB010000003.1?report=genbank&log$=nucltop&blast_rank=192&RID=5W0ZEMU9016"",""JALZZB010000003.1"")"
"Aspergillus sp. S3606 ctg_1, whole genome shotgun sequence",64.4,64.4,7%,3e-07,77.50,5110661,"=HYPERLINK(""https://www.ncbi.nlm.nih.gov/nucleotide/JALZZA010000001.1?report=genbank&log$=nucltop&blast_rank=193&RID=5W0ZEMU9016"",""JALZZA010000001.1"")"
"Aspergillus sp. S1903S ctg_8, whole genome shotgun sequence",64.4,64.4,7%,3e-07,77.50,1068837,"=HYPERLINK(""https://www.ncbi.nlm.nih.gov/nucleotide/JALZYZ010000008.1?report=genbank&log$=nucltop&blast_rank=194&RID=5W0ZEMU9016"",""JALZYZ010000008.1"")"
"Aspergillus sp. PG3606D ctg_3, whole genome shotgun sequence",64.4,64.4,7%,3e-07,77.50,3301250,"=HYPERLINK(""https://www.ncbi.nlm.nih.gov/nucleotide/JALZYY010000003.1?report=genbank&log$=nucltop&blast_rank=195&RID=5W0ZEMU9016"",""JALZYY010000003.1"")"
"Aspergillus sp. PG3608 ctg_17, whole genome shotgun sequence",64.4,64.4,7%,3e-07,77.50,735641,"=HYPERLINK(""https://www.ncbi.nlm.nih.gov/nucleotide/JALZYX010000017.1?report=genbank&log$=nucltop&blast_rank=196&RID=5W0ZEMU9016"",""JALZYX010000017.1"")"
"Aspergillus sp. PB4102 ctg_3, whole genome shotgun sequence",64.4,64.4,7%,3e-07,77.50,3211745,"=HYPERLINK(""https://www.ncbi.nlm.nih.gov/nucleotide/JALZYW010000003.1?report=genbank&log$=nucltop&blast_rank=197&RID=5W0ZEMU9016"",""JALZYW010000003.1"")"
"Aspergillus sp. S2105 ctg_4, whole genome shotgun sequence",64.4,64.4,7%,3e-07,77.50,2735648,"=HYPERLINK(""https://www.ncbi.nlm.nih.gov/nucleotide/JALZYV010000004.1?report=genbank&log$=nucltop&blast_rank=198&RID=5W0ZEMU9016"",""JALZYV010000004.1"")"
"Aspergillus sp. PG3603 ctg_1, whole genome shotgun sequence",64.4,64.4,7%,3e-07,77.50,3308263,"=HYPERLINK(""https://www.ncbi.nlm.nih.gov/nucleotide/JALZYU010000001.1?report=genbank&log$=nucltop&blast_rank=199&RID=5W0ZEMU9016"",""JALZYU010000001.1"")"
"Aspergillus sp. S2109 ctg_1, whole genome shotgun sequence",64.4,64.4,7%,3e-07,77.50,3792920,"=HYPERLINK(""https://www.ncbi.nlm.nih.gov/nucleotide/JALZYT010000001.1?report=genbank&log$=nucltop&blast_rank=200&RID=5W0ZEMU9016"",""JALZYT010000001.1"")"
"Aspergillus sp. S1905 ctg_9, whole genome shotgun sequence",64.4,64.4,7%,3e-07,77.50,1068838,"=HYPERLINK(""https://www.ncbi.nlm.nih.gov/nucleotide/JALZYS010000009.1?report=genbank&log$=nucltop&blast_rank=201&RID=5W0ZEMU9016"",""JALZYS010000009.1"")"
"Aspergillus sp. PA2101 ctg_1, whole genome shotgun sequence",64.4,64.4,7%,3e-07,77.50,3250148,"=HYPERLINK(""https://www.ncbi.nlm.nih.gov/nucleotide/JALZYR010000001.1?report=genbank&log$=nucltop&blast_rank=202&RID=5W0ZEMU9016"",""JALZYR010000001.1"")"
"Aspergillus sp. R2804 ctg_33, whole genome shotgun sequence",64.4,64.4,7%,3e-07,77.50,296751,"=HYPERLINK(""https://www.ncbi.nlm.nih.gov/nucleotide/JALZYQ010000033.1?report=genbank&log$=nucltop&blast_rank=203&RID=5W0ZEMU9016"",""JALZYQ010000033.1"")"
"Aspergillus sp. F3601 ctg_1, whole genome shotgun sequence",64.4,64.4,7%,3e-07,77.50,4545020,"=HYPERLINK(""https://www.ncbi.nlm.nih.gov/nucleotide/JALZYP010000001.1?report=genbank&log$=nucltop&blast_rank=204&RID=5W0ZEMU9016"",""JALZYP010000001.1"")"
"Aspergillus sp. PB2407 ctg_1, whole genome shotgun sequence",64.4,64.4,7%,3e-07,77.50,5188379,"=HYPERLINK(""https://www.ncbi.nlm.nih.gov/nucleotide/JALZYO010000001.1?report=genbank&log$=nucltop&blast_rank=205&RID=5W0ZEMU9016"",""JALZYO010000001.1"")"
"Aspergillus sydowii strain AS42 42_Scaffold42, whole genome shotgun sequence",64.4,64.4,7%,3e-07,77.50,132514,"=HYPERLINK(""https://www.ncbi.nlm.nih.gov/nucleotide/JAIOTW010000042.1?report=genbank&log$=nucltop&blast_rank=206&RID=5W0ZEMU9016"",""JAIOTW010000042.1"")"
"Aspergillus sydowii strain AS31 31_Scaffold25, whole genome shotgun sequence",64.4,64.4,7%,3e-07,77.50,329950,"=HYPERLINK(""https://www.ncbi.nlm.nih.gov/nucleotide/JAIOTV010000025.1?report=genbank&log$=nucltop&blast_rank=207&RID=5W0ZEMU9016"",""JAIOTV010000025.1"")"
"Aspergillus fumigatiaffinis strain CNM-CM8980 NODE_11_length_343035_cov_27.778200_pilon, whole genome shotgun sequence",64.4,64.4,10%,3e-07,72.17,343035,"=HYPERLINK(""https://www.ncbi.nlm.nih.gov/nucleotide/JAAAPY010000011.1?report=genbank&log$=nucltop&blast_rank=208&RID=5W0ZEMU9016"",""JAAAPY010000011.1"")"
"Aspergillus fumigatiaffinis strain CNM-CM6805 NODE_80_length_143356_cov_39.677891_pilon, whole genome shotgun sequence",64.4,64.4,10%,3e-07,72.17,143356,"=HYPERLINK(""https://www.ncbi.nlm.nih.gov/nucleotide/JAAAPX010000080.1?report=genbank&log$=nucltop&blast_rank=209&RID=5W0ZEMU9016"",""JAAAPX010000080.1"")"
"Aspergillus fumigatiaffinis strain CNM-CM6457 NODE_13_length_293126_cov_32.758582_pilon, whole genome shotgun sequence",64.4,64.4,10%,3e-07,72.17,293126,"=HYPERLINK(""https://www.ncbi.nlm.nih.gov/nucleotide/JAAAPW010000013.1?report=genbank&log$=nucltop&blast_rank=210&RID=5W0ZEMU9016"",""JAAAPW010000013.1"")"
"Aspergillus fumigatiaffinis strain CNM-CM5878 NODE_2_length_479995_cov_29.280346_pilon, whole genome shotgun sequence",64.4,64.4,10%,3e-07,72.17,479996,"=HYPERLINK(""https://www.ncbi.nlm.nih.gov/nucleotide/JAAAPV010000002.1?report=genbank&log$=nucltop&blast_rank=211&RID=5W0ZEMU9016"",""JAAAPV010000002.1"")"
"Talaromyces stollii strain P8401 ctg_343, whole genome shotgun sequence",63.5,63.5,7%,1e-06,76.92,1629385,"=HYPERLINK(""https://www.ncbi.nlm.nih.gov/nucleotide/JAXQHJ010000334.1?report=genbank&log$=nucltop&blast_rank=212&RID=5W0ZEMU9016"",""JAXQHJ010000334.1"")"
"Talaromyces sp. PG4302 strain PT3601 ctg_9, whole genome shotgun sequence",63.5,63.5,7%,1e-06,76.92,1529329,"=HYPERLINK(""https://www.ncbi.nlm.nih.gov/nucleotide/JAMAGT010000009.1?report=genbank&log$=nucltop&blast_rank=213&RID=5W0ZEMU9016"",""JAMAGT010000009.1"")"
"Talaromyces sp. PF30-1C strain PF30-5 ctg_9, whole genome shotgun sequence",63.5,63.5,7%,1e-06,76.92,1528857,"=HYPERLINK(""https://www.ncbi.nlm.nih.gov/nucleotide/JAMAGS010000009.1?report=genbank&log$=nucltop&blast_rank=214&RID=5W0ZEMU9016"",""JAMAGS010000009.1"")"
"Talaromyces sp. PF30-1D strain PG4302 ctg_3, whole genome shotgun sequence",63.5,63.5,7%,1e-06,76.92,1618993,"=HYPERLINK(""https://www.ncbi.nlm.nih.gov/nucleotide/JAMAGR010000003.1?report=genbank&log$=nucltop&blast_rank=215&RID=5W0ZEMU9016"",""JAMAGR010000003.1"")"
"Talaromyces sp. PF30-10 strain PF30-1C ctg_15, whole genome shotgun sequence",63.5,63.5,7%,1e-06,76.92,1186436,"=HYPERLINK(""https://www.ncbi.nlm.nih.gov/nucleotide/JAMAGQ010000015.1?report=genbank&log$=nucltop&blast_rank=216&RID=5W0ZEMU9016"",""JAMAGQ010000015.1"")"
"Talaromyces sp. PYS2902 strain PF30-1D ctg_10, whole genome shotgun sequence",63.5,63.5,7%,1e-06,76.92,1528873,"=HYPERLINK(""https://www.ncbi.nlm.nih.gov/nucleotide/JAMAGP010000010.1?report=genbank&log$=nucltop&blast_rank=217&RID=5W0ZEMU9016"",""JAMAGP010000010.1"")"
"Talaromyces sp. PX2802 strain PF30-10 ctg_11, whole genome shotgun sequence",63.5,63.5,7%,1e-06,76.92,1528867,"=HYPERLINK(""https://www.ncbi.nlm.nih.gov/nucleotide/JAMAGO010000011.1?report=genbank&log$=nucltop&blast_rank=218&RID=5W0ZEMU9016"",""JAMAGO010000011.1"")"
"Talaromyces sp. B14P1 strain PYS2902 ctg_5, whole genome shotgun sequence",63.5,63.5,7%,1e-06,76.92,1764359,"=HYPERLINK(""https://www.ncbi.nlm.nih.gov/nucleotide/JAMAGN010000005.1?report=genbank&log$=nucltop&blast_rank=219&RID=5W0ZEMU9016"",""JAMAGN010000005.1"")"
"Talaromyces sp. PX1902 strain PX2802 ctg_1, whole genome shotgun sequence",63.5,63.5,7%,1e-06,76.92,1768710,"=HYPERLINK(""https://www.ncbi.nlm.nih.gov/nucleotide/JAMAGM010000001.1?report=genbank&log$=nucltop&blast_rank=220&RID=5W0ZEMU9016"",""JAMAGM010000001.1"")"
"Talaromyces stollii strain CLY-6 NODE_2, whole genome shotgun sequence",63.5,63.5,7%,1e-06,76.92,1255970,"=HYPERLINK(""https://www.ncbi.nlm.nih.gov/nucleotide/JACCLC010000126.1?report=genbank&log$=nucltop&blast_rank=221&RID=5W0ZEMU9016"",""JACCLC010000126.1"")"
"Aspergillus nidulans strain 5mAN CM5298 c00021_NODE_21.., whole genome shotgun sequence",62.6,62.6,7%,1e-06,75.28,503425,"=HYPERLINK(""https://www.ncbi.nlm.nih.gov/nucleotide/JAPDKT010000021.1?report=genbank&log$=nucltop&blast_rank=222&RID=5W0ZEMU9016"",""JAPDKT010000021.1"")"
"Aspergillus nidulans strain R2309 ctg_12, whole genome shotgun sequence",62.6,62.6,7%,1e-06,75.28,581544,"=HYPERLINK(""https://www.ncbi.nlm.nih.gov/nucleotide/JAMFML010000012.1?report=genbank&log$=nucltop&blast_rank=223&RID=5W0ZEMU9016"",""JAMFML010000012.1"")"
"Aspergillus nidulans strain MO80069 Contig_14, whole genome shotgun sequence",62.6,62.6,7%,1e-06,75.28,2800031,"=HYPERLINK(""https://www.ncbi.nlm.nih.gov/nucleotide/JAAFYM010000014.1?report=genbank&log$=nucltop&blast_rank=224&RID=5W0ZEMU9016"",""JAAFYM010000014.1"")"
"Aspergillus nidulans strain SP-2605-48 Contig_40, whole genome shotgun sequence",62.6,62.6,7%,1e-06,75.28,4766021,"=HYPERLINK(""https://www.ncbi.nlm.nih.gov/nucleotide/JAAFYL010000040.1?report=genbank&log$=nucltop&blast_rank=225&RID=5W0ZEMU9016"",""JAAFYL010000040.1"")"
"Aspergillus nidulans strain SP-2605-48 Contig_34, whole genome shotgun sequence",62.6,62.6,7%,1e-06,75.28,414878,"=HYPERLINK(""https://www.ncbi.nlm.nih.gov/nucleotide/JAAFYL010000034.1?report=genbank&log$=nucltop&blast_rank=226&RID=5W0ZEMU9016"",""JAAFYL010000034.1"")"
"Aspergillus nidulans FGSC A4 chromosome II ANcontig1.141, whole genome shotgun sequence",62.6,62.6,7%,1e-06,75.28,203328,"=HYPERLINK(""https://www.ncbi.nlm.nih.gov/nuccore/AACD01000141"",""AACD01000141.1"")"



		


